#
# TABLE STRUCTURE FOR: category
#

SET FOREIGN_KEY_CHECKS=0;

DROP TABLE IF EXISTS `category`;

CREATE TABLE `category` (
  `id` mediumint(8) unsigned NOT NULL AUTO_INCREMENT,
  `name` varchar(100) COLLATE utf8mb4_unicode_ci DEFAULT NULL,
  `code` varchar(10) COLLATE utf8mb4_unicode_ci DEFAULT NULL,
  `status` tinyint(4) DEFAULT NULL,
  `description` varchar(255) COLLATE utf8mb4_unicode_ci DEFAULT NULL,
  PRIMARY KEY (`id`),
  UNIQUE KEY `code` (`code`)
) ENGINE=InnoDB AUTO_INCREMENT=101 DEFAULT CHARSET=utf8mb4 COLLATE=utf8mb4_unicode_ci;

INSERT INTO `category` (`id`, `name`, `code`, `status`, `description`) VALUES (1, 'ullam', 'vbhx', 4, 'Et aut quia ipsam dolorum. Sunt qui doloremque aut nulla qui. Voluptas ad labore recusandae ab odio non error saepe.');
INSERT INTO `category` (`id`, `name`, `code`, `status`, `description`) VALUES (2, 'expedita', 'cpds', 2, 'Officia sit dolore totam exercitationem ratione voluptas provident. Sit incidunt sunt eligendi at quo vero. Officiis eum et quas. Voluptas qui sit quia dolorem exercitationem non.');
INSERT INTO `category` (`id`, `name`, `code`, `status`, `description`) VALUES (3, 'sit', 'ljgm', 4, 'Culpa aliquam adipisci vel delectus. Aliquid eaque similique eius rerum adipisci voluptates. Ad quo voluptatem qui nemo sed perspiciatis laudantium eos. Laborum est eos voluptates et dignissimos.');
INSERT INTO `category` (`id`, `name`, `code`, `status`, `description`) VALUES (4, 'a', 'fdzs', 8, 'Voluptatem doloremque consequuntur et velit et. Nemo ipsum natus est ad. Dolores consequatur voluptatibus dolorum voluptatem. Nobis quia nulla voluptate rerum atque.');
INSERT INTO `category` (`id`, `name`, `code`, `status`, `description`) VALUES (5, 'assumenda', 'rppq', 4, 'Repellat perferendis ut dolores pariatur. Iusto repellat officiis vitae dolorum. Molestiae et alias sed et qui sit.');
INSERT INTO `category` (`id`, `name`, `code`, `status`, `description`) VALUES (6, 'vitae', 'frbx', 6, 'Est dolor a non expedita ea et. Qui possimus eaque ut quis accusantium consequatur voluptas debitis. Natus saepe voluptas dicta eos provident totam. Ut et iusto architecto inventore excepturi recusandae.');
INSERT INTO `category` (`id`, `name`, `code`, `status`, `description`) VALUES (7, 'nihil', 'rdta', 3, 'Cupiditate quo officiis molestiae ut ex. Nulla culpa eos repellat a magni dolorum velit. Ducimus harum aut ut quia ipsa. Laudantium esse aut facere non iste aut.');
INSERT INTO `category` (`id`, `name`, `code`, `status`, `description`) VALUES (8, 'quasi', 'onja', 9, 'Enim sed incidunt ut voluptatem sunt consequuntur. Id animi perferendis magni minima delectus est dicta. Corporis debitis ratione temporibus perferendis. Perspiciatis nesciunt iure ipsam ea ipsam inventore aut. Repellendus asperiores amet nihil nulla.');
INSERT INTO `category` (`id`, `name`, `code`, `status`, `description`) VALUES (9, 'ipsam', 'pxdt', 4, 'Autem vitae quia omnis mollitia. Reprehenderit impedit est aut adipisci quia blanditiis. Molestias omnis ea maxime quos iure voluptatem natus pariatur.');
INSERT INTO `category` (`id`, `name`, `code`, `status`, `description`) VALUES (10, 'omnis', 'ayem', 7, 'Ea ipsa ratione eos ducimus corrupti error. Aut molestias sint laudantium commodi quis ut et. Non quia soluta animi ipsum consequatur totam repudiandae.');
INSERT INTO `category` (`id`, `name`, `code`, `status`, `description`) VALUES (11, 'est', 'yajt', 7, 'Atque enim minima temporibus eos. Atque quidem velit nam sit. Omnis tempore nulla consequatur et id. Est voluptas eos eius qui iste.');
INSERT INTO `category` (`id`, `name`, `code`, `status`, `description`) VALUES (12, 'reprehenderit', 'pzxn', 2, 'Eveniet quia suscipit nihil dolor saepe facere. Incidunt dolorum quaerat corporis ullam. Quod expedita eius accusantium. Harum et vel vitae optio vel explicabo.');
INSERT INTO `category` (`id`, `name`, `code`, `status`, `description`) VALUES (13, 'labore', 'vphj', 7, 'Et non consequatur magnam explicabo ab exercitationem quas. Magni magnam est sapiente blanditiis iusto repellendus et. Dolor dolorem est sed consequuntur facilis aliquam.');
INSERT INTO `category` (`id`, `name`, `code`, `status`, `description`) VALUES (14, 'et', 'lyum', 3, 'Quia quia commodi laborum. Molestias dignissimos aut voluptate et laborum optio. Repellendus eius quidem a quis ut necessitatibus nostrum maxime. Aut eum perferendis voluptate rerum velit ut ut.');
INSERT INTO `category` (`id`, `name`, `code`, `status`, `description`) VALUES (15, 'eum', 'aiku', 0, 'Non qui et dolorem cumque sapiente suscipit optio. Inventore magnam aut blanditiis fugiat illo maxime voluptates.');
INSERT INTO `category` (`id`, `name`, `code`, `status`, `description`) VALUES (16, 'omnis', 'aadz', 1, 'Rerum nihil amet sequi excepturi voluptates corrupti provident consequuntur. Similique facilis repudiandae sed labore fugiat porro. Et consequatur nisi incidunt et non. Ullam porro sed commodi rerum ex nihil quibusdam et.');
INSERT INTO `category` (`id`, `name`, `code`, `status`, `description`) VALUES (17, 'quia', 'bkfp', 6, 'Sint omnis quis ea quibusdam non quibusdam. Reiciendis eum esse corrupti ipsa voluptatem odio provident. Dolor et quos quidem corrupti doloribus qui.');
INSERT INTO `category` (`id`, `name`, `code`, `status`, `description`) VALUES (18, 'odio', 'kmbr', 7, 'Minima neque ut est expedita. Neque in voluptates ut consectetur animi natus omnis. Est non provident ut vel aut. Suscipit officiis ut qui ipsa temporibus maiores placeat recusandae.');
INSERT INTO `category` (`id`, `name`, `code`, `status`, `description`) VALUES (19, 'rerum', 'xpch', 3, 'Voluptatum quaerat voluptate dolores quia commodi doloribus repellat. Possimus eum maxime aut aperiam tempora. Nihil aut labore repudiandae quia animi voluptas necessitatibus. Et vero cupiditate odit magnam iste ratione.');
INSERT INTO `category` (`id`, `name`, `code`, `status`, `description`) VALUES (20, 'quae', 'hfhs', 7, 'Enim suscipit fugit nam reprehenderit et. Debitis sit et ipsam in doloremque nisi. Qui sequi necessitatibus sed commodi at quaerat.');
INSERT INTO `category` (`id`, `name`, `code`, `status`, `description`) VALUES (21, 'veniam', 'egxx', 8, 'Dolores dolor dicta culpa quae. Quaerat officia autem tempora libero. Numquam architecto ut dolore assumenda facilis aut cumque est. At cumque rerum quis corporis consequatur. Quia similique tempora voluptas modi veniam aliquam tenetur est.');
INSERT INTO `category` (`id`, `name`, `code`, `status`, `description`) VALUES (22, 'quod', 'xiqj', 2, 'Nihil voluptatum pariatur placeat. Aut itaque quaerat aut quidem dolorem.');
INSERT INTO `category` (`id`, `name`, `code`, `status`, `description`) VALUES (23, 'et', 'xwer', 3, 'Eaque modi adipisci qui quo numquam iure error et. Qui distinctio saepe id quisquam. Sed autem illum sed unde praesentium qui reprehenderit.');
INSERT INTO `category` (`id`, `name`, `code`, `status`, `description`) VALUES (24, 'porro', 'xzjy', 8, 'Veritatis omnis libero voluptatibus omnis. Iure dignissimos repudiandae omnis quasi. Repellat placeat eos veritatis reprehenderit.');
INSERT INTO `category` (`id`, `name`, `code`, `status`, `description`) VALUES (25, 'dolor', 'oxjy', 9, 'Expedita assumenda accusantium est laboriosam labore adipisci ullam. Quis eaque odit error sed. Inventore ipsam tempora sit quisquam quia voluptas soluta.');
INSERT INTO `category` (`id`, `name`, `code`, `status`, `description`) VALUES (26, 'est', 'oxxq', 2, 'Sit et illo sit aliquid pariatur culpa. Ut nulla sequi nostrum facilis.');
INSERT INTO `category` (`id`, `name`, `code`, `status`, `description`) VALUES (27, 'eos', 'wxev', 8, 'Itaque provident dolor consequatur omnis ut nisi. Et ipsam soluta delectus totam. Eum dolor dolorem adipisci eos. Ducimus occaecati quam id.');
INSERT INTO `category` (`id`, `name`, `code`, `status`, `description`) VALUES (28, 'quod', 'yabq', 5, 'Quidem omnis ut autem eligendi ad necessitatibus impedit ea. Impedit cum est vel dolores. Tempore omnis praesentium est ipsam.');
INSERT INTO `category` (`id`, `name`, `code`, `status`, `description`) VALUES (29, 'et', 'ykqe', 3, 'Quis dolor qui eum consequuntur consequatur voluptas. Esse sequi corrupti ex consectetur voluptatem nesciunt. Architecto asperiores sint necessitatibus nulla.');
INSERT INTO `category` (`id`, `name`, `code`, `status`, `description`) VALUES (30, 'sit', 'rlqg', 6, 'Sit necessitatibus et sunt aut eius sunt. Nulla nihil doloremque accusantium modi nihil. Alias alias quo qui harum id reiciendis reprehenderit.');
INSERT INTO `category` (`id`, `name`, `code`, `status`, `description`) VALUES (31, 'incidunt', 'zqpp', 1, 'Cupiditate veritatis iure excepturi similique rerum tempore. Magnam ut veritatis totam nemo et saepe. Quisquam harum nihil dolorem similique perspiciatis ea ea.');
INSERT INTO `category` (`id`, `name`, `code`, `status`, `description`) VALUES (32, 'omnis', 'idju', 1, 'Enim ipsam dolores impedit voluptatem quod provident. Qui delectus ullam occaecati voluptate voluptatum ex et. Sed autem animi qui iusto voluptas ut.');
INSERT INTO `category` (`id`, `name`, `code`, `status`, `description`) VALUES (33, 'hic', 'wfsq', 1, 'Debitis ab repudiandae voluptate veniam corrupti earum sint. Incidunt amet commodi aut sit corrupti omnis. Quis doloremque ea provident quam veniam. In sint et et fuga deleniti.');
INSERT INTO `category` (`id`, `name`, `code`, `status`, `description`) VALUES (34, 'ducimus', 'cqkv', 1, 'Sit temporibus exercitationem provident. Sint quisquam pariatur voluptas fugit necessitatibus. Quae tenetur deserunt quos tenetur repellendus libero qui. Necessitatibus aut illum quam cum error dolore omnis laudantium.');
INSERT INTO `category` (`id`, `name`, `code`, `status`, `description`) VALUES (35, 'quod', 'hwbx', 6, 'Autem qui maxime officiis culpa et. Doloribus laboriosam dolorem provident. Ullam blanditiis voluptatibus est aut eius provident ut.');
INSERT INTO `category` (`id`, `name`, `code`, `status`, `description`) VALUES (36, 'et', 'mnpw', 0, 'Consequatur enim voluptate totam quaerat aut. Labore sit aut qui et. At minus libero non magni vel cupiditate voluptas.');
INSERT INTO `category` (`id`, `name`, `code`, `status`, `description`) VALUES (37, 'voluptate', 'qiik', 5, 'Et natus ad a qui quam. Commodi nihil commodi aliquid. Quisquam fugit nostrum repellendus temporibus odio.');
INSERT INTO `category` (`id`, `name`, `code`, `status`, `description`) VALUES (38, 'consectetur', 'ayob', 7, 'Ab et illum dolor mollitia quas. Harum id iusto officiis eveniet. Nisi hic magnam adipisci odit qui ratione beatae quis. Est dolores recusandae deleniti voluptas.');
INSERT INTO `category` (`id`, `name`, `code`, `status`, `description`) VALUES (39, 'praesentium', 'gmef', 3, 'Repudiandae quo rerum vitae. Repellat aliquid sint aliquam. Dolores amet sunt et et soluta vitae ut temporibus. Architecto harum aut consequatur sint quod.');
INSERT INTO `category` (`id`, `name`, `code`, `status`, `description`) VALUES (40, 'earum', 'mmxo', 9, 'Cumque consectetur est illum. Unde nisi magni adipisci a ex molestias sequi. Qui sunt in voluptas voluptatem et.');
INSERT INTO `category` (`id`, `name`, `code`, `status`, `description`) VALUES (41, 'ut', 'vyha', 6, 'Sint occaecati tenetur illo exercitationem magnam mollitia. Dolor inventore inventore a et praesentium facilis. Dolores aut aut at illo. Quas ut officia veritatis repellat itaque. Vel dolorum temporibus est.');
INSERT INTO `category` (`id`, `name`, `code`, `status`, `description`) VALUES (42, 'qui', 'xlao', 8, 'Reiciendis deserunt excepturi velit. Unde maiores sapiente tempora enim dolore voluptas. Unde id dolores voluptatem excepturi.');
INSERT INTO `category` (`id`, `name`, `code`, `status`, `description`) VALUES (43, 'necessitatibus', 'vozw', 6, 'Quas et autem maiores ratione tenetur. Tempora qui occaecati minus fuga quam debitis. Magnam enim blanditiis quo quam eos necessitatibus. Incidunt nemo commodi vitae et consequatur rerum.');
INSERT INTO `category` (`id`, `name`, `code`, `status`, `description`) VALUES (44, 'iusto', 'ixij', 1, 'Ut reiciendis modi dolores hic quisquam voluptatem. Quidem nam id dolor perferendis iusto. Assumenda ab voluptas quam accusantium laudantium quis. Iusto eum voluptatem mollitia est.');
INSERT INTO `category` (`id`, `name`, `code`, `status`, `description`) VALUES (45, 'ad', 'fbjl', 4, 'Esse adipisci harum ut autem et quo excepturi. Tempora cupiditate at explicabo dicta enim ad maxime. Tenetur aut eveniet tenetur atque pariatur rerum laboriosam.');
INSERT INTO `category` (`id`, `name`, `code`, `status`, `description`) VALUES (46, 'cumque', 'ncxs', 6, 'Et asperiores nulla qui impedit. Molestiae et accusamus libero et qui quidem. Ut quia delectus commodi et itaque rerum. Reprehenderit voluptas sint voluptatem voluptatem recusandae accusantium error.');
INSERT INTO `category` (`id`, `name`, `code`, `status`, `description`) VALUES (47, 'tenetur', 'trnh', 5, 'Quia quo natus qui hic quia. Sit sequi dignissimos possimus illo commodi. Quisquam quasi quia vel maxime. Quisquam modi maiores aut.');
INSERT INTO `category` (`id`, `name`, `code`, `status`, `description`) VALUES (48, 'ut', 'ynpe', 3, 'Et esse natus qui. Adipisci sit et distinctio ut. Voluptates a quia placeat reprehenderit at cupiditate modi.');
INSERT INTO `category` (`id`, `name`, `code`, `status`, `description`) VALUES (49, 'repudiandae', 'ptae', 1, 'Dicta aut nihil provident et quia consequatur optio. Vitae perferendis voluptas porro. Repellendus voluptatem id id culpa est amet aliquid.');
INSERT INTO `category` (`id`, `name`, `code`, `status`, `description`) VALUES (50, 'et', 'ktzg', 2, 'Occaecati quia voluptates non accusamus consequatur qui. Repellat pariatur repudiandae omnis ut esse quibusdam tempore. Aut fugiat blanditiis iusto quia sit pariatur. Pariatur beatae in repellat optio ipsum est perspiciatis.');
INSERT INTO `category` (`id`, `name`, `code`, `status`, `description`) VALUES (51, 'sint', 'dbad', 1, 'Et libero laboriosam eligendi consequatur libero. Aliquam fugiat iste saepe ea cupiditate laborum. Fugiat laudantium maxime dolorem fugiat eaque. Aut est ducimus omnis fuga.');
INSERT INTO `category` (`id`, `name`, `code`, `status`, `description`) VALUES (52, 'nostrum', 'njwy', 7, 'Minima architecto explicabo est minima consequuntur deleniti. Quibusdam distinctio aperiam similique rerum. Debitis qui expedita debitis velit magnam. Sapiente eaque dolorem commodi labore facilis odit.');
INSERT INTO `category` (`id`, `name`, `code`, `status`, `description`) VALUES (53, 'repellendus', 'maif', 4, 'Voluptatem repudiandae cumque perspiciatis consequuntur eligendi non et dolorem. Fugiat necessitatibus quis eum. Est reprehenderit at perferendis mollitia unde quam ut non.');
INSERT INTO `category` (`id`, `name`, `code`, `status`, `description`) VALUES (54, 'omnis', 'wugb', 0, 'Quibusdam rerum adipisci sunt quidem quis itaque. Autem explicabo harum corporis illum debitis ut doloribus. Reiciendis quisquam totam temporibus.');
INSERT INTO `category` (`id`, `name`, `code`, `status`, `description`) VALUES (55, 'explicabo', 'llsx', 0, 'Cupiditate adipisci ut tempore aut deserunt nemo. Iure mollitia ab ducimus et est. Vel voluptatem nostrum et animi. Et rerum autem illum adipisci dolores quos dolor.');
INSERT INTO `category` (`id`, `name`, `code`, `status`, `description`) VALUES (56, 'sed', 'psrk', 8, 'Sed qui non id eos perferendis reiciendis voluptatum. Blanditiis amet et omnis. Qui repudiandae aliquam distinctio error.');
INSERT INTO `category` (`id`, `name`, `code`, `status`, `description`) VALUES (57, 'dolor', 'nlnc', 9, 'Doloremque non voluptatibus et cum atque molestias officia sint. Dolorum ratione sit expedita aliquam necessitatibus. Voluptate voluptate non quia mollitia assumenda sunt.');
INSERT INTO `category` (`id`, `name`, `code`, `status`, `description`) VALUES (58, 'quae', 'eywv', 7, 'Beatae optio voluptate ab amet quasi. Aliquid eius quae amet perferendis aut repellat. Et expedita at minus facilis rerum adipisci sit. Consequuntur aspernatur iusto animi molestias.');
INSERT INTO `category` (`id`, `name`, `code`, `status`, `description`) VALUES (59, 'tempore', 'tptz', 1, 'Aut sed cupiditate voluptate illo. Mollitia dolores sed consequatur. In labore cum quas dolore et asperiores.');
INSERT INTO `category` (`id`, `name`, `code`, `status`, `description`) VALUES (60, 'quis', 'uexu', 9, 'Impedit ut dolore sed quidem recusandae occaecati. Aliquam perferendis sapiente dolores voluptas inventore aut. Sit cupiditate debitis quia explicabo aliquam laboriosam. Voluptates sed fugiat quia debitis ipsam molestias corrupti.');
INSERT INTO `category` (`id`, `name`, `code`, `status`, `description`) VALUES (61, 'sit', 'cybk', 3, 'Voluptatem magnam voluptas nobis libero non. Adipisci similique a maxime adipisci. Voluptas id voluptatem molestias non fugiat rerum. A occaecati aut quae sed et.');
INSERT INTO `category` (`id`, `name`, `code`, `status`, `description`) VALUES (62, 'quaerat', 'frck', 9, 'Ad magnam quae deleniti cupiditate hic temporibus nemo omnis. Consectetur ullam fugiat dolor repellat magnam dolorem sed. Nihil officiis error dignissimos. Sapiente ipsam expedita blanditiis repellat excepturi quia molestiae officiis.');
INSERT INTO `category` (`id`, `name`, `code`, `status`, `description`) VALUES (63, 'dolorum', 'ftej', 4, 'Aspernatur consequatur quos ducimus id voluptatibus. Quibusdam doloribus eveniet vero ullam. Sit est nesciunt sunt quia nam.');
INSERT INTO `category` (`id`, `name`, `code`, `status`, `description`) VALUES (64, 'quibusdam', 'vqfe', 5, 'Consequatur reiciendis beatae assumenda quasi voluptas. Laudantium ut autem quis. Voluptatum beatae quia eos. Labore nobis suscipit ullam culpa molestiae facilis laboriosam. Vel sit assumenda autem maiores.');
INSERT INTO `category` (`id`, `name`, `code`, `status`, `description`) VALUES (65, 'deserunt', 'pszn', 6, 'Modi rem et itaque. Omnis commodi ducimus corrupti dignissimos laborum corporis debitis animi. Est maxime eum eaque ea.');
INSERT INTO `category` (`id`, `name`, `code`, `status`, `description`) VALUES (66, 'rem', 'ucoz', 4, 'Recusandae nam cum quos quidem cum ad. Laboriosam blanditiis harum ullam. Ipsum qui officiis tempora autem vero dolores. Sed ipsum ipsam recusandae ipsum quas.');
INSERT INTO `category` (`id`, `name`, `code`, `status`, `description`) VALUES (67, 'nam', 'cpit', 1, 'Quas non sapiente quae. Praesentium impedit laboriosam qui consequuntur sunt incidunt magni. Temporibus debitis velit voluptatum quia eum aut.');
INSERT INTO `category` (`id`, `name`, `code`, `status`, `description`) VALUES (68, 'quibusdam', 'lsbq', 7, 'Et ab molestiae qui repellat magnam. Nulla et deserunt amet. Fugit assumenda earum corrupti fugiat iste.');
INSERT INTO `category` (`id`, `name`, `code`, `status`, `description`) VALUES (69, 'consectetur', 'unyg', 7, 'Nulla cumque facilis delectus nisi. Perferendis cum sint rerum rem. Atque quia eveniet a non expedita pariatur accusantium.');
INSERT INTO `category` (`id`, `name`, `code`, `status`, `description`) VALUES (70, 'sit', 'ovom', 7, 'Autem qui est excepturi sed ut unde. Repudiandae cum et alias voluptatem et consequatur.');
INSERT INTO `category` (`id`, `name`, `code`, `status`, `description`) VALUES (71, 'et', 'cymy', 3, 'Laudantium error dolores quo dolor nostrum numquam est. Architecto perferendis facere aut. Accusantium pariatur voluptate at sit laudantium.');
INSERT INTO `category` (`id`, `name`, `code`, `status`, `description`) VALUES (72, 'quo', 'kyxi', 7, 'Deserunt quidem est eos eos aut quibusdam. Ut est autem laborum. Qui eos unde sit qui ut et facilis. Et ullam et temporibus.');
INSERT INTO `category` (`id`, `name`, `code`, `status`, `description`) VALUES (73, 'omnis', 'satt', 4, 'Reprehenderit sit quae fuga. Blanditiis quisquam at vitae doloribus quis voluptatem debitis. Minus odit et fugit repudiandae ut ea reiciendis. Distinctio natus alias aut fuga ea totam.');
INSERT INTO `category` (`id`, `name`, `code`, `status`, `description`) VALUES (74, 'adipisci', 'droq', 2, 'Debitis quia repellendus est est voluptas illum tempore. Voluptas enim sint dicta ad error rerum.');
INSERT INTO `category` (`id`, `name`, `code`, `status`, `description`) VALUES (75, 'dolore', 'fert', 4, 'Deserunt tempora animi nam dolor officiis ea. Rerum consequatur accusamus dolor enim cum. Modi odit aut repellat repudiandae corrupti dolorem voluptatem. In aspernatur vel et quo harum.');
INSERT INTO `category` (`id`, `name`, `code`, `status`, `description`) VALUES (76, 'qui', 'ehis', 4, 'Consequatur facilis sapiente quo incidunt quis iste. Odit expedita eaque minima iure a totam qui numquam. Et sit atque animi libero debitis. Perspiciatis natus qui quos voluptatem.');
INSERT INTO `category` (`id`, `name`, `code`, `status`, `description`) VALUES (77, 'molestias', 'xcdf', 1, 'Perferendis deserunt assumenda eos voluptas voluptatum eveniet at. Eos aut voluptates in exercitationem perspiciatis error. Tempore quidem nesciunt sit aut dicta in. Similique et quibusdam nulla.');
INSERT INTO `category` (`id`, `name`, `code`, `status`, `description`) VALUES (78, 'quia', 'rvba', 4, 'A quia perferendis qui architecto voluptatem. Recusandae voluptatem ullam exercitationem. Enim alias corporis possimus non error ducimus.');
INSERT INTO `category` (`id`, `name`, `code`, `status`, `description`) VALUES (79, 'quas', 'bxgh', 4, 'Ut cumque modi dolor sed dolore. Porro reprehenderit a perferendis quis. Quia necessitatibus error voluptatum praesentium reprehenderit. Incidunt inventore rerum commodi quo quidem quam similique voluptates. Odit enim aut et rerum aliquam perferendis.');
INSERT INTO `category` (`id`, `name`, `code`, `status`, `description`) VALUES (80, 'architecto', 'pyfg', 6, 'Qui provident voluptatem numquam sit nesciunt. Sed repudiandae ullam perspiciatis saepe molestias rerum occaecati eos.');
INSERT INTO `category` (`id`, `name`, `code`, `status`, `description`) VALUES (81, 'non', 'djir', 4, 'Ipsum labore ipsa recusandae qui est veritatis animi. Quaerat veritatis facere voluptatem iste incidunt tenetur officia.');
INSERT INTO `category` (`id`, `name`, `code`, `status`, `description`) VALUES (82, 'possimus', 'sfqa', 8, 'Incidunt doloribus enim iste dolores voluptatibus. Magni saepe excepturi officia. Dolorem architecto occaecati cupiditate ut.');
INSERT INTO `category` (`id`, `name`, `code`, `status`, `description`) VALUES (83, 'possimus', 'kecl', 2, 'Provident et nulla distinctio et. Laborum dolorum enim iusto minima nemo aut.');
INSERT INTO `category` (`id`, `name`, `code`, `status`, `description`) VALUES (84, 'ut', 'tbyq', 8, 'Et sed beatae facilis. In officiis quia aut voluptas expedita nemo qui. Quod expedita porro hic harum dolor quia. Et dolore sed velit maiores quam. Quas qui soluta ab dolorem.');
INSERT INTO `category` (`id`, `name`, `code`, `status`, `description`) VALUES (85, 'quia', 'gdqv', 7, 'Autem tempora suscipit id magni. Odit voluptas maiores ab id ab corrupti et.');
INSERT INTO `category` (`id`, `name`, `code`, `status`, `description`) VALUES (86, 'similique', 'rbod', 3, 'Repudiandae totam modi magni aut ipsam quibusdam quo qui. Ipsum reprehenderit non porro omnis dignissimos. Numquam nam dolorum aut sunt in. Incidunt assumenda eveniet nobis magnam repudiandae eaque.');
INSERT INTO `category` (`id`, `name`, `code`, `status`, `description`) VALUES (87, 'incidunt', 'ifjw', 8, 'Perferendis ducimus exercitationem quisquam natus tempore recusandae sunt. Modi ea sit consequatur et non iusto. Praesentium numquam ut expedita laudantium quasi. Nam sit saepe vero velit sit dolorem. Eos optio aspernatur necessitatibus tenetur delectus.');
INSERT INTO `category` (`id`, `name`, `code`, `status`, `description`) VALUES (88, 'sed', 'ejhx', 8, 'Rerum ea esse eos quia autem dolores. Esse earum aperiam dolor repudiandae exercitationem alias. Eveniet ut sed vitae totam.');
INSERT INTO `category` (`id`, `name`, `code`, `status`, `description`) VALUES (89, 'et', 'efil', 1, 'Illo qui ipsa esse non. Culpa qui tempora et quos rerum impedit in. Neque nihil voluptatem eius accusamus doloribus repellendus. Veritatis ut sed unde rem consequatur.');
INSERT INTO `category` (`id`, `name`, `code`, `status`, `description`) VALUES (90, 'magni', 'gxkl', 0, 'Ab voluptatem enim dolorum ut. Recusandae quod explicabo id sit. Architecto quidem pariatur ut. Voluptas harum consequatur inventore ipsum nesciunt. Consectetur eos corrupti unde facere sed autem aperiam.');
INSERT INTO `category` (`id`, `name`, `code`, `status`, `description`) VALUES (91, 'quis', 'czxy', 7, 'Dolorum iure rerum minus voluptates ex enim. Ab magnam sapiente eaque numquam. Quas mollitia libero neque eaque sunt iure rerum.');
INSERT INTO `category` (`id`, `name`, `code`, `status`, `description`) VALUES (92, 'iure', 'tyhl', 9, 'Eius deserunt expedita voluptate optio occaecati repellat officia. Consequatur sunt illo est est saepe blanditiis consectetur nemo. Doloribus maiores mollitia mollitia ut earum animi et. Amet optio blanditiis omnis eos unde.');
INSERT INTO `category` (`id`, `name`, `code`, `status`, `description`) VALUES (93, 'sint', 'zxan', 3, 'Soluta ullam ad similique sapiente sit ut. Repellendus nam omnis harum assumenda aut. Rerum eligendi non amet quidem.');
INSERT INTO `category` (`id`, `name`, `code`, `status`, `description`) VALUES (94, 'ullam', 'igns', 1, 'Magnam rerum sint ut quis alias repudiandae ut. Ea quia omnis voluptate autem accusamus. Voluptatem autem ut reprehenderit blanditiis eaque adipisci atque.');
INSERT INTO `category` (`id`, `name`, `code`, `status`, `description`) VALUES (95, 'voluptatem', 'grgp', 0, 'Quis quas voluptatem expedita quae. Nisi vel fugit quaerat tempore voluptatibus nostrum. Harum non veniam porro repellendus quaerat. Qui et eum ipsa aut neque est dicta.');
INSERT INTO `category` (`id`, `name`, `code`, `status`, `description`) VALUES (96, 'eaque', 'tbwa', 1, 'Id alias sunt veniam nemo beatae hic. Est voluptatem reiciendis ut quis aliquid et soluta. Odio at ut ratione eius ipsa consequuntur debitis culpa. Unde sit est odit enim doloremque excepturi temporibus.');
INSERT INTO `category` (`id`, `name`, `code`, `status`, `description`) VALUES (97, 'id', 'laai', 5, 'Autem quam et aperiam nesciunt et modi. Reprehenderit est minus nihil similique eveniet id aut.');
INSERT INTO `category` (`id`, `name`, `code`, `status`, `description`) VALUES (98, 'quas', 'bies', 7, 'Inventore est nulla provident et eos quos aut. Minima quam aperiam perferendis eveniet. Et voluptas perspiciatis ipsa sint perspiciatis omnis laborum ipsam. Numquam quis delectus ut voluptatibus qui quidem distinctio. Rerum ea mollitia tenetur voluptatem ');
INSERT INTO `category` (`id`, `name`, `code`, `status`, `description`) VALUES (99, 'non', 'jzqp', 7, 'Voluptatem voluptatem non quas maxime unde nihil consequatur. Neque id rem nihil doloremque tenetur. Tempora suscipit hic non ex.');
INSERT INTO `category` (`id`, `name`, `code`, `status`, `description`) VALUES (100, 'recusandae', 'gjln', 4, 'Ut dolores eos dolore quidem similique et eos ab. Delectus perspiciatis nesciunt aliquam dolorem exercitationem debitis.');


#
# TABLE STRUCTURE FOR: district
#

DROP TABLE IF EXISTS `district`;

CREATE TABLE `district` (
  `id` mediumint(8) unsigned NOT NULL AUTO_INCREMENT,
  `code` varchar(10) COLLATE utf8mb4_unicode_ci DEFAULT NULL,
  `name` varchar(100) COLLATE utf8mb4_unicode_ci DEFAULT NULL,
  PRIMARY KEY (`id`),
  UNIQUE KEY `code` (`code`)
) ENGINE=InnoDB AUTO_INCREMENT=21 DEFAULT CHARSET=utf8mb4 COLLATE=utf8mb4_unicode_ci;

INSERT INTO `district` (`id`, `code`, `name`) VALUES (1, 'akzx', 'qui');
INSERT INTO `district` (`id`, `code`, `name`) VALUES (2, 'xetg', 'hic');
INSERT INTO `district` (`id`, `code`, `name`) VALUES (3, 'olee', 'porro');
INSERT INTO `district` (`id`, `code`, `name`) VALUES (4, 'vtix', 'inventore');
INSERT INTO `district` (`id`, `code`, `name`) VALUES (5, 'tfus', 'nisi');
INSERT INTO `district` (`id`, `code`, `name`) VALUES (6, 'pvfa', 'corrupti');
INSERT INTO `district` (`id`, `code`, `name`) VALUES (7, 'hwvk', 'magnam');
INSERT INTO `district` (`id`, `code`, `name`) VALUES (8, 'hufb', 'alias');
INSERT INTO `district` (`id`, `code`, `name`) VALUES (9, 'imxu', 'soluta');
INSERT INTO `district` (`id`, `code`, `name`) VALUES (10, 'knod', 'veritatis');
INSERT INTO `district` (`id`, `code`, `name`) VALUES (11, 'oarp', 'id');
INSERT INTO `district` (`id`, `code`, `name`) VALUES (12, 'wrcy', 'nisi');
INSERT INTO `district` (`id`, `code`, `name`) VALUES (13, 'wevr', 'nemo');
INSERT INTO `district` (`id`, `code`, `name`) VALUES (14, 'daeg', 'nesciunt');
INSERT INTO `district` (`id`, `code`, `name`) VALUES (15, 'xeyr', 'tempore');
INSERT INTO `district` (`id`, `code`, `name`) VALUES (16, 'fmme', 'necessitatibus');
INSERT INTO `district` (`id`, `code`, `name`) VALUES (17, 'yzks', 'distinctio');
INSERT INTO `district` (`id`, `code`, `name`) VALUES (18, 'ahyf', 'magni');
INSERT INTO `district` (`id`, `code`, `name`) VALUES (19, 'qvdd', 'ut');
INSERT INTO `district` (`id`, `code`, `name`) VALUES (20, 'jcfn', 'placeat');


#
# TABLE STRUCTURE FOR: product
#

DROP TABLE IF EXISTS `product`;

CREATE TABLE `product` (
  `id` mediumint(8) unsigned NOT NULL AUTO_INCREMENT,
  `name` varchar(100) COLLATE utf8mb4_unicode_ci DEFAULT NULL,
  `price` float DEFAULT NULL,
  `sku` varchar(20) COLLATE utf8mb4_unicode_ci DEFAULT NULL,
  `status` tinyint(4) DEFAULT NULL,
  `description` varchar(255) COLLATE utf8mb4_unicode_ci DEFAULT NULL,
  `category_id` mediumint(8) unsigned DEFAULT NULL,
  PRIMARY KEY (`id`),
  UNIQUE KEY `sku` (`sku`),
  KEY `category_id` (`category_id`),
  CONSTRAINT `product_ibfk_1` FOREIGN KEY (`category_id`) REFERENCES `category` (`id`)
) ENGINE=InnoDB AUTO_INCREMENT=1001 DEFAULT CHARSET=utf8mb4 COLLATE=utf8mb4_unicode_ci;

INSERT INTO `product` (`id`, `name`, `price`, `sku`, `status`, `description`, `category_id`) VALUES (1, 'voluptates', '13.906', 'wzhs', 7, 'Quis aut sint laboriosam perspiciatis animi quisquam voluptatem. Quia non et consequatur aut. Laborum eaque molestiae id et labore.', 1);
INSERT INTO `product` (`id`, `name`, `price`, `sku`, `status`, `description`, `category_id`) VALUES (2, 'voluptatem', '268.433', 'gvya', 2, 'Nihil veritatis explicabo dolorem. Necessitatibus expedita quasi et quo et est est. Hic voluptatem ex et. Accusamus facere aliquid dolorum unde odit. Et tempora porro est qui.', 2);
INSERT INTO `product` (`id`, `name`, `price`, `sku`, `status`, `description`, `category_id`) VALUES (3, 'voluptatem', '47.6', 'dslg', 4, 'Voluptatum et eligendi placeat quos voluptatum. Eveniet fugiat reiciendis iusto rerum dignissimos. Sunt deserunt sint non. Aliquid ipsam recusandae neque ullam nesciunt vero a ex.', 3);
INSERT INTO `product` (`id`, `name`, `price`, `sku`, `status`, `description`, `category_id`) VALUES (4, 'in', '6353.52', 'klfx', 0, 'Non ipsum facere quisquam sed. Dolorum dolores saepe quia. Quae odit iure illo non.', 4);
INSERT INTO `product` (`id`, `name`, `price`, `sku`, `status`, `description`, `category_id`) VALUES (5, 'aut', '7598.9', 'dnsy', 0, 'Aliquam hic sed commodi. Magni recusandae fugiat voluptates excepturi ipsam. Voluptas laboriosam eos accusamus ullam temporibus.', 5);
INSERT INTO `product` (`id`, `name`, `price`, `sku`, `status`, `description`, `category_id`) VALUES (6, 'aut', '1601710', 'wxam', 7, 'Deserunt nisi iure laborum ex numquam ut provident quod. Laborum expedita vero quia quod alias eius optio molestiae. Qui et placeat placeat quis aut. Id sed veniam at laboriosam a et.', 6);
INSERT INTO `product` (`id`, `name`, `price`, `sku`, `status`, `description`, `category_id`) VALUES (7, 'enim', '17905.1', 'kdss', 6, 'Aut omnis earum maiores voluptas possimus qui ab. Iste sunt possimus et sapiente repellendus accusantium. Sit quia omnis ut doloremque qui dolorum.', 7);
INSERT INTO `product` (`id`, `name`, `price`, `sku`, `status`, `description`, `category_id`) VALUES (8, 'dolor', '7416.91', 'vaab', 2, 'Qui officiis quisquam sunt deserunt. Vitae hic et aspernatur corrupti tenetur. Voluptatem itaque odit dolorum delectus earum eligendi. Sunt ut consectetur nobis illum.', 8);
INSERT INTO `product` (`id`, `name`, `price`, `sku`, `status`, `description`, `category_id`) VALUES (9, 'est', '303.072', 'nrpn', 3, 'Provident dolorum id veniam veritatis sunt. Ipsa unde autem reiciendis adipisci debitis dolor. Distinctio cumque similique tempore.', 9);
INSERT INTO `product` (`id`, `name`, `price`, `sku`, `status`, `description`, `category_id`) VALUES (10, 'est', '0.674229', 'vasp', 0, 'Quibusdam officia et accusantium est deserunt. Deserunt maiores perferendis animi asperiores. Possimus adipisci ea libero incidunt. Architecto aut aliquid expedita et. Est atque enim laborum.', 10);
INSERT INTO `product` (`id`, `name`, `price`, `sku`, `status`, `description`, `category_id`) VALUES (11, 'esse', '2.74752', 'gdsu', 4, 'Commodi id adipisci sed quis. Aut sit quasi et eius laudantium quos doloremque. Sit quae aut repellendus reiciendis ab sit eos. Rerum modi est necessitatibus sequi qui magni.', 11);
INSERT INTO `product` (`id`, `name`, `price`, `sku`, `status`, `description`, `category_id`) VALUES (12, 'nihil', '0', 'kahw', 1, 'Repellendus ad aspernatur deserunt animi deleniti. Quo earum ut itaque deserunt. Ut quod fuga temporibus et rerum et.', 12);
INSERT INTO `product` (`id`, `name`, `price`, `sku`, `status`, `description`, `category_id`) VALUES (13, 'voluptas', '4343.82', 'mhep', 8, 'Harum vitae ut fugit molestiae ducimus. Nihil officiis maiores quam earum ea dignissimos itaque. Eum cupiditate consectetur autem vel dolorem occaecati blanditiis. Accusamus odio debitis sapiente assumenda.', 13);
INSERT INTO `product` (`id`, `name`, `price`, `sku`, `status`, `description`, `category_id`) VALUES (14, 'quidem', '411248', 'qfph', 0, 'Et ipsa doloribus aliquam et perferendis facere. Commodi et temporibus quo quam. Et est exercitationem est excepturi doloribus.', 14);
INSERT INTO `product` (`id`, `name`, `price`, `sku`, `status`, `description`, `category_id`) VALUES (15, 'dolorum', '229.473', 'jqhq', 7, 'Ut facere et id illo accusantium libero quo. Autem sunt cupiditate ut. Voluptatem sunt ut voluptatibus asperiores eveniet explicabo sed.', 15);
INSERT INTO `product` (`id`, `name`, `price`, `sku`, `status`, `description`, `category_id`) VALUES (16, 'aut', '399.073', 'afgk', 2, 'Modi nihil quia consequuntur blanditiis. Eos sit alias magni deleniti ea. Nostrum occaecati similique et voluptatum molestias distinctio. Sint ut voluptatem voluptas quos. Officia quis doloribus quam nihil sed necessitatibus tempora.', 16);
INSERT INTO `product` (`id`, `name`, `price`, `sku`, `status`, `description`, `category_id`) VALUES (17, 'ut', '60732', 'gtnv', 6, 'Explicabo est maxime ullam doloremque labore. Aut consequatur laudantium tenetur. Quibusdam rerum in voluptatibus neque et necessitatibus.', 17);
INSERT INTO `product` (`id`, `name`, `price`, `sku`, `status`, `description`, `category_id`) VALUES (18, 'corrupti', '399567', 'xdmm', 3, 'Harum dicta quia cum autem. Cupiditate sed ut labore fuga. A quia necessitatibus voluptatem est mollitia sint nobis. Qui consectetur dolores laudantium omnis. Ut modi possimus nostrum.', 18);
INSERT INTO `product` (`id`, `name`, `price`, `sku`, `status`, `description`, `category_id`) VALUES (19, 'repellat', '44959', 'abds', 2, 'Ex dolorem eum maxime similique enim. Quia quia omnis ab ut temporibus itaque.', 19);
INSERT INTO `product` (`id`, `name`, `price`, `sku`, `status`, `description`, `category_id`) VALUES (20, 'numquam', '71', 'pflc', 6, 'Fuga at consectetur similique. Nulla nulla distinctio nisi occaecati. Sint reiciendis aperiam qui recusandae.', 20);
INSERT INTO `product` (`id`, `name`, `price`, `sku`, `status`, `description`, `category_id`) VALUES (21, 'quasi', '12564', 'yynu', 2, 'Et suscipit nemo repellendus aliquam quo dolor dolor. Et dignissimos alias natus minima exercitationem. Eveniet sit fugit ut soluta reiciendis accusantium magnam recusandae. Repellendus eligendi quidem voluptatem modi.', 21);
INSERT INTO `product` (`id`, `name`, `price`, `sku`, `status`, `description`, `category_id`) VALUES (22, 'ipsum', '6.92872', 'mfki', 7, 'At odio ut et fugit. Error assumenda voluptatem et est. Possimus voluptatem suscipit omnis aut. Cupiditate sit doloribus perspiciatis voluptas quam ullam eius.', 22);
INSERT INTO `product` (`id`, `name`, `price`, `sku`, `status`, `description`, `category_id`) VALUES (23, 'suscipit', '4.98', 'scrr', 1, 'Ut fugiat exercitationem excepturi mollitia reprehenderit dolorem. Culpa esse cumque quis voluptas molestiae. Velit illo et repudiandae sit aut alias esse. Voluptate quod reprehenderit eos pariatur.', 23);
INSERT INTO `product` (`id`, `name`, `price`, `sku`, `status`, `description`, `category_id`) VALUES (24, 'modi', '5646.87', 'esdx', 0, 'Doloremque consequatur et et deleniti. Exercitationem ut minima nobis eius. Quasi consequatur nobis quidem tempore sed consequatur ut. Esse deserunt illum sunt at iure.', 24);
INSERT INTO `product` (`id`, `name`, `price`, `sku`, `status`, `description`, `category_id`) VALUES (25, 'qui', '107845', 'rhnz', 2, 'Molestiae ab asperiores eaque nulla qui a. Qui aut eveniet blanditiis voluptate rerum aspernatur. Reiciendis reprehenderit labore eum aut harum.', 25);
INSERT INTO `product` (`id`, `name`, `price`, `sku`, `status`, `description`, `category_id`) VALUES (26, 'unde', '33514.5', 'yluc', 5, 'Voluptatem aut laborum repellat eius. Fugit enim repellendus autem nulla. Aut autem corporis accusantium quasi aut incidunt quo. Iure sed error id facere aperiam.', 26);
INSERT INTO `product` (`id`, `name`, `price`, `sku`, `status`, `description`, `category_id`) VALUES (27, 'eligendi', '264569', 'ctoa', 9, 'Dolorem voluptas quia reiciendis aperiam aut. Ex suscipit hic eos. Ipsum fugiat ea amet pariatur consequatur enim. Quos id minus ab deserunt rerum.', 27);
INSERT INTO `product` (`id`, `name`, `price`, `sku`, `status`, `description`, `category_id`) VALUES (28, 'et', '382.503', 'jbas', 6, 'Natus non error facere quas cupiditate deleniti saepe dolorem. Blanditiis dolore perspiciatis qui et. Sit aut minima nulla sunt eaque pariatur et sunt. Dolorem suscipit consequatur quaerat atque esse enim atque.', 28);
INSERT INTO `product` (`id`, `name`, `price`, `sku`, `status`, `description`, `category_id`) VALUES (29, 'dignissimos', '0', 'nqpz', 9, 'Repellendus aliquam enim voluptatibus molestias. Ducimus est ducimus id recusandae est quia. Sed doloremque vel sapiente suscipit rerum deleniti.', 29);
INSERT INTO `product` (`id`, `name`, `price`, `sku`, `status`, `description`, `category_id`) VALUES (30, 'dicta', '143618000', 'flcy', 8, 'Dolor error repellendus voluptatem soluta ex sit. Ratione tempora voluptatem minima rerum. Pariatur nihil modi quod aut. Maxime reprehenderit sint qui. Illo sit distinctio quasi quia.', 30);
INSERT INTO `product` (`id`, `name`, `price`, `sku`, `status`, `description`, `category_id`) VALUES (31, 'sit', '20960.8', 'jiug', 1, 'Voluptatem exercitationem in pariatur ut et. Officiis non ut et sunt tempora. Aut voluptas necessitatibus porro officia delectus quasi ea. Ut ad est et quia suscipit.', 31);
INSERT INTO `product` (`id`, `name`, `price`, `sku`, `status`, `description`, `category_id`) VALUES (32, 'architecto', '2373.55', 'oymw', 3, 'Sit enim est necessitatibus. Voluptate ipsam in incidunt odit quae nam nesciunt perferendis. Iste labore tempora ea maxime officiis ut quas. Qui qui est unde autem consequatur debitis quia repellat.', 32);
INSERT INTO `product` (`id`, `name`, `price`, `sku`, `status`, `description`, `category_id`) VALUES (33, 'molestias', '6.2861', 'ynlh', 2, 'Sed dolorum alias et dolore est voluptatem. Qui nobis sed sit beatae perspiciatis. Quae corporis repellat exercitationem repudiandae maiores. Maxime quia voluptas laudantium dolorum quia veniam quasi.', 33);
INSERT INTO `product` (`id`, `name`, `price`, `sku`, `status`, `description`, `category_id`) VALUES (34, 'delectus', '238522000', 'spsu', 1, 'Possimus voluptas qui modi officia aut. Impedit et ex sed tenetur iure consequuntur pariatur. Cum assumenda voluptatum quas magnam qui sequi id qui. In consequuntur ipsum sapiente omnis omnis velit harum et.', 34);
INSERT INTO `product` (`id`, `name`, `price`, `sku`, `status`, `description`, `category_id`) VALUES (35, 'dolor', '207.68', 'jkbo', 8, 'Magnam fuga nulla vitae ducimus molestiae quibusdam. Magni sequi repellendus magni vitae. Odit voluptatum sint tempora et quia. Porro voluptate enim architecto dolores aut quo eius.', 35);
INSERT INTO `product` (`id`, `name`, `price`, `sku`, `status`, `description`, `category_id`) VALUES (36, 'unde', '14689.2', 'wlbb', 0, 'Placeat voluptatem molestiae qui ullam voluptatem. Dicta expedita veritatis deleniti et laborum sint vel. Velit explicabo ad blanditiis accusamus natus aliquam. Cumque aut magni quas maxime expedita nulla.', 36);
INSERT INTO `product` (`id`, `name`, `price`, `sku`, `status`, `description`, `category_id`) VALUES (37, 'nesciunt', '2990.62', 'wwgl', 4, 'Esse eos voluptas odit ea perspiciatis quaerat suscipit. Perferendis cupiditate nisi occaecati tempore ea. Molestiae culpa expedita excepturi repellendus doloribus dolores qui. Porro harum similique ipsum voluptas incidunt qui.', 37);
INSERT INTO `product` (`id`, `name`, `price`, `sku`, `status`, `description`, `category_id`) VALUES (38, 'neque', '2646.67', 'byqo', 8, 'Et et temporibus id aut dignissimos. Illum quasi et vel impedit. Pariatur eligendi aut ullam consequuntur magni. Iusto voluptatum odio et sit.', 38);
INSERT INTO `product` (`id`, `name`, `price`, `sku`, `status`, `description`, `category_id`) VALUES (39, 'illo', '0', 'zeqc', 3, 'Dolorem laboriosam beatae at quasi. Reprehenderit iusto rerum doloremque ut. Temporibus corrupti eos atque.', 39);
INSERT INTO `product` (`id`, `name`, `price`, `sku`, `status`, `description`, `category_id`) VALUES (40, 'accusantium', '8195920', 'tlol', 7, 'Reprehenderit aut reiciendis provident debitis reiciendis vel id deserunt. Eveniet sapiente quaerat est. Fugit magnam consequatur dolorem qui minus. Et consequatur veniam quam.', 40);
INSERT INTO `product` (`id`, `name`, `price`, `sku`, `status`, `description`, `category_id`) VALUES (41, 'in', '98715', 'eugb', 6, 'Blanditiis velit iusto et eveniet libero. Est nulla deserunt recusandae delectus esse at.', 41);
INSERT INTO `product` (`id`, `name`, `price`, `sku`, `status`, `description`, `category_id`) VALUES (42, 'veniam', '24', 'vtnk', 6, 'Temporibus eveniet facilis tempore architecto harum temporibus. Non aut et magni officiis aperiam magnam. Omnis nesciunt quod ut ad quia.', 42);
INSERT INTO `product` (`id`, `name`, `price`, `sku`, `status`, `description`, `category_id`) VALUES (43, 'impedit', '72.3841', 'sitt', 3, 'Minus enim rerum est omnis explicabo. Ipsa deleniti non quibusdam repudiandae voluptatem nobis ut. Consequuntur distinctio magni consequuntur natus eaque quisquam sunt ut.', 43);
INSERT INTO `product` (`id`, `name`, `price`, `sku`, `status`, `description`, `category_id`) VALUES (44, 'impedit', '553.228', 'zaws', 0, 'Asperiores consequatur qui sed quidem eos. Consequuntur adipisci dolorem voluptas eos qui. Et est quia nesciunt voluptas aut voluptatum repudiandae. At rem beatae autem quasi incidunt.', 44);
INSERT INTO `product` (`id`, `name`, `price`, `sku`, `status`, `description`, `category_id`) VALUES (45, 'quisquam', '1018.2', 'uewi', 6, 'Quasi est impedit vitae eveniet voluptas. Odit enim consequatur assumenda totam dolorem qui voluptatibus.', 45);
INSERT INTO `product` (`id`, `name`, `price`, `sku`, `status`, `description`, `category_id`) VALUES (46, 'et', '0', 'cxdn', 3, 'Ipsam expedita qui id nesciunt iusto aut. Hic quis voluptatem veritatis provident. Totam qui nisi quia voluptas.', 46);
INSERT INTO `product` (`id`, `name`, `price`, `sku`, `status`, `description`, `category_id`) VALUES (47, 'vero', '3.91608', 'xcnd', 0, 'Quisquam necessitatibus atque sed rerum perspiciatis vitae voluptatum. Nobis quo tenetur beatae voluptatibus.', 47);
INSERT INTO `product` (`id`, `name`, `price`, `sku`, `status`, `description`, `category_id`) VALUES (48, 'veritatis', '462.7', 'evlp', 3, 'Veniam sunt temporibus quaerat rerum quas. Sit autem similique nemo dolore magni optio delectus. Quia natus excepturi quasi doloribus officiis ut facilis. Quod nihil dicta qui ipsum.', 48);
INSERT INTO `product` (`id`, `name`, `price`, `sku`, `status`, `description`, `category_id`) VALUES (49, 'vel', '38025500', 'lknm', 8, 'Soluta minima minima voluptate rem sed eos facere quod. Eaque dignissimos odit odio ab qui.', 49);
INSERT INTO `product` (`id`, `name`, `price`, `sku`, `status`, `description`, `category_id`) VALUES (50, 'quas', '812', 'sviq', 1, 'Perspiciatis delectus quia deserunt ipsam asperiores. Possimus autem vel quod eveniet. Soluta expedita quas rerum ea veritatis. Laboriosam et aut quae molestias voluptates impedit aut molestiae.', 50);
INSERT INTO `product` (`id`, `name`, `price`, `sku`, `status`, `description`, `category_id`) VALUES (51, 'non', '4634900', 'hjre', 2, 'Quos rerum maxime totam et. Libero odio delectus aut molestiae expedita rerum dolor quidem. Modi cupiditate eligendi optio aut harum. Est dolor necessitatibus saepe asperiores nesciunt libero similique asperiores.', 51);
INSERT INTO `product` (`id`, `name`, `price`, `sku`, `status`, `description`, `category_id`) VALUES (52, 'nesciunt', '584281000', 'skiu', 6, 'A et quam rerum qui consequatur. Hic aperiam dolorem cum odit. Fugiat iure voluptatem iure vel ipsum laudantium fugit optio. Suscipit numquam inventore voluptatem iure dolores dignissimos dicta quia.', 52);
INSERT INTO `product` (`id`, `name`, `price`, `sku`, `status`, `description`, `category_id`) VALUES (53, 'possimus', '247.686', 'xhdc', 6, 'Quod iste dicta pariatur blanditiis occaecati non suscipit. Libero tenetur atque voluptate et.', 53);
INSERT INTO `product` (`id`, `name`, `price`, `sku`, `status`, `description`, `category_id`) VALUES (54, 'in', '1045.63', 'mhli', 8, 'Autem nulla aliquam optio et. Aperiam dolore vitae sed eum quasi. Quam soluta a repellendus rem assumenda accusantium.', 54);
INSERT INTO `product` (`id`, `name`, `price`, `sku`, `status`, `description`, `category_id`) VALUES (55, 'laborum', '8458720', 'bjsp', 9, 'Possimus modi ut aut laudantium ducimus. Ex enim ut aut sapiente. Sit voluptas laboriosam delectus rem quibusdam.', 55);
INSERT INTO `product` (`id`, `name`, `price`, `sku`, `status`, `description`, `category_id`) VALUES (56, 'mollitia', '212425', 'tdvn', 0, 'Pariatur doloribus pariatur eum. Atque ad quia id repellat et. Ipsam sed adipisci laborum illum repellendus amet amet veniam. Impedit quia ex aut rerum ut.', 56);
INSERT INTO `product` (`id`, `name`, `price`, `sku`, `status`, `description`, `category_id`) VALUES (57, 'soluta', '213', 'bqdl', 1, 'Voluptas id beatae dolores. Ipsum animi qui ut ad temporibus minus provident. Et dicta facere a nam at.', 57);
INSERT INTO `product` (`id`, `name`, `price`, `sku`, `status`, `description`, `category_id`) VALUES (58, 'aut', '0.66', 'vrbx', 8, 'Fugit blanditiis quisquam magni numquam fuga assumenda. Sed fugit minima excepturi maiores.', 58);
INSERT INTO `product` (`id`, `name`, `price`, `sku`, `status`, `description`, `category_id`) VALUES (59, 'nobis', '192003', 'qonc', 1, 'Mollitia sint aut officiis explicabo. Quo est dolores neque nam reiciendis itaque.', 59);
INSERT INTO `product` (`id`, `name`, `price`, `sku`, `status`, `description`, `category_id`) VALUES (60, 'amet', '1.45', 'zurr', 8, 'Maxime ut molestiae mollitia excepturi similique similique. Ab sunt quaerat ad numquam maiores voluptatibus magni. Libero laboriosam laboriosam excepturi quod.', 60);
INSERT INTO `product` (`id`, `name`, `price`, `sku`, `status`, `description`, `category_id`) VALUES (61, 'nulla', '21304', 'joxy', 1, 'Sit labore autem molestiae omnis consequuntur quos aut ex. Rerum laborum ut qui voluptatem architecto magni. Nihil ut atque esse quis.', 61);
INSERT INTO `product` (`id`, `name`, `price`, `sku`, `status`, `description`, `category_id`) VALUES (62, 'architecto', '88.4286', 'qilu', 0, 'Aliquam eos harum odio libero. Eos harum nihil et est eius libero. Molestiae quia qui omnis.', 62);
INSERT INTO `product` (`id`, `name`, `price`, `sku`, `status`, `description`, `category_id`) VALUES (63, 'possimus', '13679', 'dsmy', 0, 'Odit incidunt modi quibusdam alias. Cumque repellat ullam labore architecto. Et commodi expedita mollitia in ea minus mollitia.', 63);
INSERT INTO `product` (`id`, `name`, `price`, `sku`, `status`, `description`, `category_id`) VALUES (64, 'unde', '56283100', 'balm', 7, 'Animi ipsam doloremque facere voluptate voluptatem. Ipsum ducimus fugiat enim necessitatibus. Animi sit molestiae aut qui.', 64);
INSERT INTO `product` (`id`, `name`, `price`, `sku`, `status`, `description`, `category_id`) VALUES (65, 'aut', '57251.9', 'mptp', 9, 'Quae accusantium rem soluta fuga voluptatum debitis molestias. Facere praesentium placeat recusandae sequi. Nisi tenetur recusandae nam. Nemo deleniti commodi aliquam quia itaque rerum aut. Deserunt amet tempora dolor ratione.', 65);
INSERT INTO `product` (`id`, `name`, `price`, `sku`, `status`, `description`, `category_id`) VALUES (66, 'molestiae', '35.96', 'kzfd', 9, 'Eligendi dolorem sapiente ea rerum. Tenetur at consequuntur molestias animi repudiandae est. Dolores necessitatibus ut incidunt numquam sed et. Ipsa quaerat id officiis consequatur.', 66);
INSERT INTO `product` (`id`, `name`, `price`, `sku`, `status`, `description`, `category_id`) VALUES (67, 'occaecati', '3032310', 'rjqe', 9, 'A repellat error iusto facilis reiciendis occaecati. Veritatis nam et aut est dicta at ut. Tempore quis provident mollitia sunt dolorem voluptas repudiandae.', 67);
INSERT INTO `product` (`id`, `name`, `price`, `sku`, `status`, `description`, `category_id`) VALUES (68, 'esse', '4.9', 'fafv', 0, 'Blanditiis a iusto officia porro molestiae odio. A quam ipsum illum quam rem nesciunt quod. Est assumenda porro aperiam unde non est exercitationem. Inventore dolores asperiores vel nulla sapiente eius perspiciatis nemo.', 68);
INSERT INTO `product` (`id`, `name`, `price`, `sku`, `status`, `description`, `category_id`) VALUES (69, 'odit', '0', 'fvhc', 0, 'Labore quisquam non voluptatum voluptatem dolores itaque. Est id et voluptatem architecto. Et ex officia quos accusamus ullam. Occaecati quo sit soluta aut deserunt quia quia.', 69);
INSERT INTO `product` (`id`, `name`, `price`, `sku`, `status`, `description`, `category_id`) VALUES (70, 'quia', '67474900', 'caae', 1, 'Doloribus eaque quae animi vitae. Dolorum voluptas excepturi culpa excepturi. Vitae assumenda qui nobis numquam ratione. Tempore perferendis esse id. Et perferendis praesentium rem perferendis eos doloremque omnis itaque.', 70);
INSERT INTO `product` (`id`, `name`, `price`, `sku`, `status`, `description`, `category_id`) VALUES (71, 'qui', '570.91', 'ckdn', 0, 'Inventore fugit placeat necessitatibus quaerat. Similique adipisci praesentium ad. Dignissimos quis modi dolorem.', 71);
INSERT INTO `product` (`id`, `name`, `price`, `sku`, `status`, `description`, `category_id`) VALUES (72, 'ut', '184698', 'xszs', 7, 'Quae id consequatur non facere corporis nostrum nostrum at. Repudiandae voluptas exercitationem necessitatibus tempora repellendus et. Non rerum aspernatur iure omnis.', 72);
INSERT INTO `product` (`id`, `name`, `price`, `sku`, `status`, `description`, `category_id`) VALUES (73, 'optio', '8', 'leis', 8, 'Sequi voluptatem sint officia. Et autem fugit sit sed. Libero dolores sint occaecati dolorem ipsam. Nihil libero explicabo reiciendis saepe blanditiis.', 73);
INSERT INTO `product` (`id`, `name`, `price`, `sku`, `status`, `description`, `category_id`) VALUES (74, 'aut', '3126600', 'iale', 8, 'Atque molestiae consequatur qui fuga iusto. Et aliquam modi sunt aperiam eum. Tempore sequi in non ab vel nihil alias.', 74);
INSERT INTO `product` (`id`, `name`, `price`, `sku`, `status`, `description`, `category_id`) VALUES (75, 'et', '298734000', 'jrzd', 7, 'Et ab nesciunt a. Soluta voluptas totam ullam sed dolore iste asperiores. Nisi ut vel aut neque qui.', 75);
INSERT INTO `product` (`id`, `name`, `price`, `sku`, `status`, `description`, `category_id`) VALUES (76, 'earum', '0', 'vmqs', 0, 'Magnam illo vel in accusamus dolorem. Illum quasi neque error sunt ut. Sunt enim praesentium accusamus animi enim harum quasi voluptatem.', 76);
INSERT INTO `product` (`id`, `name`, `price`, `sku`, `status`, `description`, `category_id`) VALUES (77, 'amet', '1295970', 'vctx', 1, 'Rem fugiat assumenda incidunt ducimus natus. Dolore atque totam eligendi. Vel et ipsam doloribus rem nemo. Excepturi quo accusantium iure recusandae nisi ad qui.', 77);
INSERT INTO `product` (`id`, `name`, `price`, `sku`, `status`, `description`, `category_id`) VALUES (78, 'aut', '3', 'dmpi', 9, 'Cumque voluptatem et enim consequatur ipsa vero at. Debitis quidem sit sunt dolorum occaecati ut est voluptas. Dolorum consequatur rerum enim aut autem dolores nihil fugiat.', 78);
INSERT INTO `product` (`id`, `name`, `price`, `sku`, `status`, `description`, `category_id`) VALUES (79, 'quo', '189455000', 'tqhb', 6, 'Vel reiciendis quis neque odio nostrum dignissimos molestiae. Consequatur ullam deserunt placeat rerum qui quia. Odit et aut exercitationem.', 79);
INSERT INTO `product` (`id`, `name`, `price`, `sku`, `status`, `description`, `category_id`) VALUES (80, 'sit', '113', 'gpod', 9, 'Distinctio qui aut rerum corporis distinctio incidunt. Dolorum reprehenderit dolor cumque fugiat deserunt nesciunt. Sunt dolores voluptas blanditiis dolorum iusto ipsum est. Voluptatum corrupti nihil nemo asperiores voluptatem sed voluptas.', 80);
INSERT INTO `product` (`id`, `name`, `price`, `sku`, `status`, `description`, `category_id`) VALUES (81, 'eos', '252434', 'ldkf', 8, 'Incidunt qui animi ad. Voluptatibus consectetur labore et sit minus quasi ut delectus. Mollitia quod voluptate enim perspiciatis. Repudiandae quod eum sed sint est dolores. Omnis nulla nam in sit est magni.', 81);
INSERT INTO `product` (`id`, `name`, `price`, `sku`, `status`, `description`, `category_id`) VALUES (82, 'beatae', '596.09', 'blgs', 2, 'Provident voluptate quo distinctio autem. Laborum voluptatem nihil aliquam ullam occaecati ex tempore. Blanditiis soluta magni facilis dolore corporis.', 82);
INSERT INTO `product` (`id`, `name`, `price`, `sku`, `status`, `description`, `category_id`) VALUES (83, 'ab', '0', 'zsgq', 4, 'Inventore dolorem quae nobis consequatur. Necessitatibus sint laudantium corporis consequatur aliquam repellat quos. Ut ex similique quam. Distinctio alias voluptas error nemo quis adipisci saepe.', 83);
INSERT INTO `product` (`id`, `name`, `price`, `sku`, `status`, `description`, `category_id`) VALUES (84, 'nam', '0', 'fjfg', 7, 'Dolorum aspernatur voluptas nulla et error repellat maiores. Et magnam nemo cumque qui qui reiciendis quisquam. Quia et sunt fugiat architecto vel esse eaque.', 84);
INSERT INTO `product` (`id`, `name`, `price`, `sku`, `status`, `description`, `category_id`) VALUES (85, 'enim', '189268000', 'jcua', 6, 'Quam quae assumenda recusandae vitae iusto qui sit reprehenderit. Soluta eligendi et voluptatem non illum quasi tenetur. Quo unde voluptate reiciendis est. Eum inventore beatae sed soluta omnis enim officiis.', 85);
INSERT INTO `product` (`id`, `name`, `price`, `sku`, `status`, `description`, `category_id`) VALUES (86, 'magnam', '120697', 'lzrk', 4, 'Voluptate nesciunt laudantium aut itaque. Rerum aut praesentium ea dolor. Consequatur voluptas omnis qui voluptas eius explicabo. Est qui modi maxime neque nulla cumque eius.', 86);
INSERT INTO `product` (`id`, `name`, `price`, `sku`, `status`, `description`, `category_id`) VALUES (87, 'et', '69658500', 'bpzh', 4, 'Perspiciatis itaque vel quia quod natus. Error eius nulla quo dolor ea hic. Maiores consequatur voluptas maiores impedit consequuntur sed accusantium. Quod est in consequatur qui labore et est.', 87);
INSERT INTO `product` (`id`, `name`, `price`, `sku`, `status`, `description`, `category_id`) VALUES (88, 'et', '51.5659', 'zdfn', 9, 'Possimus reprehenderit eligendi possimus sint dignissimos cum omnis. Culpa sed nemo non eos. Est blanditiis nostrum nam ex placeat. Mollitia ut ducimus eaque eos.', 88);
INSERT INTO `product` (`id`, `name`, `price`, `sku`, `status`, `description`, `category_id`) VALUES (89, 'fuga', '1.084', 'ggpl', 0, 'Velit et quos officiis nihil sapiente vitae. Temporibus iusto vero fuga natus. Nostrum voluptatem cumque quo dicta nisi enim iste.', 89);
INSERT INTO `product` (`id`, `name`, `price`, `sku`, `status`, `description`, `category_id`) VALUES (90, 'qui', '419.954', 'qpxn', 2, 'Itaque impedit quis itaque eaque quibusdam illum magnam minus. Sed quia excepturi numquam qui aut distinctio cumque. Quos culpa placeat et doloribus.', 90);
INSERT INTO `product` (`id`, `name`, `price`, `sku`, `status`, `description`, `category_id`) VALUES (91, 'aut', '76.1053', 'hgye', 1, 'Ipsum placeat perspiciatis facere doloribus veritatis vero. Provident est dignissimos officiis.', 91);
INSERT INTO `product` (`id`, `name`, `price`, `sku`, `status`, `description`, `category_id`) VALUES (92, 'porro', '990856', 'snpt', 9, 'Voluptatum consequatur velit ut natus enim aperiam voluptatibus. Magni iure cupiditate adipisci quibusdam pariatur provident. Ullam earum recusandae iure neque quia mollitia vel. Perferendis quo debitis veniam ullam aut.', 92);
INSERT INTO `product` (`id`, `name`, `price`, `sku`, `status`, `description`, `category_id`) VALUES (93, 'quasi', '2104330', 'zyul', 8, 'Perferendis ut omnis nemo. Architecto iure minus facere sunt quis architecto ea. Deserunt quia voluptatibus aut voluptas amet.', 93);
INSERT INTO `product` (`id`, `name`, `price`, `sku`, `status`, `description`, `category_id`) VALUES (94, 'quasi', '3291.94', 'turc', 4, 'Ipsa consequatur facere repudiandae. Magni expedita cupiditate eos aut.', 94);
INSERT INTO `product` (`id`, `name`, `price`, `sku`, `status`, `description`, `category_id`) VALUES (95, 'molestias', '0', 'jlex', 7, 'Corporis quo qui reiciendis rerum et molestiae vitae. Excepturi voluptates ab ex aut rerum commodi. Voluptatibus veniam temporibus a neque assumenda voluptas. Maiores quas excepturi quod eos.', 95);
INSERT INTO `product` (`id`, `name`, `price`, `sku`, `status`, `description`, `category_id`) VALUES (96, 'quis', '1030630', 'mtty', 3, 'Unde molestiae ipsam sunt omnis ipsam. Dignissimos labore molestiae ut est eaque. Consequatur voluptatem corrupti aperiam quia accusantium dolorum.', 96);
INSERT INTO `product` (`id`, `name`, `price`, `sku`, `status`, `description`, `category_id`) VALUES (97, 'sed', '417535000', 'qaao', 7, 'Et excepturi doloremque ipsa voluptatibus et nisi quas. Qui aut quis voluptas omnis deserunt. Quis natus distinctio saepe.', 97);
INSERT INTO `product` (`id`, `name`, `price`, `sku`, `status`, `description`, `category_id`) VALUES (98, 'ut', '326726000', 'uhir', 6, 'Commodi laborum similique temporibus sit earum atque alias odio. Quos ea vitae iusto totam hic et ipsum.', 98);
INSERT INTO `product` (`id`, `name`, `price`, `sku`, `status`, `description`, `category_id`) VALUES (99, 'dolores', '399982000', 'tsig', 8, 'Sequi omnis necessitatibus qui porro. Voluptatem sit hic quis aperiam. Exercitationem modi est id. Aliquam minus voluptatem reiciendis vitae modi beatae. Quisquam in consequatur animi voluptatem et sed est.', 99);
INSERT INTO `product` (`id`, `name`, `price`, `sku`, `status`, `description`, `category_id`) VALUES (100, 'aut', '0', 'zjww', 8, 'Eos exercitationem voluptate consequatur autem voluptatem fuga. Non qui nihil impedit neque error rerum. Debitis tenetur fugit non.', 100);
INSERT INTO `product` (`id`, `name`, `price`, `sku`, `status`, `description`, `category_id`) VALUES (101, 'sit', '34920.8', 'dtah', 7, 'Sit quia aut minima. Est non unde amet tempora nam. Libero quis est et sequi. Dolor qui tempore eum.', 1);
INSERT INTO `product` (`id`, `name`, `price`, `sku`, `status`, `description`, `category_id`) VALUES (102, 'ut', '5.85349', 'nleh', 4, 'Assumenda odio reprehenderit non occaecati velit officia et. Et enim quis sed assumenda unde soluta. Expedita rerum quo mollitia autem voluptas soluta et odit. Laboriosam numquam esse id quia molestiae et.', 2);
INSERT INTO `product` (`id`, `name`, `price`, `sku`, `status`, `description`, `category_id`) VALUES (103, 'commodi', '0', 'bved', 8, 'Aperiam ratione facilis molestiae enim. Aperiam exercitationem quis quis molestias tenetur at. Quaerat aut ut culpa maiores qui voluptatibus. Distinctio enim voluptatem blanditiis occaecati hic in asperiores.', 3);
INSERT INTO `product` (`id`, `name`, `price`, `sku`, `status`, `description`, `category_id`) VALUES (104, 'cupiditate', '366', 'foko', 1, 'Est eaque nostrum rem. Est consequatur voluptates quam et et recusandae. Placeat sapiente ab aliquam sed. Minima ad quibusdam nostrum est consequatur repellat tempore.', 4);
INSERT INTO `product` (`id`, `name`, `price`, `sku`, `status`, `description`, `category_id`) VALUES (105, 'sed', '4.2', 'ivgn', 3, 'Quae illo vero laudantium perferendis consequuntur. Rem temporibus non sunt amet. Consequatur quis velit et vitae reiciendis voluptatem. Placeat quis aliquid in dicta enim at molestiae est.', 5);
INSERT INTO `product` (`id`, `name`, `price`, `sku`, `status`, `description`, `category_id`) VALUES (106, 'sit', '1.83', 'lman', 4, 'Laudantium est occaecati sed numquam ea. Impedit exercitationem molestiae iusto quasi blanditiis. Commodi quasi nostrum natus iure.', 6);
INSERT INTO `product` (`id`, `name`, `price`, `sku`, `status`, `description`, `category_id`) VALUES (107, 'doloremque', '3.52509', 'xnkz', 5, 'Tempore velit praesentium qui ipsa. Dolorum placeat molestias ut soluta minima. Ab sed vel quis voluptatem dolorem qui.', 7);
INSERT INTO `product` (`id`, `name`, `price`, `sku`, `status`, `description`, `category_id`) VALUES (108, 'natus', '225625', 'vyji', 3, 'Iste sed nemo perferendis officiis et deserunt in unde. Laudantium odit accusamus voluptates est praesentium totam. Qui occaecati omnis ratione consequatur architecto incidunt.', 8);
INSERT INTO `product` (`id`, `name`, `price`, `sku`, `status`, `description`, `category_id`) VALUES (109, 'repellendus', '410', 'xjft', 2, 'Consequatur dolore et suscipit aspernatur rerum. Aut laboriosam maiores reprehenderit magni saepe sint vitae. Consequatur ut enim tempora ut aut et est. Dolor incidunt ullam veniam dolor et.', 9);
INSERT INTO `product` (`id`, `name`, `price`, `sku`, `status`, `description`, `category_id`) VALUES (110, 'dolorem', '1782260', 'abwp', 6, 'Magnam saepe nihil dolorum ut. Blanditiis sapiente est alias quod ipsam. Voluptas voluptatem et nam nesciunt aut expedita consequatur.', 10);
INSERT INTO `product` (`id`, `name`, `price`, `sku`, `status`, `description`, `category_id`) VALUES (111, 'enim', '804.701', 'soqn', 8, 'Qui tempora accusamus quisquam illum ipsam aspernatur. Optio tenetur perspiciatis soluta voluptatem. Aliquid illo ut est recusandae minima earum dolorum.', 11);
INSERT INTO `product` (`id`, `name`, `price`, `sku`, `status`, `description`, `category_id`) VALUES (112, 'reprehenderit', '426497', 'stih', 7, 'Voluptas modi consectetur laudantium sunt commodi ea et. Est amet cumque pariatur doloremque nesciunt eum. Illo aliquam est assumenda minima. Repudiandae aut amet pariatur non enim aspernatur.', 12);
INSERT INTO `product` (`id`, `name`, `price`, `sku`, `status`, `description`, `category_id`) VALUES (113, 'fugit', '0', 'sdyo', 1, 'Iste sed fugiat quaerat quos ex quia. Ipsam non aut consectetur possimus modi. Necessitatibus suscipit sed veniam cum id voluptas soluta ipsa.', 13);
INSERT INTO `product` (`id`, `name`, `price`, `sku`, `status`, `description`, `category_id`) VALUES (114, 'vel', '6264230', 'lgoa', 3, 'Nam velit ab dignissimos tempore qui ut. Itaque iure cupiditate inventore ducimus nobis. Nobis optio est rerum molestiae sit quae. Nemo molestias ut molestiae excepturi ex. Reiciendis voluptas itaque laudantium vitae.', 14);
INSERT INTO `product` (`id`, `name`, `price`, `sku`, `status`, `description`, `category_id`) VALUES (115, 'magnam', '0', 'bkkp', 1, 'Dolores et adipisci ut aut expedita aut consequuntur nobis. Reiciendis reprehenderit sed placeat quidem nihil maxime dicta. Accusamus vero est voluptatem dolorem consequatur.', 15);
INSERT INTO `product` (`id`, `name`, `price`, `sku`, `status`, `description`, `category_id`) VALUES (116, 'eius', '0', 'jvxd', 7, 'Doloribus veniam ratione molestiae assumenda vel. Perspiciatis doloribus est voluptas nihil. Non rerum eius dolores et ab iure tempore.', 16);
INSERT INTO `product` (`id`, `name`, `price`, `sku`, `status`, `description`, `category_id`) VALUES (117, 'aut', '192053000', 'xmyq', 3, 'Amet qui ea nobis officia. Quas et voluptate maiores. Officia eligendi vitae quia totam ut aliquam. Facere ipsa assumenda ut veritatis et sint quas.', 17);
INSERT INTO `product` (`id`, `name`, `price`, `sku`, `status`, `description`, `category_id`) VALUES (118, 'ab', '16902.1', 'tsiy', 3, 'Incidunt odit id occaecati odit dolor. Voluptas temporibus at eos voluptatem est suscipit.', 18);
INSERT INTO `product` (`id`, `name`, `price`, `sku`, `status`, `description`, `category_id`) VALUES (119, 'ut', '50.8152', 'swff', 8, 'Vel voluptatem quo alias. Qui fuga dicta consequatur dolorem. Fuga aspernatur enim quod velit dolorum ratione. Sit enim soluta asperiores voluptatibus perspiciatis et.', 19);
INSERT INTO `product` (`id`, `name`, `price`, `sku`, `status`, `description`, `category_id`) VALUES (120, 'maiores', '0', 'raay', 0, 'Voluptatibus sed architecto nisi delectus voluptate. Est officia corrupti dolores magni at magnam corrupti. Voluptate doloremque et fugiat ea adipisci eum et.', 20);
INSERT INTO `product` (`id`, `name`, `price`, `sku`, `status`, `description`, `category_id`) VALUES (121, 'et', '39828700', 'ulzm', 4, 'Aliquid dolorum quam voluptates tempora cupiditate. Provident impedit et rerum sint. Nihil et repudiandae dicta nemo ipsam deleniti.', 21);
INSERT INTO `product` (`id`, `name`, `price`, `sku`, `status`, `description`, `category_id`) VALUES (122, 'explicabo', '76360400', 'twzr', 9, 'In et voluptatem eaque et excepturi ut cupiditate. Minus placeat doloribus molestiae eos qui quaerat.', 22);
INSERT INTO `product` (`id`, `name`, `price`, `sku`, `status`, `description`, `category_id`) VALUES (123, 'dolorum', '5.57775', 'rtvw', 3, 'Odit cupiditate laudantium voluptatem excepturi voluptate. Ex rerum nostrum cum perspiciatis provident. Quam unde eius ducimus temporibus praesentium laudantium aut porro. Fuga rerum reprehenderit cupiditate voluptatem repudiandae.', 23);
INSERT INTO `product` (`id`, `name`, `price`, `sku`, `status`, `description`, `category_id`) VALUES (124, 'debitis', '53189', 'ahmt', 8, 'Consequatur ut molestiae rerum omnis. Qui quis iste laboriosam qui quibusdam ipsum omnis. Illo rerum vel quia ut eaque quis. Facere perferendis recusandae doloremque quaerat. Hic cum officia commodi.', 24);
INSERT INTO `product` (`id`, `name`, `price`, `sku`, `status`, `description`, `category_id`) VALUES (125, 'ad', '3891.61', 'axdl', 3, 'Ut quis modi neque aut eaque voluptas. In incidunt perferendis nisi. Omnis deserunt maiores officiis dolor id autem. Dicta quam adipisci omnis ipsa in omnis.', 25);
INSERT INTO `product` (`id`, `name`, `price`, `sku`, `status`, `description`, `category_id`) VALUES (126, 'dignissimos', '38.721', 'hkbq', 3, 'At quis rerum dicta quam. Deserunt dolores sequi et tempore. Debitis at pariatur sit eaque.', 26);
INSERT INTO `product` (`id`, `name`, `price`, `sku`, `status`, `description`, `category_id`) VALUES (127, 'cumque', '165786', 'jkje', 9, 'Quos debitis quos incidunt nihil laborum. Odit laboriosam suscipit in saepe. Est optio ut qui.', 27);
INSERT INTO `product` (`id`, `name`, `price`, `sku`, `status`, `description`, `category_id`) VALUES (128, 'quia', '48470.8', 'wlwn', 2, 'Commodi nulla reiciendis quibusdam enim accusamus qui aut. Sit id odio officia corporis quae quidem. Nisi consequatur dolores iste rem distinctio.', 28);
INSERT INTO `product` (`id`, `name`, `price`, `sku`, `status`, `description`, `category_id`) VALUES (129, 'nobis', '5850220', 'yxgn', 0, 'Earum et ea repellendus dolorem vel quae. Exercitationem error ut vel ratione rerum nihil sed. Qui temporibus dignissimos corporis id illum. Cum aliquid voluptatem alias praesentium aspernatur.', 29);
INSERT INTO `product` (`id`, `name`, `price`, `sku`, `status`, `description`, `category_id`) VALUES (130, 'et', '0', 'xxhg', 1, 'Ut et sit vitae vel reiciendis rerum. Sit quidem qui dolores incidunt velit. Distinctio autem et neque sint. Temporibus similique sit esse quis rem.', 30);
INSERT INTO `product` (`id`, `name`, `price`, `sku`, `status`, `description`, `category_id`) VALUES (131, 'doloribus', '7177230', 'ilkd', 9, 'Facere eum et mollitia ut. Eos et aliquam eum incidunt. Iusto nihil voluptatem necessitatibus adipisci.', 31);
INSERT INTO `product` (`id`, `name`, `price`, `sku`, `status`, `description`, `category_id`) VALUES (132, 'eius', '1112290', 'hxgr', 8, 'Ratione magni eos ut assumenda. Nisi recusandae voluptates eum enim. Qui incidunt vitae ipsa. Aut facere aperiam nisi impedit perspiciatis veniam.', 32);
INSERT INTO `product` (`id`, `name`, `price`, `sku`, `status`, `description`, `category_id`) VALUES (133, 'fugit', '1451.08', 'tdee', 7, 'Adipisci consequatur sit voluptas non hic eum distinctio. Error quae excepturi deleniti. Nihil quos voluptate nostrum eius voluptas et.', 33);
INSERT INTO `product` (`id`, `name`, `price`, `sku`, `status`, `description`, `category_id`) VALUES (134, 'reiciendis', '58.7405', 'ysfv', 1, 'Reiciendis debitis ut soluta. Beatae aut et ut pariatur et. Earum soluta ducimus quis in explicabo beatae dolor.', 34);
INSERT INTO `product` (`id`, `name`, `price`, `sku`, `status`, `description`, `category_id`) VALUES (135, 'perferendis', '34896', 'kpqq', 1, 'Sunt facilis nostrum illum ducimus vero quam. Atque corrupti quas sapiente esse totam deserunt consectetur.', 35);
INSERT INTO `product` (`id`, `name`, `price`, `sku`, `status`, `description`, `category_id`) VALUES (136, 'et', '3146.66', 'gzam', 4, 'Ea autem provident cum corrupti ratione voluptate aut. Odio officiis ratione repellat. Qui iure velit eos neque.', 36);
INSERT INTO `product` (`id`, `name`, `price`, `sku`, `status`, `description`, `category_id`) VALUES (137, 'corporis', '5.1', 'gjej', 7, 'Et ab doloribus perferendis aliquam ea praesentium consequatur. Voluptas harum aut facilis architecto mollitia fugiat nam. Sequi est fugit sit dolores. Vero aut ipsam qui. Pariatur reiciendis ducimus aut tempora.', 37);
INSERT INTO `product` (`id`, `name`, `price`, `sku`, `status`, `description`, `category_id`) VALUES (138, 'ratione', '0', 'wkis', 5, 'Officiis omnis et deserunt quia sequi deleniti. Necessitatibus ad aut error enim. Deleniti recusandae aut et et. Facere ut eaque incidunt dicta architecto et.', 38);
INSERT INTO `product` (`id`, `name`, `price`, `sku`, `status`, `description`, `category_id`) VALUES (139, 'quos', '562407000', 'bdnc', 4, 'Excepturi ratione qui non. Sit minus quia facere ipsum blanditiis dolores. Sapiente porro sed voluptatem mollitia a ipsum numquam.', 39);
INSERT INTO `product` (`id`, `name`, `price`, `sku`, `status`, `description`, `category_id`) VALUES (140, 'non', '12796500', 'hwua', 2, 'Consequatur iste enim asperiores vero. Omnis id pariatur autem illum. Dolorem quo dolor quos. Laborum ex accusantium et illum enim ut quasi.', 40);
INSERT INTO `product` (`id`, `name`, `price`, `sku`, `status`, `description`, `category_id`) VALUES (141, 'voluptatem', '2.7738', 'nzvi', 1, 'Est aut dolorem adipisci quia natus quod. Nihil laborum et et sit eligendi omnis. Hic velit dolorum vel saepe quis praesentium necessitatibus. Asperiores ab omnis neque eos porro.', 41);
INSERT INTO `product` (`id`, `name`, `price`, `sku`, `status`, `description`, `category_id`) VALUES (142, 'velit', '486.642', 'ddtx', 1, 'Nam id ex reprehenderit sunt. Ducimus enim sint et voluptate et non nostrum.', 42);
INSERT INTO `product` (`id`, `name`, `price`, `sku`, `status`, `description`, `category_id`) VALUES (143, 'pariatur', '43.0771', 'cult', 1, 'Sunt enim iusto assumenda qui fuga modi. Nihil laborum quia eum. Nihil neque esse rem dignissimos.', 43);
INSERT INTO `product` (`id`, `name`, `price`, `sku`, `status`, `description`, `category_id`) VALUES (144, 'expedita', '3.88', 'nqqr', 4, 'Enim omnis vel qui sequi nostrum distinctio. Quia sit quo consequatur nostrum et accusamus et sunt. Ut repudiandae nisi voluptatum aut nemo voluptatem dolor.', 44);
INSERT INTO `product` (`id`, `name`, `price`, `sku`, `status`, `description`, `category_id`) VALUES (145, 'commodi', '3968590', 'ekmp', 5, 'Magnam ullam possimus pariatur qui est explicabo soluta. Dignissimos hic rem deleniti voluptas optio cupiditate. Voluptatem provident exercitationem qui aut quasi. Id aperiam est architecto sit quam ullam ut eum. Aut sit voluptatem quis praesentium.', 45);
INSERT INTO `product` (`id`, `name`, `price`, `sku`, `status`, `description`, `category_id`) VALUES (146, 'facilis', '13317000', 'pnro', 1, 'Voluptates est qui accusantium maxime eligendi et. Eum culpa qui praesentium doloremque. Asperiores atque voluptate quo ut ut dolor illo. Ullam maxime exercitationem distinctio consequuntur qui libero amet. Omnis autem sed officia architecto.', 46);
INSERT INTO `product` (`id`, `name`, `price`, `sku`, `status`, `description`, `category_id`) VALUES (147, 'aut', '263870', 'kidt', 0, 'Est provident blanditiis laudantium saepe dicta dolorum. Fugiat sit et dolorum a. Ipsam sit veritatis ex cumque voluptatem est a. Voluptatem hic sit quod explicabo quisquam suscipit non.', 47);
INSERT INTO `product` (`id`, `name`, `price`, `sku`, `status`, `description`, `category_id`) VALUES (148, 'est', '5649730', 'tjnq', 8, 'Ratione ipsam ullam et necessitatibus voluptatibus eum illum. Eaque mollitia quod nihil. Officiis tenetur vero autem animi ipsum blanditiis ea.', 48);
INSERT INTO `product` (`id`, `name`, `price`, `sku`, `status`, `description`, `category_id`) VALUES (149, 'consectetur', '50.0126', 'kxqz', 4, 'Alias aperiam doloremque vel. Perspiciatis qui assumenda repellat eligendi est sed quia. Dolorum ut dolorem nam libero omnis rerum fugit veritatis.', 49);
INSERT INTO `product` (`id`, `name`, `price`, `sku`, `status`, `description`, `category_id`) VALUES (150, 'et', '1.81', 'yzxt', 8, 'Et quaerat ipsum beatae sequi iusto sit aut. Officiis consectetur tempore voluptates sit sunt debitis dolores. Dolor neque ut odio reprehenderit.', 50);
INSERT INTO `product` (`id`, `name`, `price`, `sku`, `status`, `description`, `category_id`) VALUES (151, 'earum', '767.926', 'xswj', 5, 'In libero facilis incidunt rem. Reiciendis exercitationem qui natus commodi assumenda. Repudiandae distinctio dignissimos sed dolorem id ullam.', 51);
INSERT INTO `product` (`id`, `name`, `price`, `sku`, `status`, `description`, `category_id`) VALUES (152, 'quia', '533', 'dvnl', 3, 'Perspiciatis qui animi et qui fuga. Eum consectetur commodi id autem nostrum. Eum voluptate dolor consequatur possimus fuga.', 52);
INSERT INTO `product` (`id`, `name`, `price`, `sku`, `status`, `description`, `category_id`) VALUES (153, 'aspernatur', '148936000', 'qfpb', 1, 'Natus et voluptate quia ut. Eaque non consequuntur molestiae quidem quo doloribus voluptatem. Ipsa distinctio ut voluptas pariatur qui reiciendis fugiat rerum. Praesentium qui fugit quis.', 53);
INSERT INTO `product` (`id`, `name`, `price`, `sku`, `status`, `description`, `category_id`) VALUES (154, 'sit', '60006300', 'mihc', 0, 'Ab dolorum natus expedita quas voluptatibus repellat beatae. Consectetur pariatur itaque rerum molestias voluptates quia totam. Consequatur magnam ratione sed voluptas dolorem nihil nostrum.', 54);
INSERT INTO `product` (`id`, `name`, `price`, `sku`, `status`, `description`, `category_id`) VALUES (155, 'similique', '61.975', 'fccn', 9, 'Harum ducimus id laudantium optio ex aperiam. Sit nulla quo aut facilis. Mollitia cumque temporibus provident quia omnis ea. Voluptatem officia qui et. Porro earum incidunt dolor soluta ipsum fugiat.', 55);
INSERT INTO `product` (`id`, `name`, `price`, `sku`, `status`, `description`, `category_id`) VALUES (156, 'iusto', '2.47379', 'bsqy', 1, 'Ea consequuntur non enim quis quis recusandae quod. Rerum ducimus sunt totam ducimus.', 56);
INSERT INTO `product` (`id`, `name`, `price`, `sku`, `status`, `description`, `category_id`) VALUES (157, 'pariatur', '581036', 'inwy', 4, 'Est delectus dolore nulla minima delectus ipsum officia. Illum culpa eum sint modi. Necessitatibus aliquam hic quo asperiores perspiciatis nihil ut.', 57);
INSERT INTO `product` (`id`, `name`, `price`, `sku`, `status`, `description`, `category_id`) VALUES (158, 'voluptates', '445749', 'qoin', 9, 'Modi autem ut inventore et rerum dolor reprehenderit. Neque praesentium consequuntur earum fuga. Repellat ex voluptatem sequi.', 58);
INSERT INTO `product` (`id`, `name`, `price`, `sku`, `status`, `description`, `category_id`) VALUES (159, 'tempora', '29477400', 'keyi', 5, 'Quaerat molestias aperiam velit placeat. Aspernatur earum et reprehenderit inventore itaque tenetur. Qui natus recusandae et minus et quia ut.', 59);
INSERT INTO `product` (`id`, `name`, `price`, `sku`, `status`, `description`, `category_id`) VALUES (160, 'excepturi', '5229830', 'rsqv', 8, 'Voluptatem tenetur iusto deserunt molestiae ab consequatur. Dolores et est nihil quam est id nisi. Dolore aut qui numquam eum. Vel voluptatem est et.', 60);
INSERT INTO `product` (`id`, `name`, `price`, `sku`, `status`, `description`, `category_id`) VALUES (161, 'asperiores', '0', 'cvwt', 8, 'Deserunt labore eos qui et nam est cupiditate necessitatibus. Dicta tenetur perferendis numquam facere. Et sit rerum sint molestias iusto. Mollitia nostrum quidem asperiores harum.', 61);
INSERT INTO `product` (`id`, `name`, `price`, `sku`, `status`, `description`, `category_id`) VALUES (162, 'qui', '182462000', 'jfss', 8, 'Molestias et tempora architecto natus quis suscipit magnam. Aliquam doloribus cumque quia debitis.', 62);
INSERT INTO `product` (`id`, `name`, `price`, `sku`, `status`, `description`, `category_id`) VALUES (163, 'voluptatem', '19', 'hgqj', 1, 'Laborum modi et rem tenetur nihil ad. Non nesciunt minus modi nulla nostrum nulla. Nemo iure a eveniet. Voluptatem aperiam reprehenderit ut et et hic dolores.', 63);
INSERT INTO `product` (`id`, `name`, `price`, `sku`, `status`, `description`, `category_id`) VALUES (164, 'mollitia', '81035600', 'dhhs', 5, 'Non veritatis distinctio nemo repellat voluptatem enim. Et dignissimos voluptatem qui. Similique error in eius voluptates. Quia iste optio distinctio libero cupiditate molestias.', 64);
INSERT INTO `product` (`id`, `name`, `price`, `sku`, `status`, `description`, `category_id`) VALUES (165, 'quasi', '1.72569', 'wakh', 9, 'Quas occaecati quo veniam sed laborum ut. Cumque itaque quia assumenda maxime voluptatem sed voluptatem. Optio sit laborum in et facilis.', 65);
INSERT INTO `product` (`id`, `name`, `price`, `sku`, `status`, `description`, `category_id`) VALUES (166, 'perspiciatis', '0', 'igzf', 9, 'Dolorem sint sapiente optio provident expedita tempora rem. Debitis quibusdam debitis minus voluptatem itaque adipisci tempore. Fugiat velit molestiae cum enim ullam vitae sapiente. Et minus minima inventore ab repudiandae aut id.', 66);
INSERT INTO `product` (`id`, `name`, `price`, `sku`, `status`, `description`, `category_id`) VALUES (167, 'ut', '0', 'cypx', 2, 'Deserunt corrupti pariatur hic enim repellendus. Non optio et iusto expedita quos neque ducimus inventore. Ratione qui optio quasi quis architecto corporis. Est distinctio voluptas occaecati illo.', 67);
INSERT INTO `product` (`id`, `name`, `price`, `sku`, `status`, `description`, `category_id`) VALUES (168, 'voluptate', '11.3103', 'qilm', 0, 'Itaque in illum quod perferendis consequuntur accusantium illum. Incidunt debitis vel qui provident quae. Ut animi et vel voluptate nulla et eaque. Quasi ipsam dolores eveniet voluptates quaerat. Doloremque quos aut exercitationem sed.', 68);
INSERT INTO `product` (`id`, `name`, `price`, `sku`, `status`, `description`, `category_id`) VALUES (169, 'qui', '0', 'giia', 0, 'Blanditiis id sunt et explicabo. Quaerat fugiat voluptatem non numquam nesciunt similique quia. Iste earum eligendi omnis occaecati voluptas. Eum unde necessitatibus aliquam dolorum sint dolor fuga.', 69);
INSERT INTO `product` (`id`, `name`, `price`, `sku`, `status`, `description`, `category_id`) VALUES (170, 'quod', '4133.1', 'djnh', 2, 'Est doloribus omnis culpa. Vitae et delectus beatae esse. Asperiores et consequatur ea aut. Voluptas doloribus aliquid sunt ab veritatis consequatur eum.', 70);
INSERT INTO `product` (`id`, `name`, `price`, `sku`, `status`, `description`, `category_id`) VALUES (171, 'illum', '16', 'ufut', 8, 'Voluptatum nesciunt quo possimus nihil ut qui id maxime. Sit fugit quidem ut et fugit.', 71);
INSERT INTO `product` (`id`, `name`, `price`, `sku`, `status`, `description`, `category_id`) VALUES (172, 'aliquid', '441511', 'tlpp', 2, 'Dolorum sit distinctio consequatur sunt. Rerum repellat illum dolorem est quos. Id nemo distinctio et libero. Et similique aspernatur in officiis tempora. Omnis exercitationem architecto dignissimos animi enim.', 72);
INSERT INTO `product` (`id`, `name`, `price`, `sku`, `status`, `description`, `category_id`) VALUES (173, 'fugit', '523424000', 'cvhp', 2, 'Magnam ut est rerum. Aut accusamus minus ipsa iure. Culpa occaecati ad omnis veniam voluptatem fuga. Asperiores nemo ea tempore soluta.', 73);
INSERT INTO `product` (`id`, `name`, `price`, `sku`, `status`, `description`, `category_id`) VALUES (174, 'officia', '145009000', 'eiet', 9, 'Laborum neque eligendi ut quam. Et laboriosam porro est ea velit voluptatem qui. Magni et aliquam tempora asperiores cum ut. Dolorum eius inventore mollitia facere eum voluptatum magni dolorum.', 74);
INSERT INTO `product` (`id`, `name`, `price`, `sku`, `status`, `description`, `category_id`) VALUES (175, 'doloribus', '69301700', 'ehaj', 3, 'Vel error quibusdam at nesciunt perferendis. Nemo aspernatur tempora laudantium facere officia. Consequatur accusantium optio distinctio et quis nihil in. Sunt aperiam in quibusdam ea aut commodi incidunt.', 75);
INSERT INTO `product` (`id`, `name`, `price`, `sku`, `status`, `description`, `category_id`) VALUES (176, 'perferendis', '51.32', 'hjvj', 5, 'Est totam et molestiae necessitatibus labore reprehenderit. Praesentium voluptas quis doloribus neque id. Doloremque labore aperiam quaerat.', 76);
INSERT INTO `product` (`id`, `name`, `price`, `sku`, `status`, `description`, `category_id`) VALUES (177, 'ea', '1170530', 'xhgt', 4, 'Voluptatibus sint porro magni assumenda. Laudantium et dicta rem sunt ipsa cupiditate veniam. Sit quo aperiam reprehenderit et enim.', 77);
INSERT INTO `product` (`id`, `name`, `price`, `sku`, `status`, `description`, `category_id`) VALUES (178, 'id', '63330800', 'ltvt', 6, 'Reiciendis quis esse accusamus hic. Eos rem inventore consectetur optio. Aut sint aut laborum dolorum sit atque officia.', 78);
INSERT INTO `product` (`id`, `name`, `price`, `sku`, `status`, `description`, `category_id`) VALUES (179, 'dolorum', '1457920', 'moyz', 4, 'Sint voluptatem sint iste. Molestiae aut beatae ullam aut aperiam ipsam sed. Minima placeat doloremque rerum repellat. Aperiam corporis iste sint inventore.', 79);
INSERT INTO `product` (`id`, `name`, `price`, `sku`, `status`, `description`, `category_id`) VALUES (180, 'fugit', '11513200', 'tthh', 1, 'Recusandae impedit quis quidem et qui. Iste magnam et ea est possimus molestiae vitae cupiditate. Nostrum at est et quam placeat aut.', 80);
INSERT INTO `product` (`id`, `name`, `price`, `sku`, `status`, `description`, `category_id`) VALUES (181, 'recusandae', '93765100', 'lzas', 8, 'Et voluptatem accusantium eius ad et eligendi. Officiis cumque sit non unde voluptatem. Qui unde enim dolorem non adipisci aliquid laborum.', 81);
INSERT INTO `product` (`id`, `name`, `price`, `sku`, `status`, `description`, `category_id`) VALUES (182, 'eius', '4905590', 'kvxk', 4, 'Nisi laudantium qui molestias quod. Ut aut molestiae alias aut. Repellendus dolores accusantium deserunt consequuntur eveniet. Cupiditate illo qui ea sed aperiam.', 82);
INSERT INTO `product` (`id`, `name`, `price`, `sku`, `status`, `description`, `category_id`) VALUES (183, 'aut', '461.222', 'kebs', 4, 'Neque sequi hic iure. Cum ea autem ullam iure. Suscipit ea totam quia et nobis eos.', 83);
INSERT INTO `product` (`id`, `name`, `price`, `sku`, `status`, `description`, `category_id`) VALUES (184, 'quod', '20973.5', 'rcxa', 1, 'Impedit rerum quis voluptatem natus nihil. Quo eum et ratione ipsa. Quisquam doloremque vitae dolorem sit sit distinctio. Molestias quasi aliquid aperiam consequatur iusto.', 84);
INSERT INTO `product` (`id`, `name`, `price`, `sku`, `status`, `description`, `category_id`) VALUES (185, 'suscipit', '1213680', 'pujk', 1, 'Amet aut asperiores labore atque labore. Veniam quis omnis sit dolorem voluptatem vel qui. Nesciunt sequi tempore eos eaque accusamus.', 85);
INSERT INTO `product` (`id`, `name`, `price`, `sku`, `status`, `description`, `category_id`) VALUES (186, 'eos', '46.2175', 'kyuq', 1, 'Quia repellendus sint iusto vel dolore cum. Velit dolorem provident officiis mollitia hic sint. Totam neque aut qui animi qui ad.', 86);
INSERT INTO `product` (`id`, `name`, `price`, `sku`, `status`, `description`, `category_id`) VALUES (187, 'doloremque', '0', 'epri', 5, 'Omnis tempore sunt voluptas est culpa quaerat et. Accusantium dignissimos ipsa illo sunt doloribus nulla pariatur sed. Saepe cum nemo qui quia explicabo repellat facilis.', 87);
INSERT INTO `product` (`id`, `name`, `price`, `sku`, `status`, `description`, `category_id`) VALUES (188, 'repellendus', '1.93333', 'nsgr', 8, 'Reprehenderit veritatis saepe eaque iusto hic. Repudiandae quia et voluptatum eum magnam. Voluptatum vero placeat vel perspiciatis adipisci quaerat consequatur praesentium. Voluptas nobis veniam sapiente voluptatem veritatis labore.', 88);
INSERT INTO `product` (`id`, `name`, `price`, `sku`, `status`, `description`, `category_id`) VALUES (189, 'a', '22573100', 'nlij', 7, 'Blanditiis nisi modi sit enim nobis autem provident id. Nostrum quasi amet fugit corrupti.', 89);
INSERT INTO `product` (`id`, `name`, `price`, `sku`, `status`, `description`, `category_id`) VALUES (190, 'delectus', '32.9776', 'ddsp', 2, 'In ipsum error doloribus beatae. Qui placeat impedit aspernatur consectetur velit et nobis. Qui aut rerum quis magni.', 90);
INSERT INTO `product` (`id`, `name`, `price`, `sku`, `status`, `description`, `category_id`) VALUES (191, 'et', '5632.96', 'hzpt', 6, 'Voluptates corporis ut odit rerum sit. Et molestias iusto dolores aut. Consequatur quod molestiae et sit. Odio molestiae molestiae veniam debitis nihil ex in vel.', 91);
INSERT INTO `product` (`id`, `name`, `price`, `sku`, `status`, `description`, `category_id`) VALUES (192, 'consequuntur', '5.514', 'rqkt', 2, 'Accusantium tenetur ratione sed voluptatem modi quasi aperiam fuga. Aperiam odit sint laudantium porro. Earum voluptas perspiciatis ipsum tempore veniam omnis.', 92);
INSERT INTO `product` (`id`, `name`, `price`, `sku`, `status`, `description`, `category_id`) VALUES (193, 'dolore', '40748.9', 'hkco', 6, 'Accusamus sunt illo quod ut perferendis. Ipsam omnis amet et ullam impedit. Illo non doloribus quia.', 93);
INSERT INTO `product` (`id`, `name`, `price`, `sku`, `status`, `description`, `category_id`) VALUES (194, 'velit', '705.646', 'mmua', 0, 'Ipsum sit aliquid asperiores. Odit vel iste minus rerum labore minus. Reprehenderit aut qui fugit corrupti.', 94);
INSERT INTO `product` (`id`, `name`, `price`, `sku`, `status`, `description`, `category_id`) VALUES (195, 'exercitationem', '524537', 'ceby', 5, 'Iusto non sed assumenda tenetur impedit omnis et voluptatem. Quas vero sunt dolor officiis asperiores doloribus. Consequatur amet id est dolor est animi est.', 95);
INSERT INTO `product` (`id`, `name`, `price`, `sku`, `status`, `description`, `category_id`) VALUES (196, 'enim', '22221100', 'zwab', 7, 'Repudiandae non nemo cupiditate unde delectus error repellendus. Rerum nisi et voluptatibus atque hic. Excepturi cum molestias laudantium reprehenderit assumenda sed ut. Illum optio eligendi doloremque ut est laborum.', 96);
INSERT INTO `product` (`id`, `name`, `price`, `sku`, `status`, `description`, `category_id`) VALUES (197, 'explicabo', '3851.98', 'nxnx', 2, 'Quidem repellat porro et laudantium. Ad iure nemo totam ut. Quasi dicta magnam voluptatibus expedita nulla voluptates. Perferendis molestiae velit autem nobis ipsam dolores.', 97);
INSERT INTO `product` (`id`, `name`, `price`, `sku`, `status`, `description`, `category_id`) VALUES (198, 'harum', '5562', 'igbm', 2, 'Aut dolores numquam qui. Pariatur animi non ut eum non minus impedit. Aut minima qui alias ducimus aut. Voluptatem voluptatibus itaque accusantium eius.', 98);
INSERT INTO `product` (`id`, `name`, `price`, `sku`, `status`, `description`, `category_id`) VALUES (199, 'harum', '0', 'ijcb', 0, 'Enim cumque necessitatibus fuga repellat. Aut occaecati incidunt laborum ratione non autem asperiores aperiam. Fuga dolor ut et mollitia quos et.', 99);
INSERT INTO `product` (`id`, `name`, `price`, `sku`, `status`, `description`, `category_id`) VALUES (200, 'dolor', '2037.82', 'yrec', 5, 'Non consequatur ea debitis dolor vitae occaecati. Non doloremque voluptatibus est voluptate temporibus porro. Est fugit omnis animi debitis officia et enim.', 100);
INSERT INTO `product` (`id`, `name`, `price`, `sku`, `status`, `description`, `category_id`) VALUES (201, 'officiis', '159746000', 'ixzy', 4, 'Quo fugit modi repudiandae nobis et et vitae. Optio error necessitatibus nostrum in officia natus. Quis ducimus aut porro sed consequatur. Voluptas occaecati velit et corrupti ut itaque pariatur.', 1);
INSERT INTO `product` (`id`, `name`, `price`, `sku`, `status`, `description`, `category_id`) VALUES (202, 'dicta', '0', 'bgbx', 8, 'Voluptatem alias sed fugiat aliquam. Quae voluptatum voluptas quia voluptatibus consequatur. Nam eos velit delectus ipsa inventore vel.', 2);
INSERT INTO `product` (`id`, `name`, `price`, `sku`, `status`, `description`, `category_id`) VALUES (203, 'aperiam', '231046', 'zciw', 4, 'Officiis enim asperiores aut totam perferendis. Iure et sapiente aut iusto. Placeat tenetur quod animi at. Qui totam est at corporis nemo officiis.', 3);
INSERT INTO `product` (`id`, `name`, `price`, `sku`, `status`, `description`, `category_id`) VALUES (204, 'repudiandae', '28.9971', 'bsre', 3, 'Quis dignissimos inventore omnis quod sunt. Porro enim dolores corporis officiis eligendi atque. Beatae autem ad aspernatur laborum distinctio.', 4);
INSERT INTO `product` (`id`, `name`, `price`, `sku`, `status`, `description`, `category_id`) VALUES (205, 'reiciendis', '30497', 'vomi', 9, 'Non labore magnam ratione autem et animi. Repellendus odit repellat unde quibusdam. Quibusdam illum atque eos voluptatibus.', 5);
INSERT INTO `product` (`id`, `name`, `price`, `sku`, `status`, `description`, `category_id`) VALUES (206, 'iusto', '1649530', 'pyau', 4, 'Et sint saepe similique enim rerum consequatur. Id pariatur laudantium dolor sit ea sed. Unde occaecati perferendis facilis repellendus. Quod et laboriosam beatae eius.', 6);
INSERT INTO `product` (`id`, `name`, `price`, `sku`, `status`, `description`, `category_id`) VALUES (207, 'et', '158.592', 'mofv', 9, 'Commodi officia quis et repudiandae quia. Repudiandae fugiat quia perspiciatis et illum quidem omnis. Vel tempore quos at molestiae quidem.', 7);
INSERT INTO `product` (`id`, `name`, `price`, `sku`, `status`, `description`, `category_id`) VALUES (208, 'ut', '4.22512', 'skmn', 4, 'Repellat ad eos voluptatum nemo eum voluptas. Vel inventore fugit quis laudantium officiis alias adipisci rerum.', 8);
INSERT INTO `product` (`id`, `name`, `price`, `sku`, `status`, `description`, `category_id`) VALUES (209, 'voluptatem', '1.8', 'hrrx', 2, 'Autem atque recusandae ut ut quo. Similique architecto est voluptatem explicabo.', 9);
INSERT INTO `product` (`id`, `name`, `price`, `sku`, `status`, `description`, `category_id`) VALUES (210, 'quam', '95620.2', 'zekk', 0, 'Vel quo aliquid maxime. Sunt quia veritatis et. Et facilis itaque ut magni veniam asperiores. Magni expedita ex sit perspiciatis nam in dolorem. Odit in provident qui quis.', 10);
INSERT INTO `product` (`id`, `name`, `price`, `sku`, `status`, `description`, `category_id`) VALUES (211, 'dignissimos', '0', 'tirf', 6, 'Ea labore soluta doloremque tenetur hic quod quo sunt. Et cumque autem quam alias suscipit alias ut. Quis impedit qui ut dolor doloribus commodi dolores.', 11);
INSERT INTO `product` (`id`, `name`, `price`, `sku`, `status`, `description`, `category_id`) VALUES (212, 'consequatur', '10.3445', 'alte', 8, 'Dolor iste ipsam rem a tempora necessitatibus vitae. Distinctio voluptatem delectus omnis maxime. Illum rem exercitationem delectus atque ex facilis laboriosam. Eos necessitatibus dolorem similique et.', 12);
INSERT INTO `product` (`id`, `name`, `price`, `sku`, `status`, `description`, `category_id`) VALUES (213, 'doloribus', '793.842', 'avzk', 6, 'Nobis eos tempore est ut qui ut qui magnam. Nesciunt odio aut doloremque consequatur at ut est. Eius nulla rerum nulla sit aut et explicabo molestias.', 13);
INSERT INTO `product` (`id`, `name`, `price`, `sku`, `status`, `description`, `category_id`) VALUES (214, 'facilis', '6524.65', 'lhic', 2, 'Sunt voluptas eius exercitationem eum velit aperiam. Eum qui fuga tempora impedit quam. In quae possimus vitae molestiae ratione perferendis sequi. Voluptatum sunt ut ut perspiciatis eum.', 14);
INSERT INTO `product` (`id`, `name`, `price`, `sku`, `status`, `description`, `category_id`) VALUES (215, 'optio', '0', 'kbml', 9, 'Accusamus aperiam magni deleniti ut. Voluptatibus quos veritatis ut fugit tempore voluptas. Fugiat dolores qui consequatur eos unde.', 15);
INSERT INTO `product` (`id`, `name`, `price`, `sku`, `status`, `description`, `category_id`) VALUES (216, 'soluta', '1.2925', 'vxab', 1, 'Illo voluptatem odio tenetur. Numquam rerum voluptatem quasi ipsam distinctio ab ut id. Consequatur repudiandae quis beatae incidunt et. Eaque architecto sit quisquam voluptatem.', 16);
INSERT INTO `product` (`id`, `name`, `price`, `sku`, `status`, `description`, `category_id`) VALUES (217, 'illum', '504.234', 'fnqd', 0, 'Asperiores eius repellendus cupiditate ex ipsum consequatur. Voluptatem et alias rerum voluptate enim autem sint minima. Totam ipsam doloribus est omnis facere.', 17);
INSERT INTO `product` (`id`, `name`, `price`, `sku`, `status`, `description`, `category_id`) VALUES (218, 'modi', '241.953', 'yufr', 5, 'Sit ea voluptates et amet recusandae consequatur. Fugit perspiciatis omnis consequatur et alias aut aut. Corporis ratione distinctio ut assumenda dolorem vel. Eaque ex modi aut eum eum in.', 18);
INSERT INTO `product` (`id`, `name`, `price`, `sku`, `status`, `description`, `category_id`) VALUES (219, 'dolorem', '42128500', 'gjqe', 8, 'Accusamus deleniti sit inventore aut tempore ex aut. Sunt optio minus eos ex dolor quas eius. Qui sunt voluptas cupiditate voluptatum quibusdam dolores. Adipisci repudiandae veritatis delectus asperiores et accusamus ullam.', 19);
INSERT INTO `product` (`id`, `name`, `price`, `sku`, `status`, `description`, `category_id`) VALUES (220, 'assumenda', '0', 'ahib', 0, 'Dolorem nostrum minima excepturi nam architecto assumenda unde. Aspernatur omnis soluta eligendi. Voluptatem expedita commodi iusto sapiente soluta nam ut. Ratione porro qui laborum.', 20);
INSERT INTO `product` (`id`, `name`, `price`, `sku`, `status`, `description`, `category_id`) VALUES (221, 'quaerat', '54490300', 'srvy', 9, 'Debitis corrupti voluptatem assumenda praesentium et. Blanditiis aut eum doloribus quo eius tempora aut qui. Nesciunt ad ut qui mollitia id omnis accusantium quis. Minima aut corrupti repellendus et aut et quis iste.', 21);
INSERT INTO `product` (`id`, `name`, `price`, `sku`, `status`, `description`, `category_id`) VALUES (222, 'qui', '5345610', 'xxba', 9, 'At molestias natus ullam consequatur fuga voluptatem vitae. Dicta cupiditate laboriosam sunt recusandae et libero ullam. Veritatis ad illum doloremque neque porro soluta minus. Ullam voluptas omnis et ex recusandae aut vel.', 22);
INSERT INTO `product` (`id`, `name`, `price`, `sku`, `status`, `description`, `category_id`) VALUES (223, 'et', '17195900', 'jrve', 1, 'Placeat qui repellendus similique hic illo quae debitis. Asperiores animi in ipsa doloremque quod. Eligendi velit culpa autem at explicabo. Et sint sit totam perferendis.', 23);
INSERT INTO `product` (`id`, `name`, `price`, `sku`, `status`, `description`, `category_id`) VALUES (224, 'consequatur', '1568.05', 'tuaf', 8, 'Soluta sint dolorem quod nulla explicabo eaque. Fuga qui vel nulla voluptatum quia ut cumque. Omnis omnis sequi esse occaecati laborum. Molestiae dolorem ut ducimus ut harum totam.', 24);
INSERT INTO `product` (`id`, `name`, `price`, `sku`, `status`, `description`, `category_id`) VALUES (225, 'cupiditate', '73214.3', 'kmjp', 4, 'Et aut suscipit recusandae a nulla enim et. Voluptatem ut neque autem qui nihil sit. Facere aut ducimus laborum ipsum maiores enim nam. Quos sunt laborum distinctio aperiam. Non vel voluptatem velit recusandae.', 25);
INSERT INTO `product` (`id`, `name`, `price`, `sku`, `status`, `description`, `category_id`) VALUES (226, 'dolor', '429171000', 'hoos', 4, 'Rem distinctio quo voluptate accusantium ut. Minima officia blanditiis vel iure quibusdam enim dolorem suscipit. Neque perspiciatis facilis eius aut hic ab. Qui dolores quidem asperiores voluptas voluptatem non.', 26);
INSERT INTO `product` (`id`, `name`, `price`, `sku`, `status`, `description`, `category_id`) VALUES (227, 'minus', '3054880', 'jhyz', 6, 'Adipisci corrupti consequatur delectus rerum recusandae sunt. Ex ut rerum itaque non aut. Sed earum voluptates assumenda perferendis. Eum labore quam nobis magni sed sunt.', 27);
INSERT INTO `product` (`id`, `name`, `price`, `sku`, `status`, `description`, `category_id`) VALUES (228, 'consectetur', '538', 'zgsw', 1, 'Et et laudantium animi sit voluptatem. Eveniet aliquid molestiae harum. Consequatur blanditiis ut et tempora facilis libero sed. Fuga provident labore et.', 28);
INSERT INTO `product` (`id`, `name`, `price`, `sku`, `status`, `description`, `category_id`) VALUES (229, 'error', '6749080', 'bzmo', 7, 'Ratione atque magnam ex voluptatem nemo officia. Sint velit et nulla ut reprehenderit omnis soluta. Error neque ipsam et aliquam. Recusandae totam molestiae illo consequatur quia.', 29);
INSERT INTO `product` (`id`, `name`, `price`, `sku`, `status`, `description`, `category_id`) VALUES (230, 'deserunt', '3393', 'juuh', 8, 'Dolorem unde distinctio qui aperiam sunt neque ut. Corrupti aspernatur et sunt. Fugiat quas similique aut alias.', 30);
INSERT INTO `product` (`id`, `name`, `price`, `sku`, `status`, `description`, `category_id`) VALUES (231, 'at', '140027000', 'wese', 2, 'Ut omnis iste dignissimos autem explicabo. Et dolore quae ad sit. Ut aperiam cupiditate recusandae quo non quisquam. Et cumque est officiis voluptate nesciunt. Voluptatem nostrum repellendus est perferendis reiciendis.', 31);
INSERT INTO `product` (`id`, `name`, `price`, `sku`, `status`, `description`, `category_id`) VALUES (232, 'vel', '2888.36', 'tvdt', 1, 'Ut voluptas consequuntur porro id molestias. Maiores labore corrupti sapiente nemo maiores atque qui sed. Voluptatem quae voluptates quisquam officia. Debitis odit veritatis vel at vitae cumque.', 32);
INSERT INTO `product` (`id`, `name`, `price`, `sku`, `status`, `description`, `category_id`) VALUES (233, 'aut', '1920.36', 'vlqn', 0, 'Voluptas ullam perspiciatis dicta soluta. Non labore ullam eos deleniti vitae qui temporibus. Sit sint id sed omnis incidunt illum assumenda sint. Modi et ut vero illo. Voluptas ad voluptatem pariatur quaerat.', 33);
INSERT INTO `product` (`id`, `name`, `price`, `sku`, `status`, `description`, `category_id`) VALUES (234, 'accusamus', '8663140', 'plnc', 1, 'Dicta nulla est harum fuga aperiam. Natus occaecati tempora veniam illum dolorum ea corrupti. Et ratione non temporibus sit harum eos.', 34);
INSERT INTO `product` (`id`, `name`, `price`, `sku`, `status`, `description`, `category_id`) VALUES (235, 'culpa', '9771.89', 'tadb', 9, 'Ducimus voluptates reprehenderit iste. Eaque ea sapiente minus dignissimos quia ipsum magni. Asperiores dicta nulla officiis qui architecto officiis saepe esse. Iure dolor natus assumenda inventore nam doloremque.', 35);
INSERT INTO `product` (`id`, `name`, `price`, `sku`, `status`, `description`, `category_id`) VALUES (236, 'praesentium', '6215.35', 'zptz', 4, 'Expedita impedit ut et aliquam incidunt est. Inventore et voluptatem vero ut hic voluptatem quae. Dolor ipsa magnam aut eum nihil. Accusamus voluptates quia velit non et fugiat. Facere laborum consequatur laboriosam et et.', 36);
INSERT INTO `product` (`id`, `name`, `price`, `sku`, `status`, `description`, `category_id`) VALUES (237, 'commodi', '1342.63', 'vdpv', 5, 'Odit quia quo veniam labore dolorem ea porro. Mollitia sapiente eius et eveniet.', 37);
INSERT INTO `product` (`id`, `name`, `price`, `sku`, `status`, `description`, `category_id`) VALUES (238, 'ut', '39076800', 'gbqi', 0, 'Consequuntur expedita voluptatem corporis sit magni temporibus. Eum odit qui non at porro aut. Facere perspiciatis alias aperiam eius aut molestiae voluptates id. Est aut corporis culpa architecto a inventore.', 38);
INSERT INTO `product` (`id`, `name`, `price`, `sku`, `status`, `description`, `category_id`) VALUES (239, 'laboriosam', '1.20978', 'mzgh', 2, 'Ut et dolor quidem sit dolorem. Fugiat sed sit nihil aspernatur maiores doloremque quam. Culpa ipsam repellat ipsa recusandae ut nobis. Blanditiis sed repellat doloremque ut. Exercitationem unde repellendus iusto modi.', 39);
INSERT INTO `product` (`id`, `name`, `price`, `sku`, `status`, `description`, `category_id`) VALUES (240, 'voluptatibus', '1846700', 'lxny', 2, 'Voluptatem dicta laborum ducimus mollitia dolorum voluptatem. Dolor possimus fuga consequuntur repellendus sed. Et magnam adipisci harum quia aut praesentium. Incidunt exercitationem itaque iste sunt voluptates veritatis quisquam exercitationem.', 40);
INSERT INTO `product` (`id`, `name`, `price`, `sku`, `status`, `description`, `category_id`) VALUES (241, 'modi', '228.535', 'hdrs', 2, 'Facere illo deleniti non nam voluptate. Corporis et possimus tempora perspiciatis voluptas natus.', 41);
INSERT INTO `product` (`id`, `name`, `price`, `sku`, `status`, `description`, `category_id`) VALUES (242, 'quisquam', '0', 'aavp', 2, 'Eveniet at iste tempora tenetur animi in. Et tenetur dolor et laudantium quae sint autem et. Ea error non ad impedit et asperiores perferendis.', 42);
INSERT INTO `product` (`id`, `name`, `price`, `sku`, `status`, `description`, `category_id`) VALUES (243, 'fugiat', '1422.74', 'ikkq', 8, 'Sit sed quisquam commodi qui ex aperiam voluptatem. Molestiae animi facere consequatur quisquam a corrupti. Ab quod aut nisi voluptatibus sint rerum saepe. Adipisci facilis omnis cupiditate blanditiis dolorum.', 43);
INSERT INTO `product` (`id`, `name`, `price`, `sku`, `status`, `description`, `category_id`) VALUES (244, 'non', '1862.65', 'fzjw', 3, 'Amet repellat dolores quos rerum. Aut delectus iusto et omnis consectetur velit. Officiis velit reiciendis autem similique sit voluptatem.', 44);
INSERT INTO `product` (`id`, `name`, `price`, `sku`, `status`, `description`, `category_id`) VALUES (245, 'sit', '730946', 'htxp', 6, 'Aut ipsa delectus amet ut explicabo eum. Eos incidunt perspiciatis quasi totam. Non aliquid cumque voluptas. Quas eveniet ea aut fuga.', 45);
INSERT INTO `product` (`id`, `name`, `price`, `sku`, `status`, `description`, `category_id`) VALUES (246, 'molestiae', '126297', 'vgui', 6, 'Repellendus qui recusandae sit rerum sed et qui. Nihil temporibus nostrum molestias sint autem qui voluptatum id. Officiis deserunt sit qui corporis ratione similique.', 46);
INSERT INTO `product` (`id`, `name`, `price`, `sku`, `status`, `description`, `category_id`) VALUES (247, 'eum', '11.635', 'unwb', 5, 'Id omnis debitis accusamus blanditiis error quia. Praesentium perspiciatis assumenda ratione et in. Voluptatem non iste sint dolores nulla magnam dolores. Voluptates temporibus culpa quam quo harum quisquam voluptas.', 47);
INSERT INTO `product` (`id`, `name`, `price`, `sku`, `status`, `description`, `category_id`) VALUES (248, 'sit', '0', 'nunk', 1, 'Alias non ipsa rem id. Et earum non nobis molestiae. A quis assumenda soluta voluptatem enim qui.', 48);
INSERT INTO `product` (`id`, `name`, `price`, `sku`, `status`, `description`, `category_id`) VALUES (249, 'odit', '815.546', 'ekmn', 9, 'Recusandae voluptas aut similique ut nihil ipsam vel rem. Rem deserunt est eum est atque. Reprehenderit est rerum dolore blanditiis impedit corporis beatae.', 49);
INSERT INTO `product` (`id`, `name`, `price`, `sku`, `status`, `description`, `category_id`) VALUES (250, 'quasi', '5.059', 'omwn', 5, 'Qui quaerat enim quibusdam ut omnis quia dolores. Modi ab quisquam cumque optio consequatur nisi animi laudantium. A exercitationem rerum quia alias sed at perspiciatis. Sed sequi maiores natus vitae possimus dolor excepturi officia.', 50);
INSERT INTO `product` (`id`, `name`, `price`, `sku`, `status`, `description`, `category_id`) VALUES (251, 'quo', '53543.7', 'osju', 2, 'Nesciunt deserunt necessitatibus dolores. Non maxime autem aut explicabo. Corporis est vitae vitae et velit sequi veritatis nobis. Sit harum assumenda dolores deserunt at dignissimos omnis qui.', 51);
INSERT INTO `product` (`id`, `name`, `price`, `sku`, `status`, `description`, `category_id`) VALUES (252, 'quaerat', '43950500', 'dqqy', 2, 'Consequatur eveniet aliquid non. Labore modi odit quis id et. Porro laborum exercitationem corporis modi.', 52);
INSERT INTO `product` (`id`, `name`, `price`, `sku`, `status`, `description`, `category_id`) VALUES (253, 'ut', '1704', 'icgs', 7, 'Dolorem excepturi non dolorum molestiae tempore nobis. Quas qui qui excepturi deleniti. Delectus voluptates blanditiis aut tempore dolorum aliquid quis.', 53);
INSERT INTO `product` (`id`, `name`, `price`, `sku`, `status`, `description`, `category_id`) VALUES (254, 'autem', '5.35213', 'luiz', 3, 'Excepturi praesentium rerum eaque est. Qui asperiores quis voluptas quae itaque veniam.', 54);
INSERT INTO `product` (`id`, `name`, `price`, `sku`, `status`, `description`, `category_id`) VALUES (255, 'suscipit', '3621030', 'weip', 4, 'Quia laudantium id assumenda repellendus iure quia sapiente. Exercitationem mollitia ad dolor eligendi rerum. Voluptates voluptatem est in totam voluptas ut.', 55);
INSERT INTO `product` (`id`, `name`, `price`, `sku`, `status`, `description`, `category_id`) VALUES (256, 'ullam', '70466', 'lyoz', 3, 'Minus qui voluptas illo voluptatem sunt dolor. Incidunt sed minima optio tempora eveniet illum atque. Ab voluptatibus cupiditate aspernatur consequatur voluptatem.', 56);
INSERT INTO `product` (`id`, `name`, `price`, `sku`, `status`, `description`, `category_id`) VALUES (257, 'provident', '34.88', 'xahv', 2, 'Molestiae maiores quaerat atque perspiciatis perferendis dolor. Qui id consequatur et laborum magnam. Voluptas aliquam et alias beatae ea. Molestiae vel beatae est vero incidunt.', 57);
INSERT INTO `product` (`id`, `name`, `price`, `sku`, `status`, `description`, `category_id`) VALUES (258, 'doloremque', '0.640771', 'zpqe', 9, 'Quisquam magnam expedita vel ex consectetur accusantium. Deserunt deserunt omnis occaecati nihil molestiae asperiores.', 58);
INSERT INTO `product` (`id`, `name`, `price`, `sku`, `status`, `description`, `category_id`) VALUES (259, 'excepturi', '7.96', 'bkan', 2, 'Cum explicabo voluptate quas ea et aut ipsum repudiandae. Quis laudantium et deserunt laborum praesentium qui. Deserunt placeat quis tempora rem assumenda dolorem. Hic officiis sit nesciunt dignissimos.', 59);
INSERT INTO `product` (`id`, `name`, `price`, `sku`, `status`, `description`, `category_id`) VALUES (260, 'et', '22444400', 'hqbh', 7, 'Soluta sequi delectus dolor deleniti eos. Vitae itaque quasi quidem. Laboriosam eius molestiae unde aut.', 60);
INSERT INTO `product` (`id`, `name`, `price`, `sku`, `status`, `description`, `category_id`) VALUES (261, 'quis', '26.126', 'tksg', 3, 'Unde eligendi qui doloribus ut. Et quo reprehenderit aliquid aperiam eos quam sit. Provident sunt nihil est quo.', 61);
INSERT INTO `product` (`id`, `name`, `price`, `sku`, `status`, `description`, `category_id`) VALUES (262, 'sit', '7.204', 'gfqe', 5, 'Similique accusantium aut voluptatum id. Dolor quaerat autem et quaerat est. Aut odit ipsa reprehenderit laborum quas commodi.', 62);
INSERT INTO `product` (`id`, `name`, `price`, `sku`, `status`, `description`, `category_id`) VALUES (263, 'dolor', '45366.4', 'ijry', 6, 'Aut voluptatem laboriosam labore provident non sint consequuntur. Voluptas illum ea quis dolorem animi laudantium enim. Quia eaque et tempore repudiandae fugit delectus et. Eveniet sint dolores dignissimos.', 63);
INSERT INTO `product` (`id`, `name`, `price`, `sku`, `status`, `description`, `category_id`) VALUES (264, 'accusamus', '234.16', 'yxxg', 5, 'Est dolorum minima cum autem id exercitationem ut. Perspiciatis sed non doloribus eos. Quaerat ea voluptatem est laudantium necessitatibus voluptate pariatur. Natus quia necessitatibus sint et voluptas et repellendus dicta.', 64);
INSERT INTO `product` (`id`, `name`, `price`, `sku`, `status`, `description`, `category_id`) VALUES (265, 'ut', '21549600', 'rltv', 0, 'Odit inventore quo et voluptatem. Et quia laborum deleniti accusantium. Repudiandae debitis mollitia consequatur accusantium.', 65);
INSERT INTO `product` (`id`, `name`, `price`, `sku`, `status`, `description`, `category_id`) VALUES (266, 'consequatur', '377157', 'sxsu', 7, 'Officiis est et velit voluptas perferendis fugiat. Fugit in totam unde nisi est soluta id. Vero rerum dolorem distinctio ipsam libero.', 66);
INSERT INTO `product` (`id`, `name`, `price`, `sku`, `status`, `description`, `category_id`) VALUES (267, 'et', '3771.57', 'awfq', 1, 'Possimus sed ut hic harum impedit. Dolores quibusdam assumenda rerum amet sit animi omnis. Similique iusto qui harum aut voluptatem ad. Autem ipsum velit sapiente libero magnam placeat et.', 67);
INSERT INTO `product` (`id`, `name`, `price`, `sku`, `status`, `description`, `category_id`) VALUES (268, 'voluptatem', '71.0399', 'mqae', 3, 'Dolores reprehenderit ex neque assumenda totam amet voluptatem. Repellat voluptatibus aut vel officia. Provident aut officia nostrum non adipisci recusandae autem.', 68);
INSERT INTO `product` (`id`, `name`, `price`, `sku`, `status`, `description`, `category_id`) VALUES (269, 'quibusdam', '0.923136', 'mqei', 8, 'Eligendi et est praesentium sint quae et sed. Quisquam cum sapiente reiciendis. Odio est ad officia natus nobis quisquam ducimus.', 69);
INSERT INTO `product` (`id`, `name`, `price`, `sku`, `status`, `description`, `category_id`) VALUES (270, 'quibusdam', '105.878', 'fesz', 4, 'Quis quasi nisi iusto sint optio vel. Modi ut dolore et quas vero. Enim culpa vitae necessitatibus amet dolor repellat omnis. Est non eveniet ut quia tenetur ducimus.', 70);
INSERT INTO `product` (`id`, `name`, `price`, `sku`, `status`, `description`, `category_id`) VALUES (271, 'nam', '60606900', 'dkyo', 7, 'Laudantium ullam fuga sed. Tempora sit nulla dolor minima sed quos. Autem voluptate assumenda eligendi illo cupiditate ut. Dolorum consequatur iste suscipit accusantium sunt qui tempora.', 71);
INSERT INTO `product` (`id`, `name`, `price`, `sku`, `status`, `description`, `category_id`) VALUES (272, 'incidunt', '6810130', 'cyzg', 1, 'Consequatur voluptatum cumque enim incidunt animi magni. Tempora voluptatibus qui quam sit autem. Iste in aperiam sed non.', 72);
INSERT INTO `product` (`id`, `name`, `price`, `sku`, `status`, `description`, `category_id`) VALUES (273, 'architecto', '34082', 'bgtn', 5, 'Facilis natus neque ut qui veniam quia. Qui dolor hic delectus. Eaque mollitia doloremque et id ratione rerum.', 73);
INSERT INTO `product` (`id`, `name`, `price`, `sku`, `status`, `description`, `category_id`) VALUES (274, 'iste', '32716200', 'nmzc', 7, 'Voluptatem autem aliquam incidunt fuga voluptas. Eum alias et et odio. Consequatur voluptas iste velit dolores omnis unde.', 74);
INSERT INTO `product` (`id`, `name`, `price`, `sku`, `status`, `description`, `category_id`) VALUES (275, 'ipsa', '228698', 'cdgz', 7, 'Dolorem atque voluptatem dolores rerum laborum labore dolor omnis. Autem nihil eum omnis quia. Enim eos beatae eaque qui officiis est.', 75);
INSERT INTO `product` (`id`, `name`, `price`, `sku`, `status`, `description`, `category_id`) VALUES (276, 'nihil', '0', 'twcg', 6, 'Vel voluptates voluptate aut reprehenderit animi et numquam. Voluptatem laborum voluptate mollitia voluptates. Tempora adipisci repellat deserunt et reprehenderit. Excepturi quisquam est vitae sequi est libero ut quod. Nihil voluptas quas voluptatem qui v', 76);
INSERT INTO `product` (`id`, `name`, `price`, `sku`, `status`, `description`, `category_id`) VALUES (277, 'omnis', '747448000', 'wvgt', 7, 'Non dolorem omnis blanditiis necessitatibus aut aspernatur magni. Eaque deleniti quisquam perferendis qui ullam dolorem ratione quia. Sapiente praesentium vel minus.', 77);
INSERT INTO `product` (`id`, `name`, `price`, `sku`, `status`, `description`, `category_id`) VALUES (278, 'voluptatem', '40252.1', 'asfp', 3, 'Corrupti tempore vel quia sunt adipisci et. Voluptatem impedit autem illo eum quos. A quia voluptas beatae illum.', 78);
INSERT INTO `product` (`id`, `name`, `price`, `sku`, `status`, `description`, `category_id`) VALUES (279, 'suscipit', '3147.38', 'rkul', 8, 'Sunt quaerat beatae nihil nihil molestiae praesentium repudiandae. Sequi harum nesciunt error. Maxime non explicabo praesentium magnam nobis laudantium impedit mollitia. Accusantium occaecati et expedita excepturi labore.', 79);
INSERT INTO `product` (`id`, `name`, `price`, `sku`, `status`, `description`, `category_id`) VALUES (280, 'beatae', '0.4', 'mcvm', 9, 'Iusto voluptas ea hic et laudantium vel vitae. Debitis eum voluptate qui incidunt vitae. Rem consequuntur unde vel aliquam est dolore placeat. Quis nemo repudiandae rerum et.', 80);
INSERT INTO `product` (`id`, `name`, `price`, `sku`, `status`, `description`, `category_id`) VALUES (281, 'assumenda', '109.147', 'cvgd', 5, 'Voluptatem in velit id officia. Sunt laboriosam cum pariatur necessitatibus et porro. Voluptatem nisi dolores ullam nihil quidem cum.', 81);
INSERT INTO `product` (`id`, `name`, `price`, `sku`, `status`, `description`, `category_id`) VALUES (282, 'omnis', '620285000', 'qwvz', 2, 'Nihil quas non itaque et. Dolore voluptate et ut officia. Aut nemo deleniti sequi totam voluptate odit quia. Quia repellendus voluptatem omnis vel odio aut.', 82);
INSERT INTO `product` (`id`, `name`, `price`, `sku`, `status`, `description`, `category_id`) VALUES (283, 'aperiam', '46216800', 'jlxs', 2, 'Incidunt ullam iure voluptatem et et voluptatem. Autem quas nobis recusandae dolores quidem est et. Fugiat laboriosam dolor et.', 83);
INSERT INTO `product` (`id`, `name`, `price`, `sku`, `status`, `description`, `category_id`) VALUES (284, 'quaerat', '16948100', 'ivxi', 4, 'Assumenda ratione sequi quia vero consequatur debitis maxime. Nulla ipsum voluptatibus quaerat accusantium quasi iure. Nulla fugit et distinctio iste. Ea reprehenderit ea ut aut.', 84);
INSERT INTO `product` (`id`, `name`, `price`, `sku`, `status`, `description`, `category_id`) VALUES (285, 'quod', '471390000', 'rzxk', 4, 'Qui sit repellat deserunt enim fugit. Nobis quo reiciendis laborum ab eum dolores. Eum esse quasi laborum dignissimos quam ad debitis. Dignissimos quis omnis accusamus quo.', 85);
INSERT INTO `product` (`id`, `name`, `price`, `sku`, `status`, `description`, `category_id`) VALUES (286, 'voluptatem', '289792', 'ymwd', 5, 'Officiis voluptatem quisquam alias sed natus eligendi quas. Quia voluptatum consequatur dolore deleniti aut quis. Inventore occaecati ratione porro molestias et adipisci explicabo ab. Voluptatibus vel quaerat vero quos velit laborum esse adipisci.', 86);
INSERT INTO `product` (`id`, `name`, `price`, `sku`, `status`, `description`, `category_id`) VALUES (287, 'omnis', '59485000', 'zynq', 0, 'Est dolorum molestiae quasi ullam consequuntur sint eum. Perspiciatis debitis quod sunt velit. Facere eos quasi vero earum quidem perferendis. Corporis excepturi commodi quos at consectetur exercitationem.', 87);
INSERT INTO `product` (`id`, `name`, `price`, `sku`, `status`, `description`, `category_id`) VALUES (288, 'repellat', '9610210', 'muqm', 4, 'Pariatur aut id dolorem ut. Mollitia beatae voluptas consequatur sint est. Dignissimos iure atque quidem.', 88);
INSERT INTO `product` (`id`, `name`, `price`, `sku`, `status`, `description`, `category_id`) VALUES (289, 'dicta', '5.74497', 'dvyw', 8, 'Ut et nobis nesciunt occaecati culpa amet. Dolores rerum facilis et alias et ut.', 89);
INSERT INTO `product` (`id`, `name`, `price`, `sku`, `status`, `description`, `category_id`) VALUES (290, 'facere', '0', 'rwab', 4, 'Et rerum soluta quod repellat dolores voluptatem et. Occaecati architecto sit sint eaque corrupti consectetur. Voluptates quia dolorum labore quo. Dolores qui nihil sint asperiores.', 90);
INSERT INTO `product` (`id`, `name`, `price`, `sku`, `status`, `description`, `category_id`) VALUES (291, 'officiis', '0', 'umwm', 0, 'Cum soluta corporis autem consequatur voluptates. Molestias accusamus et et debitis quis blanditiis omnis. Autem magnam aut repellat est nam accusamus. Velit voluptatem est ut adipisci illo ex facere consequatur.', 91);
INSERT INTO `product` (`id`, `name`, `price`, `sku`, `status`, `description`, `category_id`) VALUES (292, 'voluptas', '26615.6', 'uxdz', 0, 'Perferendis dolor quaerat sunt est et sed iure. Quis illum molestiae voluptatem quia ut. Dolores quibusdam consequatur et repellendus ut. Illum qui minima temporibus optio consequatur. Nulla ipsam quam dignissimos et nisi recusandae.', 92);
INSERT INTO `product` (`id`, `name`, `price`, `sku`, `status`, `description`, `category_id`) VALUES (293, 'amet', '466266', 'djkc', 4, 'Quod voluptatem sit deserunt recusandae voluptatem vel similique. Velit reiciendis voluptatum soluta ut eaque inventore. Sed sapiente dolore rerum atque dolorum tempore commodi. Vel quae aut nesciunt dolor animi est magnam.', 93);
INSERT INTO `product` (`id`, `name`, `price`, `sku`, `status`, `description`, `category_id`) VALUES (294, 'est', '354653', 'sagy', 2, 'Vel rerum voluptates sed nulla qui dolorem repellendus. Aut voluptatem excepturi accusantium eaque.', 94);
INSERT INTO `product` (`id`, `name`, `price`, `sku`, `status`, `description`, `category_id`) VALUES (295, 'voluptatem', '58707.5', 'ksxf', 0, 'Aliquam dolorem aut repellendus expedita officia impedit modi. Repudiandae alias commodi consequatur reiciendis libero laboriosam inventore. Necessitatibus voluptas tenetur in maiores beatae.', 95);
INSERT INTO `product` (`id`, `name`, `price`, `sku`, `status`, `description`, `category_id`) VALUES (296, 'velit', '0', 'iymx', 5, 'Aut optio vel non omnis fuga ratione. Labore eos in ipsa dolores beatae iure. Et rem aut architecto dignissimos.', 96);
INSERT INTO `product` (`id`, `name`, `price`, `sku`, `status`, `description`, `category_id`) VALUES (297, 'saepe', '23132.3', 'djgz', 4, 'Velit nulla nam recusandae. Quia dolor sequi id quod harum. Labore voluptas est perferendis fugit sapiente consequatur nihil et.', 97);
INSERT INTO `product` (`id`, `name`, `price`, `sku`, `status`, `description`, `category_id`) VALUES (298, 'porro', '1078930', 'vvhu', 0, 'Nulla accusamus accusantium officia ad et at. Et ex voluptatem doloribus adipisci quos nobis. Est dolor doloribus magnam similique vel quam sint.', 98);
INSERT INTO `product` (`id`, `name`, `price`, `sku`, `status`, `description`, `category_id`) VALUES (299, 'rerum', '0.47002', 'iduy', 7, 'Dicta et tempore ut neque debitis ea quia. Voluptas vero nesciunt ipsa sed. Dolorem incidunt ut est doloremque ut aut nemo.', 99);
INSERT INTO `product` (`id`, `name`, `price`, `sku`, `status`, `description`, `category_id`) VALUES (300, 'omnis', '196926', 'rozc', 5, 'Veniam commodi dignissimos eum quia repudiandae repellat explicabo. Quis enim consequatur ex impedit explicabo qui. Dolorem harum voluptatum quidem maiores. Sed ducimus aut sit animi asperiores atque dignissimos.', 100);
INSERT INTO `product` (`id`, `name`, `price`, `sku`, `status`, `description`, `category_id`) VALUES (301, 'laudantium', '944950', 'wmak', 9, 'Maxime quos enim ut. Ipsa et qui qui ullam sequi totam enim. Iusto tenetur odio quia unde qui quos quia. Deleniti officia et hic assumenda ipsam magnam sint.', 1);
INSERT INTO `product` (`id`, `name`, `price`, `sku`, `status`, `description`, `category_id`) VALUES (302, 'aliquid', '423635', 'hlwf', 5, 'Dolor maxime ratione fugit. Cum voluptatum aperiam ut eligendi. Sequi vel aut optio non. Pariatur suscipit quod ad doloribus. Recusandae voluptas cum eos dolorem.', 2);
INSERT INTO `product` (`id`, `name`, `price`, `sku`, `status`, `description`, `category_id`) VALUES (303, 'dolore', '34.2', 'dfye', 2, 'Sint dicta voluptatem error autem. Quia cumque repellendus incidunt maiores voluptatum debitis odit. Id hic voluptatem commodi iure vero architecto.', 3);
INSERT INTO `product` (`id`, `name`, `price`, `sku`, `status`, `description`, `category_id`) VALUES (304, 'accusantium', '2768.88', 'flpo', 5, 'Vel consequatur illo et. Velit voluptates et neque officiis sed aut reprehenderit sint. Magni expedita dolor minima repudiandae.', 4);
INSERT INTO `product` (`id`, `name`, `price`, `sku`, `status`, `description`, `category_id`) VALUES (305, 'eum', '0', 'rsks', 4, 'Et ut aut vel voluptatum dolorem. Provident nobis minima quia quae rerum. Labore cupiditate expedita eum facere maiores. Eveniet sed ducimus rem officia atque repellat.', 5);
INSERT INTO `product` (`id`, `name`, `price`, `sku`, `status`, `description`, `category_id`) VALUES (306, 'ut', '292.485', 'nhtx', 0, 'Voluptas ab nemo eum consequuntur odit. Sit nostrum explicabo explicabo est quae dolores nihil. Debitis sit deleniti ea quia fugiat eveniet. Ab laboriosam odio aut et.', 6);
INSERT INTO `product` (`id`, `name`, `price`, `sku`, `status`, `description`, `category_id`) VALUES (307, 'aut', '28161', 'uiai', 5, 'Maxime nulla quia reiciendis animi ut. Voluptatibus quia quam illum sed voluptatem libero ex. Sit ullam sit ratione accusantium. Molestiae quidem natus aliquam dolor minus et delectus occaecati.', 7);
INSERT INTO `product` (`id`, `name`, `price`, `sku`, `status`, `description`, `category_id`) VALUES (308, 'quo', '88109.9', 'cqsk', 7, 'Excepturi dignissimos atque ratione. Aperiam mollitia amet ea reprehenderit assumenda porro expedita. Quia et assumenda et voluptate.', 8);
INSERT INTO `product` (`id`, `name`, `price`, `sku`, `status`, `description`, `category_id`) VALUES (309, 'magni', '0', 'pljk', 4, 'Et et voluptatum inventore velit eius quo eveniet. Sunt eum perferendis qui quam nisi vitae blanditiis. Ut quasi dolores dicta veritatis quo quia atque hic. Ipsa dignissimos tempora est dolorem earum repudiandae commodi.', 9);
INSERT INTO `product` (`id`, `name`, `price`, `sku`, `status`, `description`, `category_id`) VALUES (310, 'sapiente', '607917', 'mcwj', 8, 'Qui non ut voluptatem et voluptatum numquam dolores. Non molestiae dolor ratione at qui molestiae. Possimus quasi at atque velit dolor ut fuga.', 10);
INSERT INTO `product` (`id`, `name`, `price`, `sku`, `status`, `description`, `category_id`) VALUES (311, 'enim', '200265000', 'onix', 3, 'Qui adipisci nulla in qui. Occaecati nihil cum voluptatem sunt. Quis minus nemo quo ab sit necessitatibus.', 11);
INSERT INTO `product` (`id`, `name`, `price`, `sku`, `status`, `description`, `category_id`) VALUES (312, 'modi', '49', 'tvsp', 0, 'Nesciunt corrupti aliquam et recusandae tempore. Consectetur error in aut veritatis rem eveniet voluptate.', 12);
INSERT INTO `product` (`id`, `name`, `price`, `sku`, `status`, `description`, `category_id`) VALUES (313, 'cum', '1739280', 'hgtt', 8, 'Dolores adipisci repellendus in expedita perferendis. Incidunt voluptas optio itaque qui. Repellendus esse voluptatibus labore est fugit.', 13);
INSERT INTO `product` (`id`, `name`, `price`, `sku`, `status`, `description`, `category_id`) VALUES (314, 'voluptas', '293', 'zdfe', 3, 'Non exercitationem in veritatis voluptatibus maxime totam id. Nam iusto iusto et totam. Rem aut nobis nihil velit.', 14);
INSERT INTO `product` (`id`, `name`, `price`, `sku`, `status`, `description`, `category_id`) VALUES (315, 'itaque', '67.27', 'mamz', 4, 'Ea earum consectetur odio et sit ut. Nihil ex quaerat autem voluptatem saepe. Magni itaque nesciunt amet impedit mollitia assumenda architecto. Eligendi nulla tenetur quia ut voluptatibus atque et.', 15);
INSERT INTO `product` (`id`, `name`, `price`, `sku`, `status`, `description`, `category_id`) VALUES (316, 'earum', '353.727', 'ccvz', 9, 'Qui dolorum aut voluptatum eos corporis sequi fuga. Vitae dolorem inventore debitis quod qui voluptatibus ipsum. Tempore ut quam voluptatibus et dignissimos. Sit sit ut enim. Maiores quos ratione dicta.', 16);
INSERT INTO `product` (`id`, `name`, `price`, `sku`, `status`, `description`, `category_id`) VALUES (317, 'praesentium', '1.49974', 'ogak', 8, 'Quaerat sit eos qui dolores vitae laboriosam et. Asperiores repellat velit reprehenderit corrupti excepturi temporibus. Corporis porro ut omnis provident a provident iure.', 17);
INSERT INTO `product` (`id`, `name`, `price`, `sku`, `status`, `description`, `category_id`) VALUES (318, 'ab', '4460810', 'pfuk', 7, 'Assumenda necessitatibus voluptas facilis sint odio cupiditate similique. Et harum id aut voluptatibus rem autem. Saepe tempora sint voluptatum assumenda aliquid ad.', 18);
INSERT INTO `product` (`id`, `name`, `price`, `sku`, `status`, `description`, `category_id`) VALUES (319, 'earum', '7', 'lusk', 9, 'Voluptas dolorem mollitia eos odio voluptatibus beatae. Magni minima aut quia aut consequuntur voluptatum. Odit ut error incidunt ducimus laborum. Assumenda id sunt quibusdam modi sed autem molestiae repellat.', 19);
INSERT INTO `product` (`id`, `name`, `price`, `sku`, `status`, `description`, `category_id`) VALUES (320, 'quis', '9.08827', 'zjhb', 7, 'Ea voluptate commodi quia asperiores eum aspernatur. Eaque est minus dignissimos numquam temporibus impedit. Tempora laboriosam iste assumenda officia. Ut laborum porro qui totam.', 20);
INSERT INTO `product` (`id`, `name`, `price`, `sku`, `status`, `description`, `category_id`) VALUES (321, 'quae', '758946', 'egqw', 8, 'Ab eligendi illo et blanditiis et. Ab aperiam quia non quaerat laboriosam sed ut. Cumque est vel ducimus ut et. Maxime sit similique quaerat ut.', 21);
INSERT INTO `product` (`id`, `name`, `price`, `sku`, `status`, `description`, `category_id`) VALUES (322, 'optio', '40073.8', 'xewk', 2, 'Et est et quasi vitae itaque odio exercitationem. Id praesentium deserunt occaecati aperiam omnis. Iure voluptas modi corrupti autem corporis iste.', 22);
INSERT INTO `product` (`id`, `name`, `price`, `sku`, `status`, `description`, `category_id`) VALUES (323, 'illo', '0', 'bkpd', 0, 'Ut voluptatum neque aliquam sit voluptatem laborum. Non neque et velit incidunt. Voluptas qui velit atque tenetur a perferendis sed. Veniam repellendus dignissimos enim.', 23);
INSERT INTO `product` (`id`, `name`, `price`, `sku`, `status`, `description`, `category_id`) VALUES (324, 'cumque', '2.6607', 'iiko', 2, 'Omnis et incidunt error eligendi unde amet ea. Unde earum vitae at molestias eaque. Maxime repudiandae amet nam. Aut debitis qui ipsa dicta voluptates. Ut tempore voluptatem reiciendis consectetur aut ad.', 24);
INSERT INTO `product` (`id`, `name`, `price`, `sku`, `status`, `description`, `category_id`) VALUES (325, 'vel', '593366', 'tulb', 8, 'Inventore ullam officiis labore ducimus minima temporibus. Saepe inventore tempora dolorem ut rem.', 25);
INSERT INTO `product` (`id`, `name`, `price`, `sku`, `status`, `description`, `category_id`) VALUES (326, 'quod', '77.8193', 'qtlh', 0, 'Nulla rerum qui consequatur impedit sint necessitatibus. Consequuntur autem eos ea sit. Reprehenderit ut ut tempore ipsa non.', 26);
INSERT INTO `product` (`id`, `name`, `price`, `sku`, `status`, `description`, `category_id`) VALUES (327, 'ut', '29438900', 'hvlw', 3, 'Est rem et unde a eum sed. Pariatur hic id fuga iste. Deserunt hic neque voluptate nobis iure vel.', 27);
INSERT INTO `product` (`id`, `name`, `price`, `sku`, `status`, `description`, `category_id`) VALUES (328, 'magni', '256614000', 'nhqb', 1, 'Sequi et ut porro odit. Quia sint sit occaecati impedit. Aliquam sunt aut facilis omnis.', 28);
INSERT INTO `product` (`id`, `name`, `price`, `sku`, `status`, `description`, `category_id`) VALUES (329, 'facilis', '5.57654', 'zbmm', 5, 'Sunt debitis sed suscipit ab. Voluptatibus velit natus enim exercitationem ea. Eius consequatur deserunt voluptatem unde. Perspiciatis est repudiandae est dolores nam nostrum.', 29);
INSERT INTO `product` (`id`, `name`, `price`, `sku`, `status`, `description`, `category_id`) VALUES (330, 'nesciunt', '0.156', 'ohxk', 7, 'Quia sapiente laboriosam similique eligendi. Suscipit atque eius voluptatem nostrum. Repellendus voluptatum magni dolorem praesentium maiores.', 30);
INSERT INTO `product` (`id`, `name`, `price`, `sku`, `status`, `description`, `category_id`) VALUES (331, 'quis', '30913400', 'iobe', 5, 'Perspiciatis tempore quibusdam assumenda atque doloribus. Voluptatem aut placeat voluptatum quia in tempore recusandae. Vitae ea nisi velit. Similique id debitis et sit fugiat consequatur enim. Quia iure sed vel quaerat fuga.', 31);
INSERT INTO `product` (`id`, `name`, `price`, `sku`, `status`, `description`, `category_id`) VALUES (332, 'quisquam', '52.9464', 'vqlb', 6, 'Quisquam ut incidunt eos quia voluptatem ad. Et animi totam et qui. Quam deleniti debitis nesciunt est nobis dolore. Placeat culpa et dolor molestiae ipsum.', 32);
INSERT INTO `product` (`id`, `name`, `price`, `sku`, `status`, `description`, `category_id`) VALUES (333, 'magni', '6.279', 'cyhm', 3, 'Fuga et nam aliquid aliquam magnam consequuntur et. Expedita asperiores eum voluptatem vitae dolor tempora temporibus. Et ut incidunt iusto et incidunt recusandae dicta.', 33);
INSERT INTO `product` (`id`, `name`, `price`, `sku`, `status`, `description`, `category_id`) VALUES (334, 'fugiat', '620445000', 'egfo', 1, 'Est ut molestiae porro adipisci sequi veritatis ipsam. Ad maxime quo quam aut. Dolores explicabo omnis est aliquid facilis magnam maxime.', 34);
INSERT INTO `product` (`id`, `name`, `price`, `sku`, `status`, `description`, `category_id`) VALUES (335, 'ut', '1845350', 'paty', 2, 'Quis est hic corrupti. Cumque nobis delectus et omnis rerum sequi exercitationem. Qui odio minima odit perferendis.', 35);
INSERT INTO `product` (`id`, `name`, `price`, `sku`, `status`, `description`, `category_id`) VALUES (336, 'qui', '6774130', 'xalg', 9, 'Quae enim perspiciatis quibusdam et iste. Ut veritatis error adipisci quisquam sit.', 36);
INSERT INTO `product` (`id`, `name`, `price`, `sku`, `status`, `description`, `category_id`) VALUES (337, 'possimus', '2114.89', 'rpjw', 8, 'Ut nisi facilis non facilis et. Accusamus amet rem tenetur minus nihil voluptatem. Sit ea corporis sint natus.', 37);
INSERT INTO `product` (`id`, `name`, `price`, `sku`, `status`, `description`, `category_id`) VALUES (338, 'eius', '0', 'rkdu', 2, 'Nobis natus libero ut dolores laborum minima distinctio. Facere iusto sit veritatis sequi ut. Facilis minus soluta ut.', 38);
INSERT INTO `product` (`id`, `name`, `price`, `sku`, `status`, `description`, `category_id`) VALUES (339, 'et', '24700.3', 'ktkl', 1, 'Error deleniti amet id ullam esse. Voluptatem modi quaerat et laudantium architecto. Quos non nihil quidem delectus nesciunt sit incidunt rerum. Nam cumque minus eligendi expedita sed.', 39);
INSERT INTO `product` (`id`, `name`, `price`, `sku`, `status`, `description`, `category_id`) VALUES (340, 'cum', '17908.7', 'aaxe', 3, 'Tenetur aliquid architecto quis eaque. Quia consequatur sit distinctio praesentium. Aut est aut voluptatum ducimus.', 40);
INSERT INTO `product` (`id`, `name`, `price`, `sku`, `status`, `description`, `category_id`) VALUES (341, 'ducimus', '20846.1', 'hgih', 6, 'Quaerat sed reiciendis culpa qui. Assumenda voluptas ipsam minus deleniti. Atque officiis atque eum et nemo.', 41);
INSERT INTO `product` (`id`, `name`, `price`, `sku`, `status`, `description`, `category_id`) VALUES (342, 'quas', '2348.82', 'cmme', 6, 'Perferendis iste et neque quae vitae doloremque laborum. Error quis mollitia omnis consequuntur sunt libero. Dolorem eum doloremque harum quo. Et sint fugit explicabo iure.', 42);
INSERT INTO `product` (`id`, `name`, `price`, `sku`, `status`, `description`, `category_id`) VALUES (343, 'ipsa', '9.92983', 'iymz', 8, 'Deserunt omnis at sequi sunt qui. Ea porro ea corporis vitae. Quia impedit possimus a qui sit illo dignissimos. Et tenetur quibusdam consequatur rerum veritatis praesentium.', 43);
INSERT INTO `product` (`id`, `name`, `price`, `sku`, `status`, `description`, `category_id`) VALUES (344, 'ab', '16916.8', 'abwf', 7, 'Quidem non eum et vero dolore vero voluptatum animi. Dolorum enim sequi eligendi laboriosam voluptas harum esse.', 44);
INSERT INTO `product` (`id`, `name`, `price`, `sku`, `status`, `description`, `category_id`) VALUES (345, 'ut', '23564300', 'afvx', 4, 'Dolorem asperiores neque est fugit eaque. Praesentium quos dolorum nihil et. In qui iure voluptatem repudiandae. Nihil eum veritatis nisi dolores aut.', 45);
INSERT INTO `product` (`id`, `name`, `price`, `sku`, `status`, `description`, `category_id`) VALUES (346, 'optio', '6204500', 'uizg', 0, 'Magni veniam consequatur totam nostrum. Minus illo eveniet quasi sit et deleniti. Et a ab ut cum ut et voluptatem dolores. Unde et autem deleniti voluptas ratione dolorum dolore.', 46);
INSERT INTO `product` (`id`, `name`, `price`, `sku`, `status`, `description`, `category_id`) VALUES (347, 'error', '189713', 'gvmc', 3, 'Quia fuga et sunt. Eum accusantium aut perspiciatis ipsam totam optio nobis. Omnis odio repellat illum non ut aliquam. Dolor inventore eum eaque accusantium blanditiis.', 47);
INSERT INTO `product` (`id`, `name`, `price`, `sku`, `status`, `description`, `category_id`) VALUES (348, 'voluptatum', '23.2824', 'obec', 1, 'Est quisquam numquam pariatur sint doloribus adipisci quis. Perferendis at optio et pariatur ad. Reprehenderit et molestias asperiores quam architecto. Corporis corporis totam quod animi.', 48);
INSERT INTO `product` (`id`, `name`, `price`, `sku`, `status`, `description`, `category_id`) VALUES (349, 'laborum', '14177600', 'qqbg', 3, 'Et nihil nulla voluptas qui ut maiores illo. Ex voluptas et debitis repudiandae repudiandae. Sit molestiae quo expedita facere.', 49);
INSERT INTO `product` (`id`, `name`, `price`, `sku`, `status`, `description`, `category_id`) VALUES (350, 'iste', '1.47705', 'ksxs', 0, 'Aut corporis fuga debitis asperiores asperiores assumenda. Quia numquam reiciendis veniam placeat omnis eaque sit. Blanditiis et ut harum beatae voluptates.', 50);
INSERT INTO `product` (`id`, `name`, `price`, `sku`, `status`, `description`, `category_id`) VALUES (351, 'libero', '83927.6', 'sove', 4, 'Soluta praesentium accusantium et dolor. Similique laborum voluptas velit. Cum recusandae ea aperiam dignissimos velit dolor autem. Error eos et dicta repellendus eaque nisi in.', 51);
INSERT INTO `product` (`id`, `name`, `price`, `sku`, `status`, `description`, `category_id`) VALUES (352, 'ipsam', '20.1916', 'fovk', 8, 'Magnam itaque nesciunt incidunt eius modi dolores. Eveniet nisi placeat praesentium sunt doloremque. Deleniti ut nam ut non. Dolorem tempora magnam dolorem temporibus qui. Est aut soluta corrupti aliquam velit hic.', 52);
INSERT INTO `product` (`id`, `name`, `price`, `sku`, `status`, `description`, `category_id`) VALUES (353, 'iste', '1957660', 'hgwm', 6, 'Recusandae ratione delectus eligendi vitae ducimus suscipit ut. Inventore culpa dolore omnis at saepe a et. Similique mollitia cumque dolorem quaerat aut. Nemo vitae nesciunt omnis illum architecto enim.', 53);
INSERT INTO `product` (`id`, `name`, `price`, `sku`, `status`, `description`, `category_id`) VALUES (354, 'quidem', '0', 'atbt', 5, 'Laboriosam quidem eveniet perferendis esse harum laudantium. Voluptatem sit tempore voluptatum rerum cupiditate. Nemo inventore modi soluta quos quia aut sit. Et molestiae voluptatem facilis voluptates dolor ratione. Sed ab iste nemo culpa ut.', 54);
INSERT INTO `product` (`id`, `name`, `price`, `sku`, `status`, `description`, `category_id`) VALUES (355, 'quas', '43744.7', 'twax', 6, 'Dolores et quasi ullam aut est. Aliquam id accusantium similique amet odit. Libero harum assumenda non iste dolorum.', 55);
INSERT INTO `product` (`id`, `name`, `price`, `sku`, `status`, `description`, `category_id`) VALUES (356, 'aut', '28346', 'zpls', 9, 'Eveniet ad autem ut consectetur. Dolores officiis tempore provident voluptatibus unde. Corrupti asperiores ut ut esse ut repellendus sint. Sint officia est asperiores natus iusto.', 56);
INSERT INTO `product` (`id`, `name`, `price`, `sku`, `status`, `description`, `category_id`) VALUES (357, 'quidem', '4444540', 'sdcu', 9, 'Veniam sed omnis est nesciunt aspernatur. Laborum debitis natus ipsum excepturi sint.', 57);
INSERT INTO `product` (`id`, `name`, `price`, `sku`, `status`, `description`, `category_id`) VALUES (358, 'et', '24.5099', 'mstu', 3, 'Cumque suscipit dolores est quia nobis. Autem quia ut qui minus tempore. Veritatis autem qui excepturi nam laborum sed ut accusamus. Asperiores ut optio placeat eius et.', 58);
INSERT INTO `product` (`id`, `name`, `price`, `sku`, `status`, `description`, `category_id`) VALUES (359, 'recusandae', '331.1', 'botb', 2, 'Nobis quaerat maxime sit doloremque molestiae modi eveniet. Qui quas est est assumenda ut ut amet. Asperiores illum laborum cumque quia sapiente adipisci. Inventore laborum incidunt doloribus ut dolore vel alias. Modi id eum esse et voluptatem aliquid tot', 59);
INSERT INTO `product` (`id`, `name`, `price`, `sku`, `status`, `description`, `category_id`) VALUES (360, 'suscipit', '10.37', 'qmop', 3, 'Possimus rerum debitis harum dolorem cumque non qui. Similique et voluptatem laboriosam eum voluptatem tenetur. Harum temporibus illo eos. Porro ex ipsam ipsum fuga quis enim.', 60);
INSERT INTO `product` (`id`, `name`, `price`, `sku`, `status`, `description`, `category_id`) VALUES (361, 'sed', '51995.3', 'xqju', 1, 'Inventore fugit porro error molestiae sapiente dolorem. Consequatur iusto sed adipisci.', 61);
INSERT INTO `product` (`id`, `name`, `price`, `sku`, `status`, `description`, `category_id`) VALUES (362, 'qui', '6', 'xmxo', 4, 'Ut quo reprehenderit unde voluptatibus aut. Esse repudiandae dolorem explicabo sequi. Dolorum eum et occaecati cumque. Soluta consequatur eos laborum exercitationem et exercitationem ullam. Qui libero aut dolor impedit.', 62);
INSERT INTO `product` (`id`, `name`, `price`, `sku`, `status`, `description`, `category_id`) VALUES (363, 'explicabo', '347284', 'rwpb', 4, 'Dolore quod molestiae voluptatem explicabo. Voluptatibus et omnis quas quos sint. Quasi quidem nemo ex odit. Ut provident ea voluptas dolorem sunt est.', 63);
INSERT INTO `product` (`id`, `name`, `price`, `sku`, `status`, `description`, `category_id`) VALUES (364, 'officia', '75150.2', 'aqvk', 3, 'Ea cumque similique praesentium qui. Ducimus beatae aut voluptate ut. Deserunt quibusdam quidem illo autem. Cumque eligendi expedita dolorum pariatur eos temporibus.', 64);
INSERT INTO `product` (`id`, `name`, `price`, `sku`, `status`, `description`, `category_id`) VALUES (365, 'ut', '2.82808', 'rdds', 8, 'Molestiae ipsa consequatur quisquam nobis impedit. Quos maxime sed sed repellat minus earum aut. Et et odio sit ad sint omnis dolores. Sit ut tempora veniam magni deserunt in quibusdam.', 65);
INSERT INTO `product` (`id`, `name`, `price`, `sku`, `status`, `description`, `category_id`) VALUES (366, 'dolores', '0', 'jltr', 8, 'Ut minus vel ut voluptatem suscipit eaque. Quis odio qui numquam qui consequatur et est. Ut et non non ipsam sed. Repellat quas perspiciatis occaecati et modi pariatur necessitatibus.', 66);
INSERT INTO `product` (`id`, `name`, `price`, `sku`, `status`, `description`, `category_id`) VALUES (367, 'eius', '2105.95', 'zmrb', 1, 'Consequatur earum id autem consequatur eum aspernatur ad. Repellat exercitationem quis repellat temporibus. Nulla ipsam et perferendis deleniti laborum et molestiae.', 67);
INSERT INTO `product` (`id`, `name`, `price`, `sku`, `status`, `description`, `category_id`) VALUES (368, 'enim', '0.66', 'vylb', 3, 'Aut quod deleniti minus commodi. Et sed impedit velit quis et nulla eius. Eos accusantium odio a molestiae a qui. Consequuntur omnis enim est ut consequatur odio rerum.', 68);
INSERT INTO `product` (`id`, `name`, `price`, `sku`, `status`, `description`, `category_id`) VALUES (369, 'voluptas', '33852.4', 'pcmr', 6, 'Voluptatum sit eveniet eum velit autem. Qui soluta asperiores veniam omnis repellendus sunt cum nesciunt. Aut alias consequatur vel culpa. Voluptatum ipsa blanditiis reiciendis perspiciatis earum iusto sequi.', 69);
INSERT INTO `product` (`id`, `name`, `price`, `sku`, `status`, `description`, `category_id`) VALUES (370, 'corporis', '6994110', 'jwoq', 3, 'Porro aspernatur reprehenderit iste qui dolore asperiores. Eaque aut nesciunt possimus minus esse maiores ullam. Doloremque et sed est aut et. Perferendis totam sunt eius et nulla modi.', 70);
INSERT INTO `product` (`id`, `name`, `price`, `sku`, `status`, `description`, `category_id`) VALUES (371, 'praesentium', '261623000', 'bdfk', 0, 'Quasi et nam voluptates deleniti quasi. Ut enim dolorem voluptas vel distinctio atque. Laboriosam aspernatur reiciendis aliquam ullam. Et officiis autem dicta ab veritatis.', 71);
INSERT INTO `product` (`id`, `name`, `price`, `sku`, `status`, `description`, `category_id`) VALUES (372, 'eum', '99.6142', 'vvqh', 8, 'Maiores ducimus temporibus aperiam a quis esse illo magni. Quis fugiat nihil cupiditate consequuntur laboriosam consequuntur non. Et est aut blanditiis qui eum cupiditate est animi. Nulla dolor repudiandae et voluptas delectus ea.', 72);
INSERT INTO `product` (`id`, `name`, `price`, `sku`, `status`, `description`, `category_id`) VALUES (373, 'fugiat', '216.6', 'hkch', 8, 'Non voluptatem fugiat rerum temporibus. Sequi officia dolore numquam illo. Odio numquam quo ullam ratione eos nostrum.', 73);
INSERT INTO `product` (`id`, `name`, `price`, `sku`, `status`, `description`, `category_id`) VALUES (374, 'reiciendis', '1618460', 'ugoi', 8, 'Ipsam impedit adipisci accusantium voluptas qui veniam enim. Sit eos dolorum nisi repellat rem. Eum dolor itaque quo eveniet. Adipisci tenetur repellendus quia iure alias.', 74);
INSERT INTO `product` (`id`, `name`, `price`, `sku`, `status`, `description`, `category_id`) VALUES (375, 'dolorum', '9959530', 'qvmx', 6, 'Odit velit modi modi provident dolorum perferendis. Fugiat dolorem non dolor sint sit quos mollitia. Aut possimus eveniet earum provident.', 75);
INSERT INTO `product` (`id`, `name`, `price`, `sku`, `status`, `description`, `category_id`) VALUES (376, 'tempora', '0', 'elon', 4, 'Aut architecto quis ratione ea voluptatem rem. Nobis sed repellat aliquid officiis recusandae optio. Et ut reiciendis praesentium qui non aspernatur sit in.', 76);
INSERT INTO `product` (`id`, `name`, `price`, `sku`, `status`, `description`, `category_id`) VALUES (377, 'vel', '0', 'zylx', 5, 'Corrupti distinctio ullam animi ad recusandae culpa. Quos eum eveniet voluptatem exercitationem consequatur eos asperiores vel. Explicabo sit eveniet velit suscipit sint.', 77);
INSERT INTO `product` (`id`, `name`, `price`, `sku`, `status`, `description`, `category_id`) VALUES (378, 'et', '0.36706', 'rkuw', 4, 'Recusandae ullam quo esse occaecati repellat. Est voluptatibus voluptatem voluptatem possimus amet esse. Repellendus ex aspernatur ipsam et.', 78);
INSERT INTO `product` (`id`, `name`, `price`, `sku`, `status`, `description`, `category_id`) VALUES (379, 'quia', '20197.6', 'uylp', 9, 'Quia dolorem aut dignissimos dolorum. Harum repudiandae explicabo est expedita fugit. Quia harum quas sit quis. Veniam tempore impedit vitae fugit. Id ut velit doloribus officia sit.', 79);
INSERT INTO `product` (`id`, `name`, `price`, `sku`, `status`, `description`, `category_id`) VALUES (380, 'rem', '15826.1', 'fizc', 4, 'Soluta maxime sunt repudiandae quaerat. Error explicabo officia modi. Delectus aliquam magnam necessitatibus placeat deleniti ipsa. Provident et veritatis ducimus iste est blanditiis ipsam.', 80);
INSERT INTO `product` (`id`, `name`, `price`, `sku`, `status`, `description`, `category_id`) VALUES (381, 'omnis', '317298', 'cdwr', 8, 'Adipisci ex libero exercitationem est. Nulla tempora enim asperiores ut dolores alias. Eius ut qui eos quia aut et est ut.', 81);
INSERT INTO `product` (`id`, `name`, `price`, `sku`, `status`, `description`, `category_id`) VALUES (382, 'voluptatem', '2926', 'rdjb', 0, 'Velit maiores in possimus. Voluptatum reprehenderit rerum nihil ab. Beatae tempora numquam eligendi similique in. Iure nesciunt et suscipit alias qui.', 82);
INSERT INTO `product` (`id`, `name`, `price`, `sku`, `status`, `description`, `category_id`) VALUES (383, 'totam', '252853', 'skxw', 3, 'Quia possimus asperiores voluptas ab asperiores quo optio. Laboriosam tempora nemo id voluptatem velit. Fugit esse id pariatur ut culpa itaque necessitatibus velit.', 83);
INSERT INTO `product` (`id`, `name`, `price`, `sku`, `status`, `description`, `category_id`) VALUES (384, 'esse', '843020', 'pgtz', 0, 'Cumque corrupti alias ipsam modi. Consectetur necessitatibus quaerat nihil accusantium. Doloribus autem velit aliquam id est officiis. Dolorem consequatur et voluptate ut exercitationem.', 84);
INSERT INTO `product` (`id`, `name`, `price`, `sku`, `status`, `description`, `category_id`) VALUES (385, 'omnis', '3982720', 'kbhp', 7, 'Quia dolores non rem occaecati modi sunt. Modi itaque quae ducimus beatae expedita. Eveniet assumenda voluptas voluptas non et velit et.', 85);
INSERT INTO `product` (`id`, `name`, `price`, `sku`, `status`, `description`, `category_id`) VALUES (386, 'illo', '1848260', 'mgyw', 9, 'Alias voluptatum commodi harum excepturi molestias. Vel aut enim officiis. Vel fugit aut voluptas repudiandae.', 86);
INSERT INTO `product` (`id`, `name`, `price`, `sku`, `status`, `description`, `category_id`) VALUES (387, 'aperiam', '643523', 'mnxe', 4, 'Hic omnis non doloremque possimus rem nesciunt aperiam. Non dicta ea voluptate id. Impedit quidem adipisci ipsa illum. Cumque molestiae qui veritatis sit in.', 87);
INSERT INTO `product` (`id`, `name`, `price`, `sku`, `status`, `description`, `category_id`) VALUES (388, 'reprehenderit', '62566800', 'flln', 9, 'Quo architecto nulla dignissimos voluptatem sequi corporis eligendi. Numquam rem aliquid a quia quia. Magni fugiat nesciunt ad ipsum iusto.', 88);
INSERT INTO `product` (`id`, `name`, `price`, `sku`, `status`, `description`, `category_id`) VALUES (389, 'nostrum', '550.771', 'qyxu', 1, 'Odio error amet numquam est quam totam. Enim qui facilis ratione totam laboriosam. Iure at corrupti at delectus.', 89);
INSERT INTO `product` (`id`, `name`, `price`, `sku`, `status`, `description`, `category_id`) VALUES (390, 'omnis', '45.8808', 'lpgw', 1, 'Minima magnam dolores nisi aspernatur atque molestiae magnam. Magni et veritatis quo numquam magni nam omnis. Molestias nemo sapiente et facere quo voluptatem omnis.', 90);
INSERT INTO `product` (`id`, `name`, `price`, `sku`, `status`, `description`, `category_id`) VALUES (391, 'quas', '132958000', 'kviw', 6, 'Suscipit voluptate quia perferendis quia maxime qui fuga. Rerum et exercitationem deleniti aut vel maiores. Cumque dolores et eum temporibus quidem. Aut vel quia ea beatae ratione. Aspernatur consequuntur qui consequatur.', 91);
INSERT INTO `product` (`id`, `name`, `price`, `sku`, `status`, `description`, `category_id`) VALUES (392, 'quos', '7514550', 'thoz', 9, 'Quo dolorem est aliquam vero. Perferendis alias quia omnis autem sit unde id. Cupiditate fugiat et suscipit qui. Aut sit nesciunt aut modi.', 92);
INSERT INTO `product` (`id`, `name`, `price`, `sku`, `status`, `description`, `category_id`) VALUES (393, 'architecto', '6522.92', 'htiy', 5, 'Quae praesentium dolor corporis velit iusto at omnis. Repellat id quae numquam doloremque. Nobis est deserunt libero sed ipsum consequatur. Totam et accusamus harum aperiam a in.', 93);
INSERT INTO `product` (`id`, `name`, `price`, `sku`, `status`, `description`, `category_id`) VALUES (394, 'voluptas', '57017000', 'xrhn', 2, 'Saepe consequatur ipsam fugit quam id aut vel. Ut rerum est quae sed. Sunt velit velit rerum aut accusamus officia. Harum nulla quia occaecati et quia quia. Quia illo quo ullam ea repellendus voluptas.', 94);
INSERT INTO `product` (`id`, `name`, `price`, `sku`, `status`, `description`, `category_id`) VALUES (395, 'vel', '503497', 'rnzb', 0, 'Tempora repudiandae aliquam vitae numquam vel blanditiis sed nisi. Veniam nesciunt nihil ex. Accusamus nostrum dolores vero qui eos tenetur libero.', 95);
INSERT INTO `product` (`id`, `name`, `price`, `sku`, `status`, `description`, `category_id`) VALUES (396, 'veritatis', '0', 'lxqg', 6, 'Nam tenetur ipsam quis consequatur repellendus enim. Quas debitis ut debitis quo libero cum. Omnis assumenda mollitia rerum nesciunt quia dolorum ipsam at.', 96);
INSERT INTO `product` (`id`, `name`, `price`, `sku`, `status`, `description`, `category_id`) VALUES (397, 'voluptas', '162.39', 'uegc', 7, 'Esse praesentium vero qui placeat labore dolor beatae. In corporis alias quidem qui aut doloribus consectetur. Reiciendis saepe dolores enim tenetur quisquam excepturi voluptates.', 97);
INSERT INTO `product` (`id`, `name`, `price`, `sku`, `status`, `description`, `category_id`) VALUES (398, 'magni', '32418400', 'dkdd', 0, 'Iste praesentium ullam perspiciatis laudantium minima. Libero soluta quam ratione. Dolorem et facilis odit quae exercitationem eos. Magni pariatur omnis architecto eius.', 98);
INSERT INTO `product` (`id`, `name`, `price`, `sku`, `status`, `description`, `category_id`) VALUES (399, 'aut', '0', 'amrh', 6, 'Optio voluptates itaque et quia ut. Omnis consectetur aut reiciendis ratione facilis. Libero aut vero ipsa dolorem assumenda fuga incidunt quia. Iste laboriosam voluptates et quo ipsam ea nemo error.', 99);
INSERT INTO `product` (`id`, `name`, `price`, `sku`, `status`, `description`, `category_id`) VALUES (400, 'voluptatibus', '12399000', 'cbaw', 8, 'Corporis molestiae esse corporis vel. Ut quos non magnam aut. Enim voluptates quam recusandae non qui consequuntur ut.', 100);
INSERT INTO `product` (`id`, `name`, `price`, `sku`, `status`, `description`, `category_id`) VALUES (401, 'voluptatem', '52.9247', 'xxun', 3, 'Quod magnam quas sint. Eaque autem enim eligendi maiores et totam fugit perspiciatis. Dolor odio quia expedita voluptatibus doloremque ut. Molestiae repellendus assumenda voluptatem nostrum aspernatur dicta.', 1);
INSERT INTO `product` (`id`, `name`, `price`, `sku`, `status`, `description`, `category_id`) VALUES (402, 'autem', '11.4324', 'mqaw', 5, 'Et sint aut expedita nesciunt et. Impedit dolores est neque nisi veritatis. Sequi assumenda nobis laborum quia. Possimus qui et recusandae consectetur et non in nihil.', 2);
INSERT INTO `product` (`id`, `name`, `price`, `sku`, `status`, `description`, `category_id`) VALUES (403, 'quam', '40591800', 'gevi', 4, 'Rerum aut eum sapiente aperiam porro eveniet quia. Ut ullam omnis repellendus est sapiente id perspiciatis architecto. Nemo est debitis ratione non sint itaque voluptatum.', 3);
INSERT INTO `product` (`id`, `name`, `price`, `sku`, `status`, `description`, `category_id`) VALUES (404, 'a', '241.923', 'glov', 7, 'Deleniti quo dolores et ut magni odit autem. Est soluta optio ut. Et voluptas molestiae occaecati temporibus.', 4);
INSERT INTO `product` (`id`, `name`, `price`, `sku`, `status`, `description`, `category_id`) VALUES (405, 'est', '28', 'edwk', 9, 'Omnis officiis ut blanditiis non ab. Autem qui veniam ea qui non. Doloremque nobis porro laudantium sit facilis facere voluptatibus.', 5);
INSERT INTO `product` (`id`, `name`, `price`, `sku`, `status`, `description`, `category_id`) VALUES (406, 'consequatur', '9642980', 'hfhh', 8, 'Nam temporibus et rerum mollitia est. Nesciunt sit rerum eius. Suscipit ea beatae ut ut. Alias quia vitae eos odio a accusantium repellat pariatur.', 6);
INSERT INTO `product` (`id`, `name`, `price`, `sku`, `status`, `description`, `category_id`) VALUES (407, 'temporibus', '2657330', 'imcm', 2, 'Voluptates ut quibusdam impedit esse laborum. Cum architecto ea architecto repellendus et. Autem aut illum quia. Vero nobis officiis officia quam similique eos ut voluptas.', 7);
INSERT INTO `product` (`id`, `name`, `price`, `sku`, `status`, `description`, `category_id`) VALUES (408, 'saepe', '0', 'yjbo', 7, 'Qui excepturi rerum mollitia voluptatem. Ducimus aliquam deleniti veritatis placeat ab est voluptatum. Nostrum quos est quisquam nam qui dolorem reiciendis et. Necessitatibus non dolor eos laboriosam perferendis esse. Suscipit ab voluptas magnam sapiente ', 8);
INSERT INTO `product` (`id`, `name`, `price`, `sku`, `status`, `description`, `category_id`) VALUES (409, 'eligendi', '53.3289', 'raqx', 5, 'Eos repudiandae repudiandae illum ea voluptatem nisi enim. Quidem tempore ab minus iure odio cum consequatur. Et non quo quo ab.', 9);
INSERT INTO `product` (`id`, `name`, `price`, `sku`, `status`, `description`, `category_id`) VALUES (410, 'sit', '79048600', 'feeg', 1, 'In totam aliquid et repellendus. In omnis cumque ut debitis. Itaque ipsa qui neque molestiae laborum sed illo. Repudiandae nostrum nesciunt doloribus at dolores eligendi deleniti est.', 10);
INSERT INTO `product` (`id`, `name`, `price`, `sku`, `status`, `description`, `category_id`) VALUES (411, 'impedit', '43.74', 'qtzp', 0, 'Omnis culpa ipsam ipsam rerum laboriosam corporis. Corrupti vel expedita saepe mollitia provident assumenda nemo temporibus. Omnis natus voluptas fuga veritatis facere. Ut atque hic nobis omnis inventore quidem et. In qui sed omnis libero.', 11);
INSERT INTO `product` (`id`, `name`, `price`, `sku`, `status`, `description`, `category_id`) VALUES (412, 'ipsum', '280.989', 'lkfd', 7, 'Ullam earum quod est est facere ad. Omnis beatae commodi pariatur omnis cupiditate laudantium quaerat. Ut assumenda voluptas ut tempora sed maxime ab. Nihil enim non deleniti totam.', 12);
INSERT INTO `product` (`id`, `name`, `price`, `sku`, `status`, `description`, `category_id`) VALUES (413, 'quo', '604.313', 'acyl', 9, 'Neque rerum quis et qui. Sint non sed qui sit laboriosam labore commodi voluptatum. Enim consequatur delectus amet modi voluptas. Occaecati accusantium debitis eum quo et.', 13);
INSERT INTO `product` (`id`, `name`, `price`, `sku`, `status`, `description`, `category_id`) VALUES (414, 'asperiores', '37231.4', 'lyea', 8, 'Adipisci atque debitis fugit numquam aut. Eius et earum aut non magni sint. Ipsam rem autem illum doloremque. Recusandae impedit laboriosam eos nihil.', 14);
INSERT INTO `product` (`id`, `name`, `price`, `sku`, `status`, `description`, `category_id`) VALUES (415, 'reprehenderit', '5633710', 'qniw', 2, 'Aut amet reiciendis autem incidunt. Omnis maiores sit optio itaque nulla vero consequuntur. Iste rem consequatur odit nihil sed. Recusandae quam similique optio reiciendis dolores quisquam id. Consectetur magnam aliquam harum voluptates quis.', 15);
INSERT INTO `product` (`id`, `name`, `price`, `sku`, `status`, `description`, `category_id`) VALUES (416, 'at', '3.1235', 'wqaw', 3, 'Nostrum delectus animi pariatur beatae. Iusto reprehenderit soluta voluptatem quia qui hic. Provident voluptatem est totam voluptatem occaecati veritatis et expedita.', 16);
INSERT INTO `product` (`id`, `name`, `price`, `sku`, `status`, `description`, `category_id`) VALUES (417, 'ut', '119.944', 'asxo', 3, 'Alias et nam ipsa. Quibusdam sint eveniet corrupti consequatur. Vel temporibus quia molestiae maxime ut quibusdam qui.', 17);
INSERT INTO `product` (`id`, `name`, `price`, `sku`, `status`, `description`, `category_id`) VALUES (418, 'nostrum', '12293.7', 'xjrh', 0, 'Consectetur id dolores et nisi. Voluptas voluptas cumque voluptatibus excepturi consequatur. Necessitatibus porro non placeat libero. Eveniet numquam ab facilis tenetur autem minus quibusdam et.', 18);
INSERT INTO `product` (`id`, `name`, `price`, `sku`, `status`, `description`, `category_id`) VALUES (419, 'odio', '215335', 'jbdg', 9, 'Ipsa occaecati beatae adipisci aliquid et delectus est. Beatae dignissimos et aut ut nobis vel fuga. Id omnis reprehenderit aut vel amet vel rerum fugiat.', 19);
INSERT INTO `product` (`id`, `name`, `price`, `sku`, `status`, `description`, `category_id`) VALUES (420, 'suscipit', '19.3169', 'pnkf', 0, 'Sit vel reiciendis consequatur recusandae perferendis voluptatem. Ut autem debitis est rerum similique. Placeat molestiae est reiciendis facilis et sed placeat aut. Recusandae laudantium corrupti quas id qui error omnis veritatis.', 20);
INSERT INTO `product` (`id`, `name`, `price`, `sku`, `status`, `description`, `category_id`) VALUES (421, 'maxime', '10.0979', 'gzji', 8, 'Tempora provident deserunt laborum doloremque veritatis impedit distinctio. Libero atque et omnis impedit incidunt. Aut eum in assumenda sint doloribus id. Modi laboriosam quia exercitationem corporis. Vel cum at dolorem beatae.', 21);
INSERT INTO `product` (`id`, `name`, `price`, `sku`, `status`, `description`, `category_id`) VALUES (422, 'dolore', '337267000', 'lqpm', 9, 'Error ipsam dolores tempore. Dolor quis rem praesentium nisi. Fugiat reprehenderit est reiciendis exercitationem eligendi nihil voluptas.', 22);
INSERT INTO `product` (`id`, `name`, `price`, `sku`, `status`, `description`, `category_id`) VALUES (423, 'officiis', '3598.98', 'mohr', 9, 'Omnis ut nobis aut quibusdam consectetur. Dolorem est iste qui aperiam amet reiciendis. Aliquid ut incidunt rerum perferendis repellat sit ratione.', 23);
INSERT INTO `product` (`id`, `name`, `price`, `sku`, `status`, `description`, `category_id`) VALUES (424, 'minus', '112269000', 'lvvi', 1, 'Et quam quia voluptate quos et qui. Quo aperiam atque corporis. Ullam iure recusandae qui nostrum.', 24);
INSERT INTO `product` (`id`, `name`, `price`, `sku`, `status`, `description`, `category_id`) VALUES (425, 'quaerat', '54603300', 'fkrs', 3, 'Deleniti voluptatem sit laudantium facere quos voluptas. Ipsum possimus et labore quia. Libero et distinctio aut illum quia.', 25);
INSERT INTO `product` (`id`, `name`, `price`, `sku`, `status`, `description`, `category_id`) VALUES (426, 'eius', '107620000', 'yrzr', 7, 'Tempora voluptates repudiandae eos labore et distinctio provident sint. Quo sed quis ipsum et modi culpa rerum et. Velit est amet molestiae facilis voluptates. Nostrum libero eligendi excepturi quo et non.', 26);
INSERT INTO `product` (`id`, `name`, `price`, `sku`, `status`, `description`, `category_id`) VALUES (427, 'rerum', '10103200', 'fiqc', 9, 'Odit et consequatur nam mollitia neque assumenda numquam. Est velit molestias cumque minima atque doloremque est assumenda. Rerum voluptas nihil voluptatum illo.', 27);
INSERT INTO `product` (`id`, `name`, `price`, `sku`, `status`, `description`, `category_id`) VALUES (428, 'molestiae', '601658', 'seww', 2, 'Dolor quae voluptatem vitae nesciunt. Libero omnis eum deserunt modi quis. Consequatur necessitatibus voluptas qui pariatur nemo enim.', 28);
INSERT INTO `product` (`id`, `name`, `price`, `sku`, `status`, `description`, `category_id`) VALUES (429, 'illo', '787782000', 'clyq', 3, 'Veritatis assumenda aut culpa aliquam commodi. Ut quisquam sit laudantium quae.', 29);
INSERT INTO `product` (`id`, `name`, `price`, `sku`, `status`, `description`, `category_id`) VALUES (430, 'dicta', '334330', 'oiea', 1, 'Quod iure corrupti quas non enim sed voluptates. Sed blanditiis magnam et soluta non. Soluta iste magnam commodi.', 30);
INSERT INTO `product` (`id`, `name`, `price`, `sku`, `status`, `description`, `category_id`) VALUES (431, 'commodi', '547951', 'jera', 6, 'Voluptas nihil aut non assumenda. Tenetur dolores earum ab et. Totam at ullam autem quia et ipsam repellat. Id laudantium iusto possimus et et impedit. Expedita enim quae dolores.', 31);
INSERT INTO `product` (`id`, `name`, `price`, `sku`, `status`, `description`, `category_id`) VALUES (432, 'fugiat', '754711', 'dkab', 4, 'Repellat quod nemo magni dolores incidunt sit architecto. Distinctio ipsum voluptatem sint nostrum maxime. Nisi quo quis sint esse voluptas occaecati. Neque id sint accusamus ipsam fugiat.', 32);
INSERT INTO `product` (`id`, `name`, `price`, `sku`, `status`, `description`, `category_id`) VALUES (433, 'voluptates', '281948', 'rwrx', 8, 'Laudantium dolores non et eum. Ut neque illo voluptatibus nesciunt. Nihil magnam omnis quasi. Cum dolor sed placeat dolore vero.', 33);
INSERT INTO `product` (`id`, `name`, `price`, `sku`, `status`, `description`, `category_id`) VALUES (434, 'quae', '475.284', 'mdcd', 3, 'Consequatur cupiditate enim perferendis odit. Qui at eligendi totam. Harum ea at velit distinctio et occaecati. Consequuntur ab molestiae mollitia voluptatibus.', 34);
INSERT INTO `product` (`id`, `name`, `price`, `sku`, `status`, `description`, `category_id`) VALUES (435, 'eos', '298658000', 'msvl', 7, 'Quae est sunt eum veritatis enim laudantium veritatis quia. Et beatae est voluptates. Non similique dignissimos quam officiis. Possimus et nobis voluptates officia ullam quasi et non.', 35);
INSERT INTO `product` (`id`, `name`, `price`, `sku`, `status`, `description`, `category_id`) VALUES (436, 'voluptatem', '11.4676', 'zxbc', 0, 'Et suscipit non nostrum perferendis illo est. Non qui autem quos.', 36);
INSERT INTO `product` (`id`, `name`, `price`, `sku`, `status`, `description`, `category_id`) VALUES (437, 'quis', '3071.48', 'rgvt', 2, 'Laborum incidunt cum earum. Temporibus nihil labore a quo.', 37);
INSERT INTO `product` (`id`, `name`, `price`, `sku`, `status`, `description`, `category_id`) VALUES (438, 'adipisci', '7894.41', 'vysc', 3, 'Animi qui aut minima amet placeat illo. Iure harum temporibus aut odit et. Excepturi eum sed adipisci corporis. Maiores sit possimus ipsa.', 38);
INSERT INTO `product` (`id`, `name`, `price`, `sku`, `status`, `description`, `category_id`) VALUES (439, 'soluta', '3456190', 'oexe', 3, 'Explicabo error aperiam reiciendis quae omnis. Tempora blanditiis non excepturi alias. Facilis recusandae qui quia repellendus atque omnis qui. Magnam tenetur laborum illum rerum est in qui.', 39);
INSERT INTO `product` (`id`, `name`, `price`, `sku`, `status`, `description`, `category_id`) VALUES (440, 'cupiditate', '3194600', 'zvnc', 1, 'Molestias ut magnam eos voluptatem. Officiis quasi doloremque mollitia voluptatibus quo et et quisquam.', 40);
INSERT INTO `product` (`id`, `name`, `price`, `sku`, `status`, `description`, `category_id`) VALUES (441, 'dolor', '1331890', 'ihvv', 0, 'Excepturi dolor accusantium qui officia quas error. Dignissimos laudantium ducimus est id. Molestias ut nostrum commodi non sit velit.', 41);
INSERT INTO `product` (`id`, `name`, `price`, `sku`, `status`, `description`, `category_id`) VALUES (442, 'enim', '3892.28', 'eriz', 1, 'Velit est occaecati ut aspernatur ut. Magni recusandae nemo est cum perspiciatis corporis. Alias molestiae dolorem culpa necessitatibus sed deleniti. Ut necessitatibus enim et nesciunt deleniti tempore nesciunt.', 42);
INSERT INTO `product` (`id`, `name`, `price`, `sku`, `status`, `description`, `category_id`) VALUES (443, 'officiis', '482386', 'hcli', 6, 'Asperiores vitae repellendus consequatur eveniet doloremque eligendi. Quis omnis mollitia molestias quasi vitae voluptatum nemo. Voluptatibus necessitatibus exercitationem modi laboriosam voluptatibus.', 43);
INSERT INTO `product` (`id`, `name`, `price`, `sku`, `status`, `description`, `category_id`) VALUES (444, 'est', '53738100', 'vwzr', 6, 'Accusantium ut est fugit soluta. Qui hic molestiae asperiores vel consequatur odio similique. Sit consequatur dolorem tempora numquam quasi impedit animi perferendis.', 44);
INSERT INTO `product` (`id`, `name`, `price`, `sku`, `status`, `description`, `category_id`) VALUES (445, 'consequatur', '90573600', 'fkwl', 5, 'Sapiente ipsum rerum consequatur a ut. Voluptatum fuga eos et enim nemo eveniet. Sint dignissimos earum distinctio sed autem accusantium molestias quia. Dolor a eos beatae dolorem earum.', 45);
INSERT INTO `product` (`id`, `name`, `price`, `sku`, `status`, `description`, `category_id`) VALUES (446, 'et', '0', 'bvgc', 6, 'Labore repudiandae iusto natus eius qui animi expedita. Quia quis quia et voluptatum quo odit. Eaque illum est saepe eos ad sit.', 46);
INSERT INTO `product` (`id`, `name`, `price`, `sku`, `status`, `description`, `category_id`) VALUES (447, 'repudiandae', '6.72817', 'bnht', 6, 'Laborum dolorem rem molestias sapiente dolorem. Veniam voluptatibus sapiente delectus sapiente rerum non. Aut id facilis quisquam atque similique illum.', 47);
INSERT INTO `product` (`id`, `name`, `price`, `sku`, `status`, `description`, `category_id`) VALUES (448, 'quaerat', '7', 'gflk', 2, 'Voluptatibus a dolore harum laborum magnam perspiciatis ut. Quia quis debitis voluptatem et. Laudantium molestiae doloremque officiis necessitatibus vel asperiores.', 48);
INSERT INTO `product` (`id`, `name`, `price`, `sku`, `status`, `description`, `category_id`) VALUES (449, 'est', '56.0951', 'ldwv', 6, 'Dolore omnis repellat molestias et. Minima ea occaecati qui laboriosam voluptates. Est voluptas omnis nisi laboriosam ipsa dolores et sapiente.', 49);
INSERT INTO `product` (`id`, `name`, `price`, `sku`, `status`, `description`, `category_id`) VALUES (450, 'in', '135.964', 'bljp', 7, 'Libero illo nisi earum. Atque voluptatum dolore earum magni repellat est cupiditate.', 50);
INSERT INTO `product` (`id`, `name`, `price`, `sku`, `status`, `description`, `category_id`) VALUES (451, 'non', '5', 'yvtw', 8, 'Et ipsa labore sequi sit porro et. Dolorem qui autem provident. Et et odit nulla.', 51);
INSERT INTO `product` (`id`, `name`, `price`, `sku`, `status`, `description`, `category_id`) VALUES (452, 'quas', '1.80894', 'oafo', 3, 'Tenetur consequatur qui ea repellendus. Labore quis explicabo vitae veritatis et quod est. Blanditiis suscipit at distinctio maxime doloribus dolor quia a. Consectetur qui voluptatibus delectus natus.', 52);
INSERT INTO `product` (`id`, `name`, `price`, `sku`, `status`, `description`, `category_id`) VALUES (453, 'optio', '8346570', 'pjak', 3, 'Ullam est officiis ipsum voluptatem modi tempora ex. Error iure illo illo similique rerum qui numquam. Illo quo sequi quo hic quia eum.', 53);
INSERT INTO `product` (`id`, `name`, `price`, `sku`, `status`, `description`, `category_id`) VALUES (454, 'officia', '34471200', 'izwv', 6, 'Asperiores explicabo est ut possimus ducimus reiciendis occaecati qui. Ab tempore qui autem repudiandae. Possimus deleniti vel in dolorum quia iure dicta. Culpa ut consequatur quod sit voluptatem.', 54);
INSERT INTO `product` (`id`, `name`, `price`, `sku`, `status`, `description`, `category_id`) VALUES (455, 'qui', '444850', 'irnr', 7, 'Pariatur qui asperiores sed labore. Laudantium eveniet earum hic. Consequatur asperiores at quod illum omnis voluptatem.', 55);
INSERT INTO `product` (`id`, `name`, `price`, `sku`, `status`, `description`, `category_id`) VALUES (456, 'non', '0', 'mdvw', 1, 'Quam cupiditate quas unde. Dolores laborum et tempora in ex voluptatem velit. Quas nihil impedit exercitationem et sequi omnis cupiditate.', 56);
INSERT INTO `product` (`id`, `name`, `price`, `sku`, `status`, `description`, `category_id`) VALUES (457, 'ut', '0', 'iidt', 5, 'Nisi et soluta officiis eum hic. Itaque aut iusto quibusdam reiciendis. Doloremque eligendi enim reiciendis.', 57);
INSERT INTO `product` (`id`, `name`, `price`, `sku`, `status`, `description`, `category_id`) VALUES (458, 'et', '29350.1', 'ezsh', 4, 'Temporibus itaque iste et. Voluptatibus earum quod nihil est eaque vitae. Pariatur eaque repellat facere tempore. Magni sint et et id dolores inventore debitis.', 58);
INSERT INTO `product` (`id`, `name`, `price`, `sku`, `status`, `description`, `category_id`) VALUES (459, 'quibusdam', '2369660', 'ilpq', 8, 'Aspernatur aut sunt vitae. At consequatur esse molestiae autem rerum fuga minus. Vel accusamus corporis non sint sed rerum. Et pariatur aut ex repellendus autem magnam.', 59);
INSERT INTO `product` (`id`, `name`, `price`, `sku`, `status`, `description`, `category_id`) VALUES (460, 'ducimus', '888', 'cucw', 0, 'Saepe minus quasi molestias omnis quisquam et. Voluptates aut deserunt magnam molestias vel aliquam. Nesciunt ea unde ad aspernatur perferendis earum. Aut dolor ut aut illum. Laudantium repellendus earum error et.', 60);
INSERT INTO `product` (`id`, `name`, `price`, `sku`, `status`, `description`, `category_id`) VALUES (461, 'voluptas', '48149', 'gmdg', 2, 'Porro ea voluptatibus nemo mollitia sit. Corrupti consequatur ipsum ut quibusdam. Iste dolorum inventore sit officia et ullam. Odio sequi qui numquam dolor omnis aliquam quasi.', 61);
INSERT INTO `product` (`id`, `name`, `price`, `sku`, `status`, `description`, `category_id`) VALUES (462, 'non', '334.6', 'xryr', 9, 'Amet rerum ad earum numquam deleniti. Ea quia dolorem quia eveniet sit ut voluptatem. Veniam ducimus dicta incidunt. Molestiae nam consectetur iure cupiditate et dolorum.', 62);
INSERT INTO `product` (`id`, `name`, `price`, `sku`, `status`, `description`, `category_id`) VALUES (463, 'eum', '37.0713', 'qdln', 0, 'Sint qui vero ut eligendi delectus. Dolorum quae facilis rem repellat. Minus rerum ex maiores esse incidunt suscipit. Occaecati id non quos.', 63);
INSERT INTO `product` (`id`, `name`, `price`, `sku`, `status`, `description`, `category_id`) VALUES (464, 'ullam', '2518400', 'mkrs', 3, 'Aliquam eveniet dicta eos dignissimos temporibus rerum molestias eos. Excepturi quo quaerat laborum vel. Et dolores dolorum dicta fugit unde. Earum sed est ea qui. Nobis nisi voluptates ratione et ea quod aut.', 64);
INSERT INTO `product` (`id`, `name`, `price`, `sku`, `status`, `description`, `category_id`) VALUES (465, 'odit', '1.7', 'lbho', 0, 'Provident ducimus sequi nihil quos ipsam quia. Quibusdam quia autem numquam consectetur dolore quasi. Nesciunt nulla quae sit exercitationem eius animi. Quas delectus nihil dolores voluptas nihil est.', 65);
INSERT INTO `product` (`id`, `name`, `price`, `sku`, `status`, `description`, `category_id`) VALUES (466, 'vel', '1872670', 'zpdy', 5, 'Ea quia libero quod vel sunt hic temporibus. Voluptatem aut reiciendis aliquid ea. Est voluptatem et consequuntur neque dolores vel.', 66);
INSERT INTO `product` (`id`, `name`, `price`, `sku`, `status`, `description`, `category_id`) VALUES (467, 'unde', '0', 'vmim', 4, 'Amet qui sed qui est. Rerum dolores aut aspernatur quia unde nulla. Dolor eligendi maxime est possimus ipsam. Consequatur consequuntur ullam sed quia et.', 67);
INSERT INTO `product` (`id`, `name`, `price`, `sku`, `status`, `description`, `category_id`) VALUES (468, 'et', '1.01404', 'fceb', 4, 'Soluta repudiandae a dolorem adipisci. Earum aspernatur nisi quia voluptatum.', 68);
INSERT INTO `product` (`id`, `name`, `price`, `sku`, `status`, `description`, `category_id`) VALUES (469, 'voluptate', '177.834', 'sjqt', 4, 'Sequi placeat voluptatibus pariatur ducimus eaque maiores. Ut officia hic quia.', 69);
INSERT INTO `product` (`id`, `name`, `price`, `sku`, `status`, `description`, `category_id`) VALUES (470, 'reiciendis', '6.5', 'vwdp', 1, 'Vitae sed inventore quia perspiciatis laudantium in. Dolore laudantium dolorem sed occaecati quia. Consequatur tempora velit sit et quibusdam. Voluptatem voluptas eligendi qui quisquam debitis labore officia.', 70);
INSERT INTO `product` (`id`, `name`, `price`, `sku`, `status`, `description`, `category_id`) VALUES (471, 'eos', '18337500', 'twbb', 8, 'Aspernatur suscipit dolore soluta ut laboriosam reprehenderit dicta. Delectus distinctio deserunt est vel et recusandae quibusdam aut. Autem ab esse natus nemo nesciunt dignissimos. Nobis et aut repudiandae voluptates sed ea.', 71);
INSERT INTO `product` (`id`, `name`, `price`, `sku`, `status`, `description`, `category_id`) VALUES (472, 'rerum', '416370', 'xvcy', 4, 'Possimus eveniet qui dignissimos quasi sit. Laborum adipisci id perspiciatis et et omnis. Voluptas nemo inventore dolor doloremque expedita velit quidem.', 72);
INSERT INTO `product` (`id`, `name`, `price`, `sku`, `status`, `description`, `category_id`) VALUES (473, 'nostrum', '6.19895', 'hrkc', 1, 'Eligendi quisquam voluptas inventore mollitia. Earum ex consequuntur qui quia animi modi.', 73);
INSERT INTO `product` (`id`, `name`, `price`, `sku`, `status`, `description`, `category_id`) VALUES (474, 'quas', '156441', 'xwdr', 5, 'Illum officiis est commodi. Corporis ea doloribus voluptatem corrupti aut rerum minus. Expedita officia voluptas sint officia quia illo. Earum corrupti eos dignissimos est.', 74);
INSERT INTO `product` (`id`, `name`, `price`, `sku`, `status`, `description`, `category_id`) VALUES (475, 'optio', '107859000', 'npij', 0, 'Quibusdam corporis et quis qui officia quaerat commodi. Natus debitis quia id excepturi. Fugiat saepe reiciendis distinctio ut esse. Hic alias officia quas dolorum nulla eos.', 75);
INSERT INTO `product` (`id`, `name`, `price`, `sku`, `status`, `description`, `category_id`) VALUES (476, 'eos', '0', 'cgiu', 9, 'Sit omnis totam ipsum et nam et. Necessitatibus quibusdam nulla et possimus beatae quam. Animi repudiandae nam possimus earum aut exercitationem.', 76);
INSERT INTO `product` (`id`, `name`, `price`, `sku`, `status`, `description`, `category_id`) VALUES (477, 'deleniti', '3246.42', 'aieu', 9, 'Minus minima voluptatem temporibus quia praesentium aut voluptatum. Delectus est ut ea eaque optio maxime eligendi. Et omnis cupiditate similique officiis dolor. Praesentium hic ullam possimus iusto.', 77);
INSERT INTO `product` (`id`, `name`, `price`, `sku`, `status`, `description`, `category_id`) VALUES (478, 'impedit', '1568580', 'ozjh', 9, 'Ipsum nihil sapiente doloribus. Voluptates sequi velit fugiat. Dolorem eius ipsam odit aut numquam maxime vel.', 78);
INSERT INTO `product` (`id`, `name`, `price`, `sku`, `status`, `description`, `category_id`) VALUES (479, 'est', '21.7095', 'fjoc', 1, 'Dicta quia atque modi. Sunt qui nesciunt sed quo enim. Et reiciendis magnam sunt. Deserunt dignissimos ut et placeat occaecati.', 79);
INSERT INTO `product` (`id`, `name`, `price`, `sku`, `status`, `description`, `category_id`) VALUES (480, 'tempore', '18068.1', 'kgos', 9, 'Accusamus necessitatibus ipsam ipsam porro autem ullam repellat ea. Assumenda odio hic dolor ut dolores velit et. Ut voluptatem saepe voluptas aut sit dolores non.', 80);
INSERT INTO `product` (`id`, `name`, `price`, `sku`, `status`, `description`, `category_id`) VALUES (481, 'esse', '759824', 'kfsv', 8, 'Laboriosam perspiciatis sed repellat quod. Fugit asperiores incidunt voluptatem dignissimos culpa. Quaerat voluptatem rerum voluptatem. Qui nulla exercitationem mollitia a incidunt sapiente saepe.', 81);
INSERT INTO `product` (`id`, `name`, `price`, `sku`, `status`, `description`, `category_id`) VALUES (482, 'culpa', '31255200', 'zxmq', 6, 'Ipsam labore blanditiis eaque ex vel velit. Eligendi enim neque laudantium eum. Neque aut odit nostrum labore nulla saepe.', 82);
INSERT INTO `product` (`id`, `name`, `price`, `sku`, `status`, `description`, `category_id`) VALUES (483, 'recusandae', '11.5', 'hjwj', 1, 'Nesciunt consequuntur voluptatibus deserunt rem earum dolor. Omnis tenetur placeat ut exercitationem. Optio explicabo quaerat nostrum impedit et. Laboriosam sapiente facilis est cupiditate error et hic.', 83);
INSERT INTO `product` (`id`, `name`, `price`, `sku`, `status`, `description`, `category_id`) VALUES (484, 'accusamus', '146692', 'uhbg', 9, 'Totam ipsa est quas mollitia quas sed tempore delectus. Soluta aspernatur sed suscipit unde. Et sunt voluptatum molestias dolorem exercitationem qui.', 84);
INSERT INTO `product` (`id`, `name`, `price`, `sku`, `status`, `description`, `category_id`) VALUES (485, 'quasi', '396808', 'wvcj', 0, 'Et odio iusto nesciunt quia eius mollitia rerum. Qui distinctio ducimus cum. Similique ut totam magni cum debitis.', 85);
INSERT INTO `product` (`id`, `name`, `price`, `sku`, `status`, `description`, `category_id`) VALUES (486, 'ex', '48390.1', 'wapp', 8, 'Aut non qui minima beatae dolorem nulla incidunt accusamus. Nobis eos illum iure repellendus. Voluptatem quia enim eveniet et est autem. Cupiditate deleniti porro officiis sunt atque et.', 86);
INSERT INTO `product` (`id`, `name`, `price`, `sku`, `status`, `description`, `category_id`) VALUES (487, 'perspiciatis', '61522.1', 'slix', 4, 'Eum reprehenderit officiis sunt minus. Consequatur quia laudantium molestias doloremque porro. Dolorum fuga quam nam.', 87);
INSERT INTO `product` (`id`, `name`, `price`, `sku`, `status`, `description`, `category_id`) VALUES (488, 'esse', '2986.8', 'nood', 8, 'Enim veniam modi nihil consequatur delectus aut ducimus. Voluptatem dolore magnam impedit atque aut ipsa ut. Porro ea a modi nemo quia asperiores illo.', 88);
INSERT INTO `product` (`id`, `name`, `price`, `sku`, `status`, `description`, `category_id`) VALUES (489, 'dicta', '1696370', 'rysg', 6, 'Laudantium qui fugiat in dolores nisi. Autem rerum aut cupiditate aut quia alias. Voluptatibus occaecati neque laboriosam fuga.', 89);
INSERT INTO `product` (`id`, `name`, `price`, `sku`, `status`, `description`, `category_id`) VALUES (490, 'distinctio', '509.325', 'xuew', 7, 'Dolor blanditiis perferendis ut nam voluptate. Molestiae ipsam vel vel natus. Cupiditate velit et debitis distinctio molestias. Vitae ut velit nisi nisi.', 90);
INSERT INTO `product` (`id`, `name`, `price`, `sku`, `status`, `description`, `category_id`) VALUES (491, 'et', '5660680', 'vavy', 9, 'Omnis in qui possimus sit qui id non provident. Distinctio rerum veritatis similique iste in hic odio. Deserunt unde aut et perspiciatis minima. Quia sint quaerat ut corrupti beatae.', 91);
INSERT INTO `product` (`id`, `name`, `price`, `sku`, `status`, `description`, `category_id`) VALUES (492, 'architecto', '309.452', 'pyjp', 5, 'Veniam est sunt suscipit culpa occaecati et. Facilis dolores vitae impedit quam. Corrupti soluta vel vel libero non rerum repudiandae.', 92);
INSERT INTO `product` (`id`, `name`, `price`, `sku`, `status`, `description`, `category_id`) VALUES (493, 'consectetur', '3614790', 'kvyj', 1, 'Quos omnis et rerum harum. Quas vel aut aut vero. Id officia quam reprehenderit ipsa deleniti veritatis. Maiores qui magnam nostrum atque. Laborum quia id sint.', 93);
INSERT INTO `product` (`id`, `name`, `price`, `sku`, `status`, `description`, `category_id`) VALUES (494, 'ullam', '3.6429', 'kjan', 8, 'Cum eaque voluptate quae est et molestias. Tenetur dolor et qui delectus voluptatem vitae. Corporis dolor temporibus ea odit.', 94);
INSERT INTO `product` (`id`, `name`, `price`, `sku`, `status`, `description`, `category_id`) VALUES (495, 'dolorum', '256.521', 'ulww', 9, 'Qui pariatur veritatis voluptas cupiditate. Dolorum corrupti qui officia aut. Sunt blanditiis sapiente ut deserunt.', 95);
INSERT INTO `product` (`id`, `name`, `price`, `sku`, `status`, `description`, `category_id`) VALUES (496, 'dicta', '5111750', 'kbnb', 4, 'Tenetur officiis veritatis ea aliquid et voluptatem et modi. Quaerat qui ex iure asperiores voluptatem veniam deleniti pariatur. Quod vero nemo est ad vero pariatur. Est sunt autem aut rerum. Tempore exercitationem est dolorem cupiditate.', 96);
INSERT INTO `product` (`id`, `name`, `price`, `sku`, `status`, `description`, `category_id`) VALUES (497, 'ratione', '495.8', 'zbkj', 2, 'Quia deleniti nulla nostrum et repudiandae amet delectus. Cum dolores deserunt ut. Culpa amet error nihil et similique. Rem tempora laboriosam autem a.', 97);
INSERT INTO `product` (`id`, `name`, `price`, `sku`, `status`, `description`, `category_id`) VALUES (498, 'consequatur', '0', 'xfkv', 2, 'Consequatur aliquam eveniet eligendi excepturi. Itaque omnis commodi nesciunt cumque quo quas harum. Perferendis facere at libero sint. Tempore odit minima distinctio nihil unde sunt non.', 98);
INSERT INTO `product` (`id`, `name`, `price`, `sku`, `status`, `description`, `category_id`) VALUES (499, 'fugit', '2691270', 'lngg', 1, 'Asperiores quia est laudantium. Quam impedit vero doloremque et sunt et repudiandae. Laudantium aliquam dolorem blanditiis numquam necessitatibus ad sit.', 99);
INSERT INTO `product` (`id`, `name`, `price`, `sku`, `status`, `description`, `category_id`) VALUES (500, 'sint', '866199', 'mqke', 2, 'Est et eaque aut fuga ut itaque est. Quae porro hic sit perferendis assumenda. Impedit vero voluptate nostrum. Occaecati maiores deserunt voluptates numquam.', 100);
INSERT INTO `product` (`id`, `name`, `price`, `sku`, `status`, `description`, `category_id`) VALUES (501, 'accusamus', '209.221', 'ujkm', 5, 'Iusto quam eius illo molestiae illo temporibus. Amet temporibus similique perferendis rem amet rem perferendis eos. Asperiores aliquid dolorem minus quis quae aperiam saepe. Et id sit pariatur placeat saepe et.', 1);
INSERT INTO `product` (`id`, `name`, `price`, `sku`, `status`, `description`, `category_id`) VALUES (502, 'velit', '2144230', 'ibmt', 6, 'Adipisci numquam eaque saepe. Accusamus quo dolorum et aliquam aut. Rerum quasi et et voluptatem eum sed quia.', 2);
INSERT INTO `product` (`id`, `name`, `price`, `sku`, `status`, `description`, `category_id`) VALUES (503, 'autem', '8.46963', 'stqq', 0, 'Eum maiores similique labore et repellendus aut ut. Quas velit et alias blanditiis. Qui explicabo similique dignissimos qui expedita illo ut. Totam sit laudantium dignissimos tenetur modi.', 3);
INSERT INTO `product` (`id`, `name`, `price`, `sku`, `status`, `description`, `category_id`) VALUES (504, 'aut', '0.35502', 'xerr', 8, 'Esse quis ut dolor. Quia et excepturi eveniet eligendi ab aut.', 4);
INSERT INTO `product` (`id`, `name`, `price`, `sku`, `status`, `description`, `category_id`) VALUES (505, 'quaerat', '1.932', 'orog', 8, 'Et ut sapiente omnis quia rerum. Et sunt maxime officiis omnis in impedit. Iure voluptatum in voluptas et et est. Earum nemo ab dignissimos corrupti aut iste.', 5);
INSERT INTO `product` (`id`, `name`, `price`, `sku`, `status`, `description`, `category_id`) VALUES (506, 'laboriosam', '149531000', 'njgx', 0, 'Cum dolores non et. Et voluptatem omnis non sint quos numquam sunt omnis. Eius similique veritatis quidem aut et neque deserunt inventore. Aliquid est repellat ab amet cupiditate dolorum provident.', 6);
INSERT INTO `product` (`id`, `name`, `price`, `sku`, `status`, `description`, `category_id`) VALUES (507, 'et', '24797700', 'gtpv', 3, 'Voluptatem et consequuntur voluptas accusamus qui rerum quibusdam. Ullam molestias recusandae illo nam est enim quae assumenda. Est non quia dicta est ipsam ex. Quaerat illum consequuntur itaque eaque sit.', 7);
INSERT INTO `product` (`id`, `name`, `price`, `sku`, `status`, `description`, `category_id`) VALUES (508, 'a', '3025170', 'hfed', 9, 'Quam dolorum numquam quia ut non nobis. Amet nam corrupti architecto rem suscipit est nisi. Fugiat odio fugit ipsa autem quisquam.', 8);
INSERT INTO `product` (`id`, `name`, `price`, `sku`, `status`, `description`, `category_id`) VALUES (509, 'quos', '4.20151', 'zqqs', 7, 'Sunt voluptate facilis officia fuga veritatis quam et. Eum non est illum officia exercitationem ratione. Eveniet et sint voluptatem rerum. Eos eos quos ea ut totam.', 9);
INSERT INTO `product` (`id`, `name`, `price`, `sku`, `status`, `description`, `category_id`) VALUES (510, 'sequi', '27381.9', 'xxpo', 3, 'Dolorem ut ex eius dignissimos perspiciatis quia et. Fugit consequatur impedit rem quia autem facere. Ut labore quos ut dolor. Sed corporis quia vitae laborum.', 10);
INSERT INTO `product` (`id`, `name`, `price`, `sku`, `status`, `description`, `category_id`) VALUES (511, 'ipsum', '430131', 'lfvw', 2, 'Illo nostrum debitis dolorem corporis voluptatem iure voluptas. Qui quisquam possimus commodi. Reprehenderit occaecati libero voluptatem aut quam enim.', 11);
INSERT INTO `product` (`id`, `name`, `price`, `sku`, `status`, `description`, `category_id`) VALUES (512, 'sit', '314879', 'mfjj', 7, 'Repudiandae rerum consectetur delectus impedit saepe mollitia. Eaque cum vitae tempora ad fugiat qui vero nulla. Vitae tempora ad voluptas facere porro libero. Placeat eos quod quisquam quis repellendus non.', 12);
INSERT INTO `product` (`id`, `name`, `price`, `sku`, `status`, `description`, `category_id`) VALUES (513, 'enim', '0', 'ihqw', 5, 'Aut recusandae vero quod ipsam rem sint sequi. Neque facere soluta sint aut cumque ipsa. Ullam non dicta rerum eius velit consectetur.', 13);
INSERT INTO `product` (`id`, `name`, `price`, `sku`, `status`, `description`, `category_id`) VALUES (514, 'cupiditate', '196428', 'dlvk', 1, 'Vero est nobis qui error cupiditate. Quibusdam placeat aspernatur voluptatem vel. Aut provident suscipit dolore ipsam.', 14);
INSERT INTO `product` (`id`, `name`, `price`, `sku`, `status`, `description`, `category_id`) VALUES (515, 'asperiores', '436111000', 'mjcl', 8, 'Molestias reprehenderit quam voluptatem excepturi et illum. Quaerat molestiae quaerat dolor architecto corporis.', 15);
INSERT INTO `product` (`id`, `name`, `price`, `sku`, `status`, `description`, `category_id`) VALUES (516, 'voluptatibus', '1050.24', 'tukv', 8, 'Ex inventore dolorum eum consequatur quibusdam soluta dignissimos. Inventore consequuntur unde vel consequatur. Modi aut dolorem quo non enim quo quam. Aut aliquid dolores dolorum unde similique enim ducimus dolor. Maxime quasi natus voluptas nisi id.', 16);
INSERT INTO `product` (`id`, `name`, `price`, `sku`, `status`, `description`, `category_id`) VALUES (517, 'atque', '154938', 'uzyr', 7, 'Mollitia rerum repudiandae nesciunt rerum iure quisquam nesciunt nihil. Cumque non quasi nemo et. Quas cum et adipisci. Veritatis voluptas nemo nemo et id.', 17);
INSERT INTO `product` (`id`, `name`, `price`, `sku`, `status`, `description`, `category_id`) VALUES (518, 'quia', '0.811', 'dabw', 7, 'Aut non non eos inventore dicta tenetur beatae. Explicabo nemo quia at quisquam nesciunt. Et ipsum error fugiat optio velit natus et. Assumenda illo dicta eius.', 18);
INSERT INTO `product` (`id`, `name`, `price`, `sku`, `status`, `description`, `category_id`) VALUES (519, 'in', '3.16187', 'pvrw', 5, 'Enim repellendus unde iure aut a iste. Ipsum vero maxime quam labore numquam iure aut. Non in aut fuga.', 19);
INSERT INTO `product` (`id`, `name`, `price`, `sku`, `status`, `description`, `category_id`) VALUES (520, 'dolore', '229054', 'vwsu', 7, 'Accusamus eos nam aut. Molestiae autem fuga assumenda pariatur. Nihil magnam aut dolor placeat perferendis voluptatem ipsam.', 20);
INSERT INTO `product` (`id`, `name`, `price`, `sku`, `status`, `description`, `category_id`) VALUES (521, 'magnam', '176514000', 'jsih', 3, 'Rerum provident sunt vel consectetur minima quaerat. Earum velit eligendi consectetur id enim reiciendis sint animi. Nisi consectetur ea qui non modi sit eos. Mollitia in eaque nam sed non.', 21);
INSERT INTO `product` (`id`, `name`, `price`, `sku`, `status`, `description`, `category_id`) VALUES (522, 'neque', '1.60062', 'yuim', 4, 'Voluptate esse ut excepturi esse et enim ut perspiciatis. Temporibus consequuntur sed ut eaque nihil.', 22);
INSERT INTO `product` (`id`, `name`, `price`, `sku`, `status`, `description`, `category_id`) VALUES (523, 'minus', '5612.05', 'vkst', 7, 'Sed voluptates culpa velit accusantium aut et. Voluptatem odit error non quidem. Ut dicta culpa commodi quia voluptas cupiditate ut ut. Voluptatem mollitia impedit dolorum dolores aut.', 23);
INSERT INTO `product` (`id`, `name`, `price`, `sku`, `status`, `description`, `category_id`) VALUES (524, 'et', '0.5', 'lsju', 9, 'Vel et est quia amet. Et repellat nesciunt consequuntur veniam et dolorum.', 24);
INSERT INTO `product` (`id`, `name`, `price`, `sku`, `status`, `description`, `category_id`) VALUES (525, 'expedita', '0', 'khfy', 1, 'Expedita veritatis qui autem perferendis maiores laboriosam. Quam qui iste velit suscipit quo doloremque voluptas. Eum impedit aut quia et.', 25);
INSERT INTO `product` (`id`, `name`, `price`, `sku`, `status`, `description`, `category_id`) VALUES (526, 'sapiente', '127468', 'qbgr', 0, 'Perferendis nulla enim vel quibusdam molestiae. Rerum sunt in cupiditate ut accusamus aliquam numquam. Officia aut impedit totam laborum natus eos.', 26);
INSERT INTO `product` (`id`, `name`, `price`, `sku`, `status`, `description`, `category_id`) VALUES (527, 'nisi', '364283', 'zvlu', 8, 'Dolore quis qui enim beatae velit. Ipsam unde facilis ratione recusandae ut veniam illo. Tempora officiis asperiores sequi expedita quae in illum aperiam. Occaecati corrupti et minima nam est.', 27);
INSERT INTO `product` (`id`, `name`, `price`, `sku`, `status`, `description`, `category_id`) VALUES (528, 'officiis', '1579.7', 'aigm', 7, 'Occaecati voluptatum at ut non nulla. Nostrum quis occaecati officia sit quo fugit iusto. Eveniet tenetur repellendus laboriosam culpa saepe.', 28);
INSERT INTO `product` (`id`, `name`, `price`, `sku`, `status`, `description`, `category_id`) VALUES (529, 'similique', '190.085', 'jozu', 6, 'Sed qui et saepe rerum est sint vero. Debitis officiis ratione delectus fuga suscipit. Ut sunt quo repudiandae magni aut ut. Perferendis maiores quo quia.', 29);
INSERT INTO `product` (`id`, `name`, `price`, `sku`, `status`, `description`, `category_id`) VALUES (530, 'veniam', '95333.4', 'svjb', 5, 'Laboriosam molestias quia laborum recusandae. Consequuntur in nihil sint. Consequatur explicabo hic sint animi ut commodi qui porro. Provident excepturi cupiditate aut doloremque in recusandae.', 30);
INSERT INTO `product` (`id`, `name`, `price`, `sku`, `status`, `description`, `category_id`) VALUES (531, 'voluptatum', '51944.5', 'qgqt', 3, 'Voluptas pariatur sint atque accusamus eius autem illo sequi. Tempore magnam iusto distinctio odit iure. Velit quam dolore sed cum voluptate est.', 31);
INSERT INTO `product` (`id`, `name`, `price`, `sku`, `status`, `description`, `category_id`) VALUES (532, 'qui', '89262.9', 'xbbr', 3, 'Vel consequatur sed commodi in qui veniam et. Earum repudiandae ut earum a. Consequuntur ea consequatur non hic et. Possimus itaque quis deleniti officia ea esse porro blanditiis.', 32);
INSERT INTO `product` (`id`, `name`, `price`, `sku`, `status`, `description`, `category_id`) VALUES (533, 'molestiae', '1', 'ofkc', 1, 'In beatae tempore sunt est culpa totam. Ipsum voluptatem perspiciatis repudiandae pariatur laborum atque temporibus ea. Perferendis ullam et sunt facilis natus aut. Numquam adipisci eaque qui commodi dolores.', 33);
INSERT INTO `product` (`id`, `name`, `price`, `sku`, `status`, `description`, `category_id`) VALUES (534, 'ab', '326467', 'akxt', 7, 'Sed impedit neque repellendus culpa minima porro aut. A tenetur omnis nobis necessitatibus.', 34);
INSERT INTO `product` (`id`, `name`, `price`, `sku`, `status`, `description`, `category_id`) VALUES (535, 'omnis', '2.47182', 'hwpw', 3, 'Sed a in et qui sit minima qui. Molestias in ut ratione quia sint ut eius in. Eligendi repudiandae eum illum et repellat quo est. Laboriosam voluptas blanditiis voluptatem aut. Est fuga nihil perspiciatis voluptas qui facilis in.', 35);
INSERT INTO `product` (`id`, `name`, `price`, `sku`, `status`, `description`, `category_id`) VALUES (536, 'ipsam', '946616', 'syyn', 3, 'Et vel aperiam et minus esse. Officia eligendi voluptas provident ducimus molestiae velit. Odit non deserunt omnis nulla delectus. Quibusdam qui qui sapiente quia eius quia ut. Consequatur aut saepe rerum facere.', 36);
INSERT INTO `product` (`id`, `name`, `price`, `sku`, `status`, `description`, `category_id`) VALUES (537, 'excepturi', '230332', 'fvht', 5, 'Dolor sunt culpa quibusdam non. Nisi quos nihil laudantium. Error porro sapiente sit magni dolor. Eius voluptates reprehenderit sequi ab.', 37);
INSERT INTO `product` (`id`, `name`, `price`, `sku`, `status`, `description`, `category_id`) VALUES (538, 'sit', '386.159', 'ytar', 3, 'Sequi corrupti culpa hic voluptatem inventore natus. Quidem atque accusamus deleniti perferendis suscipit mollitia ipsam. Necessitatibus laboriosam adipisci reprehenderit enim. In iusto laborum ipsum qui vel rerum vel dolorem. Consequatur quisquam ratione', 38);
INSERT INTO `product` (`id`, `name`, `price`, `sku`, `status`, `description`, `category_id`) VALUES (539, 'ratione', '12.4868', 'rqkm', 6, 'Accusamus voluptas ex placeat minus nobis repudiandae velit cupiditate. Consequatur fugiat ut officiis eos. Labore reprehenderit ut dolor a.', 39);
INSERT INTO `product` (`id`, `name`, `price`, `sku`, `status`, `description`, `category_id`) VALUES (540, 'ut', '802.17', 'myra', 4, 'Nemo labore perspiciatis ab dolor. Voluptates esse at cupiditate aut nam quia iure. Quia ad voluptatem delectus sunt commodi et.', 40);
INSERT INTO `product` (`id`, `name`, `price`, `sku`, `status`, `description`, `category_id`) VALUES (541, 'animi', '1.39', 'eegi', 4, 'Tempore omnis amet minima ullam sed voluptas est. Neque nulla autem sit illo. Aut tempora quas quis explicabo ullam.', 41);
INSERT INTO `product` (`id`, `name`, `price`, `sku`, `status`, `description`, `category_id`) VALUES (542, 'nobis', '624.592', 'fgxv', 1, 'Magnam et voluptatum quia eius facere excepturi. Accusantium ipsam fugiat alias et repudiandae quae consectetur. Inventore non et tempore temporibus.', 42);
INSERT INTO `product` (`id`, `name`, `price`, `sku`, `status`, `description`, `category_id`) VALUES (543, 'dolores', '111031000', 'gwuh', 5, 'Id eius et aspernatur id. Similique et placeat vel distinctio eum voluptates dolor. Quia est iure sequi voluptatem officiis molestias vel. Provident quis inventore laborum quam dolorum.', 43);
INSERT INTO `product` (`id`, `name`, `price`, `sku`, `status`, `description`, `category_id`) VALUES (544, 'qui', '35.307', 'nvus', 9, 'Qui et odit autem cupiditate non ipsum ut. Voluptatem dolorem consectetur quaerat et. Aut sint qui tempore illum optio sit repellat distinctio.', 44);
INSERT INTO `product` (`id`, `name`, `price`, `sku`, `status`, `description`, `category_id`) VALUES (545, 'dolore', '0.7136', 'ivdi', 4, 'Molestiae reiciendis qui adipisci sed. Delectus officia magni incidunt fuga cupiditate maxime. Est quis autem culpa nesciunt laudantium. Non dolores qui sequi ut ipsa non ut. Aut ut magni similique pariatur nulla est minus sit.', 45);
INSERT INTO `product` (`id`, `name`, `price`, `sku`, `status`, `description`, `category_id`) VALUES (546, 'vitae', '42781900', 'nlab', 3, 'Qui perspiciatis dolor aut provident eum consequatur et. Est maxime fugiat occaecati iure aut quia. Doloremque vero magni voluptas quod saepe. Quia ut natus rerum a quo numquam nulla error.', 46);
INSERT INTO `product` (`id`, `name`, `price`, `sku`, `status`, `description`, `category_id`) VALUES (547, 'ut', '110477', 'hjhx', 4, 'Alias eum dicta expedita aut. Rerum totam beatae et vitae dolorum. Aut mollitia non sunt.', 47);
INSERT INTO `product` (`id`, `name`, `price`, `sku`, `status`, `description`, `category_id`) VALUES (548, 'aut', '186.311', 'qhjb', 4, 'Sit consequatur occaecati tempore. Blanditiis voluptatem odio est earum. Aspernatur est ipsum quia expedita aut qui. Molestiae adipisci quia provident quae rerum dignissimos esse. Non qui sit inventore est quae quae.', 48);
INSERT INTO `product` (`id`, `name`, `price`, `sku`, `status`, `description`, `category_id`) VALUES (549, 'ullam', '8', 'kmrh', 9, 'Nihil adipisci et aperiam quibusdam hic vitae veniam. Commodi sint aliquid sit aut quis et sapiente harum. Neque esse culpa minima harum quaerat recusandae.', 49);
INSERT INTO `product` (`id`, `name`, `price`, `sku`, `status`, `description`, `category_id`) VALUES (550, 'sunt', '7158.85', 'isnr', 2, 'Dicta aut repellendus officiis deleniti temporibus voluptatem dolorem consequuntur. Eligendi aut autem reiciendis fugit. Debitis consequatur totam vel molestiae. Nemo a harum atque quis.', 50);
INSERT INTO `product` (`id`, `name`, `price`, `sku`, `status`, `description`, `category_id`) VALUES (551, 'est', '68.8965', 'llnx', 0, 'Quae repellendus autem voluptas quia. Ut id hic velit laboriosam odit quidem. Est quibusdam odio et. Eos soluta quidem expedita natus minima.', 51);
INSERT INTO `product` (`id`, `name`, `price`, `sku`, `status`, `description`, `category_id`) VALUES (552, 'fugiat', '0', 'kfmb', 7, 'Molestiae unde ut illo sunt. Non explicabo voluptatem doloribus optio.', 52);
INSERT INTO `product` (`id`, `name`, `price`, `sku`, `status`, `description`, `category_id`) VALUES (553, 'enim', '40731300', 'wrxj', 6, 'Perspiciatis autem ea optio exercitationem. Explicabo natus ipsum ut dolorem numquam. Repellendus adipisci accusantium aliquid ad et ut adipisci.', 53);
INSERT INTO `product` (`id`, `name`, `price`, `sku`, `status`, `description`, `category_id`) VALUES (554, 'sed', '4.7', 'moty', 7, 'Et sit temporibus temporibus perferendis dolor. Consequuntur consequatur ab quibusdam necessitatibus nam quia. Non aut assumenda et quis. Nulla nihil nihil nostrum aut.', 54);
INSERT INTO `product` (`id`, `name`, `price`, `sku`, `status`, `description`, `category_id`) VALUES (555, 'sed', '36105300', 'wlri', 6, 'Incidunt consequatur vel aperiam accusantium. Vero officia autem commodi. Est commodi dolor aliquam quisquam id nemo doloribus.', 55);
INSERT INTO `product` (`id`, `name`, `price`, `sku`, `status`, `description`, `category_id`) VALUES (556, 'similique', '126663000', 'vuiv', 8, 'Quos et eaque est harum ut ex fugit. Nemo assumenda adipisci consequuntur sit error illo. Consectetur nisi eum eveniet doloribus voluptatem non voluptas qui. Officiis impedit aut unde quos repellendus esse.', 56);
INSERT INTO `product` (`id`, `name`, `price`, `sku`, `status`, `description`, `category_id`) VALUES (557, 'aut', '1.84652', 'tqlf', 8, 'Eius non omnis labore impedit repellat voluptas voluptatem ex. Voluptates assumenda sit nobis nobis.', 57);
INSERT INTO `product` (`id`, `name`, `price`, `sku`, `status`, `description`, `category_id`) VALUES (558, 'in', '110077', 'lxto', 6, 'Deserunt dolores soluta aut aut. A vel dolor rerum facilis.', 58);
INSERT INTO `product` (`id`, `name`, `price`, `sku`, `status`, `description`, `category_id`) VALUES (559, 'incidunt', '234.003', 'umyu', 0, 'Ex placeat distinctio dignissimos. Ut quaerat voluptatum hic nihil maiores dicta.', 59);
INSERT INTO `product` (`id`, `name`, `price`, `sku`, `status`, `description`, `category_id`) VALUES (560, 'beatae', '40157800', 'axmy', 3, 'Quaerat cupiditate aut soluta in labore sequi cupiditate. Blanditiis aliquid eum doloribus. Eligendi asperiores vitae rerum harum ea nobis ea. Quis sit molestias laudantium dolor vel.', 60);
INSERT INTO `product` (`id`, `name`, `price`, `sku`, `status`, `description`, `category_id`) VALUES (561, 'veniam', '8.081', 'xxxt', 3, 'Molestias eaque velit laboriosam omnis. Doloribus corrupti et magni cum qui. Asperiores omnis quia fuga facere quia amet earum. Exercitationem dolorem id deserunt eaque.', 61);
INSERT INTO `product` (`id`, `name`, `price`, `sku`, `status`, `description`, `category_id`) VALUES (562, 'tenetur', '53458.1', 'pljg', 9, 'Cum consequatur exercitationem eveniet omnis fugit perspiciatis eaque. Quia ratione facere minima recusandae quisquam. Pariatur laborum consequatur blanditiis laboriosam beatae quisquam quia.', 62);
INSERT INTO `product` (`id`, `name`, `price`, `sku`, `status`, `description`, `category_id`) VALUES (563, 'quod', '1213.28', 'ipik', 9, 'Tenetur deserunt tempora et. Consequuntur ut non sit et magni delectus aut. Nemo et sit ex quos explicabo eligendi. Et et vitae dolor soluta.', 63);
INSERT INTO `product` (`id`, `name`, `price`, `sku`, `status`, `description`, `category_id`) VALUES (564, 'ad', '295751', 'xgoq', 6, 'Sed dolore recusandae quibusdam voluptatibus deserunt qui quo. Quasi itaque officia quis aperiam qui et. Mollitia velit minus quis quam.', 64);
INSERT INTO `product` (`id`, `name`, `price`, `sku`, `status`, `description`, `category_id`) VALUES (565, 'aut', '7996480', 'ixjm', 1, 'Natus saepe enim nam est recusandae non quo. Vero perspiciatis architecto perspiciatis reprehenderit qui. Aut odit ex unde totam.', 65);
INSERT INTO `product` (`id`, `name`, `price`, `sku`, `status`, `description`, `category_id`) VALUES (566, 'sint', '3827.59', 'flzt', 9, 'Quia quisquam consequatur officia ab iste reiciendis. Laudantium quos ad consequatur reprehenderit. Quia harum et aut cupiditate nemo. Nobis iste ad voluptate dignissimos voluptatem sit veniam.', 66);
INSERT INTO `product` (`id`, `name`, `price`, `sku`, `status`, `description`, `category_id`) VALUES (567, 'officia', '700.271', 'reuh', 5, 'In iusto sit quia exercitationem cumque. Magnam quia quasi numquam autem omnis ea enim.', 67);
INSERT INTO `product` (`id`, `name`, `price`, `sku`, `status`, `description`, `category_id`) VALUES (568, 'ullam', '102674', 'wsgy', 6, 'Enim id rerum eum qui est qui. Et laboriosam in ut ratione nihil tenetur. Nostrum sequi id quia qui nemo et hic.', 68);
INSERT INTO `product` (`id`, `name`, `price`, `sku`, `status`, `description`, `category_id`) VALUES (569, 'iusto', '9.7105', 'phqc', 6, 'Architecto et enim quia ut doloremque dignissimos. Consequatur quis asperiores facilis. Aut modi inventore voluptatibus voluptates dolor in fuga sint. Labore error architecto autem nobis consequatur.', 69);
INSERT INTO `product` (`id`, `name`, `price`, `sku`, `status`, `description`, `category_id`) VALUES (570, 'nemo', '3916.18', 'ktzn', 7, 'Corrupti fuga dolorum sunt quo modi. Rerum dolorem aut voluptas quis.', 70);
INSERT INTO `product` (`id`, `name`, `price`, `sku`, `status`, `description`, `category_id`) VALUES (571, 'earum', '4004540', 'ccjk', 6, 'Repellendus et ea sint. Unde occaecati rem necessitatibus. Veniam ducimus unde aut voluptas ipsam sapiente accusamus. Deserunt iusto alias animi omnis distinctio sit doloribus soluta.', 71);
INSERT INTO `product` (`id`, `name`, `price`, `sku`, `status`, `description`, `category_id`) VALUES (572, 'praesentium', '41.1947', 'bncu', 5, 'Voluptas eveniet magni animi eos. Nam et magnam ut et amet molestiae aliquam. Dolores ut ullam repudiandae dolores corrupti esse temporibus. Accusantium atque quam maiores sunt eius dolor nihil.', 72);
INSERT INTO `product` (`id`, `name`, `price`, `sku`, `status`, `description`, `category_id`) VALUES (573, 'quia', '479478', 'ztkb', 8, 'Dolor et minima expedita accusamus. Qui expedita dolorem magni. Quisquam pariatur est quo corporis.', 73);
INSERT INTO `product` (`id`, `name`, `price`, `sku`, `status`, `description`, `category_id`) VALUES (574, 'dolor', '109105', 'rrri', 6, 'Ut vel sed dignissimos debitis. Ab vitae tempore ipsum veniam atque qui. Inventore aut error similique et.', 74);
INSERT INTO `product` (`id`, `name`, `price`, `sku`, `status`, `description`, `category_id`) VALUES (575, 'placeat', '4230690', 'kqgd', 8, 'Rerum nam quasi repudiandae magnam minima dolore cum. Voluptatem et non enim quod ea. Quasi labore laboriosam ratione. Natus vel quia et aspernatur minus reprehenderit rerum.', 75);
INSERT INTO `product` (`id`, `name`, `price`, `sku`, `status`, `description`, `category_id`) VALUES (576, 'id', '1800', 'ffvj', 0, 'Architecto vel qui perspiciatis laborum nam. Mollitia aut cumque aliquid molestiae illo at amet. Aut praesentium consequatur iste expedita saepe id tenetur delectus. Voluptas aspernatur sequi sapiente inventore omnis est quo. Est saepe placeat blanditiis ', 76);
INSERT INTO `product` (`id`, `name`, `price`, `sku`, `status`, `description`, `category_id`) VALUES (577, 'omnis', '95597000', 'hixp', 9, 'Magnam ipsam perspiciatis nihil doloremque deleniti illo. Molestiae et itaque non exercitationem veniam. Dolorum et ipsam pariatur incidunt fugiat perspiciatis sapiente perspiciatis. Autem est qui qui perspiciatis eligendi minima.', 77);
INSERT INTO `product` (`id`, `name`, `price`, `sku`, `status`, `description`, `category_id`) VALUES (578, 'nostrum', '15413300', 'hmdb', 9, 'Reprehenderit mollitia cupiditate laudantium optio ducimus enim. Non cumque ullam sunt ullam amet quo. Quod aut quibusdam voluptas nihil consequuntur commodi. Ut debitis maxime nihil quam quidem.', 78);
INSERT INTO `product` (`id`, `name`, `price`, `sku`, `status`, `description`, `category_id`) VALUES (579, 'distinctio', '0', 'kaaa', 1, 'Odit qui deleniti inventore non magnam numquam. Inventore at qui quaerat velit. Voluptas nulla placeat tempore voluptates voluptates aut laborum. Ab laboriosam et qui ipsum id qui nostrum.', 79);
INSERT INTO `product` (`id`, `name`, `price`, `sku`, `status`, `description`, `category_id`) VALUES (580, 'dolor', '230.971', 'qfcu', 7, 'Fugit et consectetur velit blanditiis et numquam voluptas distinctio. Nesciunt voluptatum illum eligendi dignissimos pariatur consequatur quasi eveniet. Impedit consectetur accusantium omnis id quis nisi.', 80);
INSERT INTO `product` (`id`, `name`, `price`, `sku`, `status`, `description`, `category_id`) VALUES (581, 'harum', '0', 'xggv', 5, 'Perspiciatis quo a illo qui magni. Provident provident omnis animi perferendis eveniet qui sed.', 81);
INSERT INTO `product` (`id`, `name`, `price`, `sku`, `status`, `description`, `category_id`) VALUES (582, 'illo', '0', 'mcpp', 0, 'Harum omnis minus sunt et nostrum architecto aut. Dolorem officiis inventore sed ipsa voluptatem. Et incidunt non aut rerum iure et nihil voluptate. Est vel facere et rem voluptatem.', 82);
INSERT INTO `product` (`id`, `name`, `price`, `sku`, `status`, `description`, `category_id`) VALUES (583, 'rerum', '19609000', 'dfxb', 3, 'Maiores est voluptatibus explicabo in. Est sed praesentium animi deserunt facilis blanditiis. Harum quod similique nam ducimus ut dolor maxime. Amet ipsam voluptatem maxime qui et.', 83);
INSERT INTO `product` (`id`, `name`, `price`, `sku`, `status`, `description`, `category_id`) VALUES (584, 'vel', '375.9', 'cthr', 3, 'Et quia velit aut soluta culpa odio ad. Nulla ullam fuga consequatur enim vel asperiores. Velit mollitia recusandae illum ipsam laudantium et et.', 84);
INSERT INTO `product` (`id`, `name`, `price`, `sku`, `status`, `description`, `category_id`) VALUES (585, 'aut', '5805.42', 'dpys', 7, 'Eius et rerum accusamus rerum officia dolorem facilis. Dicta at omnis quia delectus deleniti dignissimos. Voluptas eum vel quia labore veniam totam voluptatem.', 85);
INSERT INTO `product` (`id`, `name`, `price`, `sku`, `status`, `description`, `category_id`) VALUES (586, 'et', '3023.72', 'ltmd', 8, 'Corrupti omnis magni commodi consequuntur. Aspernatur non aut vitae. Aut et eius quibusdam labore perspiciatis reiciendis omnis libero. Aut dignissimos quo consequatur provident.', 86);
INSERT INTO `product` (`id`, `name`, `price`, `sku`, `status`, `description`, `category_id`) VALUES (587, 'asperiores', '1193160', 'nhce', 3, 'Ducimus iusto eos eligendi veritatis. Consectetur dolorem voluptatem sapiente minima natus molestias omnis. Itaque quasi rerum reprehenderit quia et minima distinctio. Inventore doloribus iure incidunt mollitia voluptas distinctio.', 87);
INSERT INTO `product` (`id`, `name`, `price`, `sku`, `status`, `description`, `category_id`) VALUES (588, 'quo', '658199', 'adbs', 2, 'Non et nostrum laboriosam voluptas accusantium. Ab maiores distinctio corporis quis repellendus. Enim exercitationem sed nobis et et et asperiores. Quidem aliquam eveniet totam qui.', 88);
INSERT INTO `product` (`id`, `name`, `price`, `sku`, `status`, `description`, `category_id`) VALUES (589, 'rem', '2.13', 'bbxn', 2, 'Vero est doloribus enim pariatur consequatur dignissimos accusantium accusantium. Possimus sed illo explicabo vero ut. Velit ex consequatur molestias illum doloribus. Ea blanditiis et iusto aperiam quibusdam explicabo.', 89);
INSERT INTO `product` (`id`, `name`, `price`, `sku`, `status`, `description`, `category_id`) VALUES (590, 'sunt', '192.648', 'wkoc', 1, 'Maxime et culpa tenetur delectus ducimus alias expedita. Quia in quos inventore repellat.', 90);
INSERT INTO `product` (`id`, `name`, `price`, `sku`, `status`, `description`, `category_id`) VALUES (591, 'ab', '38046300', 'xzbx', 9, 'Vitae quo harum perferendis ad aut. Quas alias tempore voluptas reiciendis. Quam harum vitae et officia. Velit voluptatibus deleniti nemo exercitationem ut.', 91);
INSERT INTO `product` (`id`, `name`, `price`, `sku`, `status`, `description`, `category_id`) VALUES (592, 'id', '49650500', 'szbv', 2, 'Voluptate inventore voluptate blanditiis natus dolorem. Vel corrupti velit nam assumenda laudantium voluptatibus quas voluptas. Impedit corrupti est esse. Consequatur id accusamus corporis voluptatibus vel in aspernatur. Mollitia ut excepturi rem id qui o', 92);
INSERT INTO `product` (`id`, `name`, `price`, `sku`, `status`, `description`, `category_id`) VALUES (593, 'quia', '0.835647', 'revk', 7, 'Consequuntur explicabo et exercitationem aspernatur. Ut et magni voluptatum aut aut. Dicta voluptatem voluptatem eum repudiandae iste sunt. Est ipsa nihil dolorum ab est optio qui.', 93);
INSERT INTO `product` (`id`, `name`, `price`, `sku`, `status`, `description`, `category_id`) VALUES (594, 'velit', '35557.6', 'ugtt', 3, 'Dicta nihil rerum sit praesentium. Et error tempore minus expedita odio quis doloribus. Quisquam ut voluptatem distinctio minima. Voluptates nostrum occaecati inventore esse optio delectus.', 94);
INSERT INTO `product` (`id`, `name`, `price`, `sku`, `status`, `description`, `category_id`) VALUES (595, 'odio', '19.556', 'bjyi', 3, 'Veritatis ut totam non placeat. Molestiae ut sint sed deleniti ea placeat sit optio. Vel aut consequuntur magnam ducimus. Qui commodi sed reprehenderit voluptate.', 95);
INSERT INTO `product` (`id`, `name`, `price`, `sku`, `status`, `description`, `category_id`) VALUES (596, 'voluptas', '101.659', 'vpwo', 8, 'Porro numquam qui ut omnis ullam iure doloribus. Est magni nostrum veniam delectus quia vero voluptate unde. Qui voluptatem minus ullam sint quaerat. Eius autem aut dignissimos iure aperiam a voluptatem quam.', 96);
INSERT INTO `product` (`id`, `name`, `price`, `sku`, `status`, `description`, `category_id`) VALUES (597, 'dolorum', '120198000', 'ndzb', 5, 'Laborum iusto repellat non accusantium qui neque dolores. Possimus odit accusantium cumque enim. Optio incidunt atque expedita unde alias. Quaerat dolores fugit rerum.', 97);
INSERT INTO `product` (`id`, `name`, `price`, `sku`, `status`, `description`, `category_id`) VALUES (598, 'quis', '27.3664', 'sdzs', 9, 'Dolorem ipsa fugit labore nostrum. In eaque omnis dolorem non. Voluptas rerum non iste porro quasi. Vel aut est eos qui voluptate enim molestias.', 98);
INSERT INTO `product` (`id`, `name`, `price`, `sku`, `status`, `description`, `category_id`) VALUES (599, 'et', '186703000', 'caum', 2, 'Facere illo voluptatibus quia at voluptatem cumque neque at. Natus laboriosam accusamus velit numquam labore. Adipisci ut officiis et aliquam nam adipisci.', 99);
INSERT INTO `product` (`id`, `name`, `price`, `sku`, `status`, `description`, `category_id`) VALUES (600, 'est', '25.7774', 'rzyd', 5, 'Ea dolores incidunt ut error officia et laboriosam. Soluta voluptas numquam consequuntur perspiciatis omnis incidunt. Vitae rerum distinctio voluptatibus voluptas. Voluptatum architecto aliquam est fugiat blanditiis quo.', 100);
INSERT INTO `product` (`id`, `name`, `price`, `sku`, `status`, `description`, `category_id`) VALUES (601, 'quia', '0', 'kqfm', 0, 'Nobis velit architecto rerum dolorum eveniet repellat. Quasi repellendus qui qui repudiandae fugit fuga vel. Magni porro eos cupiditate rerum ullam. Exercitationem voluptates vitae velit similique sequi autem.', 1);
INSERT INTO `product` (`id`, `name`, `price`, `sku`, `status`, `description`, `category_id`) VALUES (602, 'accusantium', '16093.4', 'glna', 9, 'Quas voluptas aliquid voluptatibus dolor provident rem nesciunt. Ut ducimus dolorem sunt. Adipisci eos eum ducimus doloremque rerum harum adipisci vero.', 2);
INSERT INTO `product` (`id`, `name`, `price`, `sku`, `status`, `description`, `category_id`) VALUES (603, 'voluptatem', '51828200', 'bbjp', 0, 'Nisi expedita enim qui est dolores fugit. Amet veritatis reiciendis voluptas sit sint velit. Consequatur ut suscipit sapiente iusto non.', 3);
INSERT INTO `product` (`id`, `name`, `price`, `sku`, `status`, `description`, `category_id`) VALUES (604, 'omnis', '158.663', 'fqxe', 5, 'Amet ullam temporibus omnis. Non laudantium mollitia quis dolorem ipsa ut recusandae esse. Perspiciatis reiciendis tempora laboriosam aut consequatur.', 4);
INSERT INTO `product` (`id`, `name`, `price`, `sku`, `status`, `description`, `category_id`) VALUES (605, 'laudantium', '51.934', 'yfid', 6, 'Quo aut excepturi repellendus aut repellat qui magni. Nesciunt voluptas modi velit atque aliquid et atque rem. Eum architecto ut odit tenetur.', 5);
INSERT INTO `product` (`id`, `name`, `price`, `sku`, `status`, `description`, `category_id`) VALUES (606, 'quam', '2809.7', 'aekv', 6, 'Esse officiis placeat ut id vel alias. Occaecati incidunt ratione quis accusantium. Et dolores commodi tempora qui. Quas sit quia voluptatem aliquid eum quo aut.', 6);
INSERT INTO `product` (`id`, `name`, `price`, `sku`, `status`, `description`, `category_id`) VALUES (607, 'ad', '91899.2', 'ahnj', 8, 'Qui quia asperiores repudiandae commodi cumque qui. Eius at fugit esse reprehenderit. Est omnis eaque quo quo distinctio consequatur ducimus itaque.', 7);
INSERT INTO `product` (`id`, `name`, `price`, `sku`, `status`, `description`, `category_id`) VALUES (608, 'omnis', '44621500', 'djxp', 0, 'Vel aperiam eaque nam iste. Placeat harum quia velit quia quia. Voluptas in fugit doloremque voluptas.', 8);
INSERT INTO `product` (`id`, `name`, `price`, `sku`, `status`, `description`, `category_id`) VALUES (609, 'aut', '68099000', 'gzur', 0, 'Et quasi dolorem harum et ipsum fugiat et. Ad illum nesciunt fugiat corrupti sit occaecati.', 9);
INSERT INTO `product` (`id`, `name`, `price`, `sku`, `status`, `description`, `category_id`) VALUES (610, 'qui', '26018300', 'ojpi', 6, 'Est repudiandae facere qui eos. In et rerum quas placeat. Vel suscipit dolore saepe cumque in quia est. Consequatur a est consectetur nostrum rem. Possimus nemo inventore tempora similique.', 10);
INSERT INTO `product` (`id`, `name`, `price`, `sku`, `status`, `description`, `category_id`) VALUES (611, 'nemo', '50084300', 'lovw', 8, 'Amet esse aut sapiente quaerat. Molestiae amet voluptas blanditiis quidem velit ut et. Molestiae totam minus expedita alias. Velit sequi impedit quo quia culpa.', 11);
INSERT INTO `product` (`id`, `name`, `price`, `sku`, `status`, `description`, `category_id`) VALUES (612, 'voluptatem', '31.6505', 'wipo', 8, 'Reiciendis culpa est voluptatum ea quia. Totam nostrum alias voluptas. Mollitia quisquam consequuntur voluptatibus minima. Molestiae perferendis necessitatibus eos soluta.', 12);
INSERT INTO `product` (`id`, `name`, `price`, `sku`, `status`, `description`, `category_id`) VALUES (613, 'illo', '275670000', 'fcrb', 4, 'Quo et est omnis voluptatum qui. Incidunt necessitatibus iusto sed aliquid fugit. Veniam tempore facere eum dolorum qui quia rerum. Blanditiis quo voluptatem placeat sed et fugiat debitis qui.', 13);
INSERT INTO `product` (`id`, `name`, `price`, `sku`, `status`, `description`, `category_id`) VALUES (614, 'atque', '94.3419', 'zupr', 4, 'Natus quae qui non vero. Id et ipsa laboriosam velit provident magni et. Dignissimos facilis dicta velit nihil temporibus omnis. Incidunt non delectus qui iste quos omnis explicabo.', 14);
INSERT INTO `product` (`id`, `name`, `price`, `sku`, `status`, `description`, `category_id`) VALUES (615, 'quis', '507843', 'lrzf', 9, 'Sint maxime distinctio sed in sed. Non dolorum ut animi magnam. Corrupti vero illo repudiandae quis aut.', 15);
INSERT INTO `product` (`id`, `name`, `price`, `sku`, `status`, `description`, `category_id`) VALUES (616, 'dignissimos', '171.964', 'imaf', 0, 'Unde et atque perferendis omnis veniam enim illo. Molestias enim et voluptates cumque assumenda provident excepturi. Illo distinctio error cumque eligendi non rerum. Eum quos et aliquam eligendi at ut dolorum error. Molestiae aperiam voluptas numquam sint', 16);
INSERT INTO `product` (`id`, `name`, `price`, `sku`, `status`, `description`, `category_id`) VALUES (617, 'aliquid', '1062.3', 'ugwi', 5, 'Aut aliquam maxime inventore quis delectus excepturi et. Numquam omnis consequatur magni at omnis. Harum consequatur sint voluptatibus animi.', 17);
INSERT INTO `product` (`id`, `name`, `price`, `sku`, `status`, `description`, `category_id`) VALUES (618, 'iure', '0.812501', 'iemd', 1, 'Laborum et qui dolores sed hic hic. Accusamus quisquam perferendis esse suscipit et nostrum omnis.', 18);
INSERT INTO `product` (`id`, `name`, `price`, `sku`, `status`, `description`, `category_id`) VALUES (619, 'quia', '2.01466', 'wiwb', 1, 'Quia officia necessitatibus sunt omnis et ipsum. Quo consequuntur vitae alias laudantium cumque hic aut. Impedit omnis aspernatur qui culpa quo iste.', 19);
INSERT INTO `product` (`id`, `name`, `price`, `sku`, `status`, `description`, `category_id`) VALUES (620, 'pariatur', '3', 'gaak', 6, 'Aut laudantium vel minima aspernatur et. Molestiae corrupti delectus perspiciatis minima quibusdam. Tempore velit labore totam voluptatem.', 20);
INSERT INTO `product` (`id`, `name`, `price`, `sku`, `status`, `description`, `category_id`) VALUES (621, 'quia', '20986.1', 'nifl', 5, 'Unde maxime soluta aut est saepe qui. Eligendi sit nesciunt ipsa iure vitae. Ipsa atque voluptatem fuga optio quia rerum. Maxime accusamus quia velit. Inventore pariatur porro ipsum voluptate nam nisi molestiae earum.', 21);
INSERT INTO `product` (`id`, `name`, `price`, `sku`, `status`, `description`, `category_id`) VALUES (622, 'nobis', '0', 'jpks', 6, 'Accusantium dolorum occaecati aut dolores. Consequatur ea sint sit molestiae rerum consequatur. Quis aut laborum ut. Occaecati ab cumque at in quaerat.', 22);
INSERT INTO `product` (`id`, `name`, `price`, `sku`, `status`, `description`, `category_id`) VALUES (623, 'sunt', '2889580', 'btnp', 3, 'Facilis est in minima. Rerum nulla velit repellat eos quae similique corrupti. Eum sit necessitatibus sequi temporibus numquam consequatur enim blanditiis. Laboriosam voluptatem praesentium aut consequatur incidunt.', 23);
INSERT INTO `product` (`id`, `name`, `price`, `sku`, `status`, `description`, `category_id`) VALUES (624, 'architecto', '28750.1', 'zdim', 9, 'Ea facilis quis ut odit quia sunt aut quasi. Architecto quos sint nisi praesentium veritatis ea repellendus. Est provident facere officia libero doloremque.', 24);
INSERT INTO `product` (`id`, `name`, `price`, `sku`, `status`, `description`, `category_id`) VALUES (625, 'nobis', '2.2', 'lkav', 1, 'Rem sit tempora laudantium dolores omnis corporis eveniet. Voluptas hic sunt fugit quam repellendus porro sed. Aut laboriosam culpa aliquid laboriosam. Numquam eos voluptatem suscipit.', 25);
INSERT INTO `product` (`id`, `name`, `price`, `sku`, `status`, `description`, `category_id`) VALUES (626, 'temporibus', '99830400', 'ksod', 6, 'Sed nulla sint amet delectus consequatur neque error. Dolorem quis ad doloremque reprehenderit eaque. Qui earum laudantium omnis expedita recusandae error.', 26);
INSERT INTO `product` (`id`, `name`, `price`, `sku`, `status`, `description`, `category_id`) VALUES (627, 'ipsam', '537.744', 'afsx', 8, 'Perferendis in sunt et numquam facere. Velit ut iure est vero. Quasi deleniti veritatis aspernatur eum numquam architecto. Dolor et repellendus tempore eligendi vero veniam.', 27);
INSERT INTO `product` (`id`, `name`, `price`, `sku`, `status`, `description`, `category_id`) VALUES (628, 'reiciendis', '731361', 'pvae', 1, 'Praesentium nihil enim natus quis. Qui et explicabo magnam magnam autem et. Totam laudantium illo dolorum incidunt sit unde vero qui. Consequatur voluptas dolorem consequatur molestias at deleniti aperiam.', 28);
INSERT INTO `product` (`id`, `name`, `price`, `sku`, `status`, `description`, `category_id`) VALUES (629, 'aliquid', '0', 'npdc', 0, 'Molestiae ad nihil eum voluptas inventore pariatur. Qui earum aliquam quaerat eum et natus omnis id.', 29);
INSERT INTO `product` (`id`, `name`, `price`, `sku`, `status`, `description`, `category_id`) VALUES (630, 'asperiores', '15', 'edax', 1, 'Nihil sed enim error nemo nostrum aut. Atque iste voluptates laborum. Unde aut itaque hic deleniti dolor. Quis dolorum libero consequatur reiciendis autem aut.', 30);
INSERT INTO `product` (`id`, `name`, `price`, `sku`, `status`, `description`, `category_id`) VALUES (631, 'saepe', '275541', 'yyea', 8, 'Sunt voluptatem minus exercitationem rem ipsa. Deleniti eos et cum porro. Illum quasi harum est placeat. Ea voluptatem sit magnam consequatur.', 31);
INSERT INTO `product` (`id`, `name`, `price`, `sku`, `status`, `description`, `category_id`) VALUES (632, 'doloremque', '867004', 'calz', 9, 'Amet eos asperiores enim ut sequi et nisi. Id necessitatibus in aut molestias impedit. Asperiores incidunt nesciunt pariatur nihil voluptas qui. Aut impedit veritatis temporibus.', 32);
INSERT INTO `product` (`id`, `name`, `price`, `sku`, `status`, `description`, `category_id`) VALUES (633, 'impedit', '30691.4', 'lsng', 6, 'Illum voluptate ipsa aut cum. Ut nulla aut omnis voluptas temporibus. Qui at voluptatem omnis dolorum quia. Qui est ut culpa.', 33);
INSERT INTO `product` (`id`, `name`, `price`, `sku`, `status`, `description`, `category_id`) VALUES (634, 'aut', '36436.6', 'qvca', 3, 'Voluptatem maxime qui in exercitationem ullam hic. Veritatis veritatis enim unde. Consequatur quia esse consequatur ut et.', 34);
INSERT INTO `product` (`id`, `name`, `price`, `sku`, `status`, `description`, `category_id`) VALUES (635, 'similique', '0.132', 'najr', 7, 'Id eveniet corporis quasi corrupti ipsum eos dolorum. Iure provident repellendus et voluptas ratione ex. Aut atque culpa perferendis. Porro eos commodi magnam blanditiis molestias dolorem.', 35);
INSERT INTO `product` (`id`, `name`, `price`, `sku`, `status`, `description`, `category_id`) VALUES (636, 'eum', '21446800', 'uuri', 7, 'Quia corporis voluptas nihil a minima libero. Nam sequi voluptatem nemo occaecati. Repellat et esse nihil soluta quis velit doloremque. Laboriosam consequatur quia voluptate tempora culpa.', 36);
INSERT INTO `product` (`id`, `name`, `price`, `sku`, `status`, `description`, `category_id`) VALUES (637, 'consequatur', '190.807', 'zpac', 5, 'Exercitationem molestiae reiciendis pariatur et. Dicta incidunt quam possimus porro autem quo possimus odio.', 37);
INSERT INTO `product` (`id`, `name`, `price`, `sku`, `status`, `description`, `category_id`) VALUES (638, 'recusandae', '1314330', 'wcjz', 4, 'Facilis nihil hic maxime neque facere cum ipsum. Aut mollitia cum libero voluptas in quis. Commodi nesciunt eveniet reiciendis accusantium eum quam sit.', 38);
INSERT INTO `product` (`id`, `name`, `price`, `sku`, `status`, `description`, `category_id`) VALUES (639, 'similique', '0', 'ewlm', 9, 'Saepe sapiente quia sed. Esse aliquam et veritatis velit dolores consequatur ullam. Vel rerum eos occaecati at illo possimus.', 39);
INSERT INTO `product` (`id`, `name`, `price`, `sku`, `status`, `description`, `category_id`) VALUES (640, 'possimus', '6.89', 'mfub', 9, 'Molestiae atque ut ea non. Et officia reprehenderit maiores quae consequatur est sint facere. Facilis nulla reiciendis non rem. Debitis corporis reiciendis magnam quia. Labore facilis qui rerum nihil ut aperiam.', 40);
INSERT INTO `product` (`id`, `name`, `price`, `sku`, `status`, `description`, `category_id`) VALUES (641, 'est', '400497000', 'hjra', 7, 'Occaecati iure repellat vitae exercitationem distinctio nemo. Nemo esse porro iste nulla qui in corporis. Dolores explicabo voluptatum ut doloribus autem nemo. Ea est ipsum tenetur molestiae eos necessitatibus aut in.', 41);
INSERT INTO `product` (`id`, `name`, `price`, `sku`, `status`, `description`, `category_id`) VALUES (642, 'consequuntur', '1.02', 'eyhl', 6, 'Architecto qui voluptates veritatis atque. Officia veniam ducimus et non delectus eligendi illo. Eveniet illum ex molestiae quos debitis.', 42);
INSERT INTO `product` (`id`, `name`, `price`, `sku`, `status`, `description`, `category_id`) VALUES (643, 'aliquam', '1768.8', 'whte', 4, 'Vel in quidem praesentium quidem magni culpa dolorem. Sit itaque commodi consequatur labore sunt repellat consequatur occaecati. Pariatur iusto natus veniam laudantium est.', 43);
INSERT INTO `product` (`id`, `name`, `price`, `sku`, `status`, `description`, `category_id`) VALUES (644, 'ab', '59970.2', 'gtle', 0, 'Culpa repudiandae suscipit perferendis non. Non voluptatem numquam architecto itaque natus dignissimos. Ad illum cum officiis id. Voluptatem adipisci minima consequatur distinctio.', 44);
INSERT INTO `product` (`id`, `name`, `price`, `sku`, `status`, `description`, `category_id`) VALUES (645, 'saepe', '59983.3', 'spls', 1, 'Sint incidunt id assumenda ea recusandae molestias. Placeat eligendi ea sint vel ut quo quod et. Officia asperiores aut illum corporis.', 45);
INSERT INTO `product` (`id`, `name`, `price`, `sku`, `status`, `description`, `category_id`) VALUES (646, 'repellendus', '975.264', 'xxkh', 4, 'Assumenda ad totam voluptas fugiat vel voluptatem suscipit aspernatur. Ab accusantium ut ab in est dolores. Qui similique voluptatem rerum maxime repellendus veniam ipsam.', 46);
INSERT INTO `product` (`id`, `name`, `price`, `sku`, `status`, `description`, `category_id`) VALUES (647, 'quidem', '0', 'jcgu', 3, 'Molestias sit eligendi voluptas vitae et eius dicta. Sed eos dolor facilis corporis vel commodi. Quam nam maiores aut est quos. Provident laboriosam nostrum distinctio aut minus tempora.', 47);
INSERT INTO `product` (`id`, `name`, `price`, `sku`, `status`, `description`, `category_id`) VALUES (648, 'temporibus', '6.186', 'arer', 4, 'Ut qui ullam repellendus. Quas sint quidem illo. Voluptatem placeat quas adipisci voluptas placeat in ipsam. Esse rerum assumenda consectetur repudiandae doloribus maxime explicabo.', 48);
INSERT INTO `product` (`id`, `name`, `price`, `sku`, `status`, `description`, `category_id`) VALUES (649, 'modi', '0', 'yqno', 4, 'Assumenda repellat tenetur quisquam aspernatur eos autem earum. Quibusdam a dicta et et minima. Doloremque commodi sequi eos voluptatum aperiam.', 49);
INSERT INTO `product` (`id`, `name`, `price`, `sku`, `status`, `description`, `category_id`) VALUES (650, 'mollitia', '22.9934', 'sidq', 5, 'Ea molestiae sit ex. Ratione et exercitationem consequatur voluptas sit qui placeat esse. Alias similique esse a voluptas quisquam et et. Aperiam voluptatem vel non nobis soluta nemo.', 50);
INSERT INTO `product` (`id`, `name`, `price`, `sku`, `status`, `description`, `category_id`) VALUES (651, 'est', '2138.09', 'gcdx', 3, 'Quia rerum numquam aliquam quia. Magni sint neque modi ipsa necessitatibus. Aut esse quia explicabo ducimus ullam vitae optio. Nulla nobis aut accusantium numquam minus.', 51);
INSERT INTO `product` (`id`, `name`, `price`, `sku`, `status`, `description`, `category_id`) VALUES (652, 'tempora', '7.99399', 'yrqf', 7, 'Explicabo voluptas earum rem omnis. Et ut ad nam odio quo quidem accusamus. Ipsa cupiditate suscipit eveniet voluptas.', 52);
INSERT INTO `product` (`id`, `name`, `price`, `sku`, `status`, `description`, `category_id`) VALUES (653, 'sint', '18431.4', 'kont', 7, 'Ratione est pariatur nihil molestias autem culpa atque. Praesentium fugiat sed quas suscipit rerum voluptates error.', 53);
INSERT INTO `product` (`id`, `name`, `price`, `sku`, `status`, `description`, `category_id`) VALUES (654, 'qui', '104586000', 'dbnw', 9, 'Sit non fugiat numquam earum assumenda officiis. Et tempora placeat odio alias voluptatum a expedita velit. Enim ipsa quibusdam velit aut ut. Autem ut qui nulla autem. Assumenda enim ipsam enim et et odio nihil.', 54);
INSERT INTO `product` (`id`, `name`, `price`, `sku`, `status`, `description`, `category_id`) VALUES (655, 'est', '78240900', 'grft', 0, 'Impedit ea voluptates quis explicabo. Repudiandae quo corporis assumenda dicta dolorum tempore. Omnis sapiente esse nulla dignissimos et et mollitia.', 55);
INSERT INTO `product` (`id`, `name`, `price`, `sku`, `status`, `description`, `category_id`) VALUES (656, 'est', '136456000', 'wqek', 6, 'Dolores enim qui asperiores atque. Quia non autem quibusdam similique placeat voluptas. Qui qui corporis reiciendis voluptatibus neque recusandae a cumque.', 56);
INSERT INTO `product` (`id`, `name`, `price`, `sku`, `status`, `description`, `category_id`) VALUES (657, 'sed', '29.56', 'vrnj', 3, 'Minus quisquam sit nobis eligendi. Possimus sed enim dolor tenetur ut repudiandae dolores. Voluptas eveniet tenetur est assumenda aut libero ratione.', 57);
INSERT INTO `product` (`id`, `name`, `price`, `sku`, `status`, `description`, `category_id`) VALUES (658, 'odit', '8882260', 'zlxh', 3, 'Et cupiditate quisquam voluptatum et quo quia. Consectetur totam id est placeat eligendi sit fugit. Quia consequatur rerum beatae commodi consequatur ut aliquam.', 58);
INSERT INTO `product` (`id`, `name`, `price`, `sku`, `status`, `description`, `category_id`) VALUES (659, 'laborum', '5184.13', 'gqwr', 2, 'Architecto repellat distinctio unde quia. Quo a voluptatum eum et quia. Eum aut temporibus vel. Repellat necessitatibus vitae sint neque nostrum iure delectus.', 59);
INSERT INTO `product` (`id`, `name`, `price`, `sku`, `status`, `description`, `category_id`) VALUES (660, 'impedit', '2144350', 'lufq', 8, 'Qui consequatur consectetur quasi esse ducimus cumque ad. Quas doloremque itaque consequatur earum consectetur qui laudantium. Aut et quidem nihil quos veniam voluptas.', 60);
INSERT INTO `product` (`id`, `name`, `price`, `sku`, `status`, `description`, `category_id`) VALUES (661, 'tempore', '486074000', 'boel', 8, 'Quia optio deleniti accusamus quis veritatis est excepturi eos. Dicta necessitatibus esse voluptatem officia. Error qui nisi provident sint voluptas. Fugit excepturi voluptatem dolores quis sit est ut qui. Aut est sit suscipit animi doloremque.', 61);
INSERT INTO `product` (`id`, `name`, `price`, `sku`, `status`, `description`, `category_id`) VALUES (662, 'ut', '106436', 'tqcr', 2, 'Quaerat qui quod laboriosam quas soluta. Fugit voluptates recusandae et labore et eaque. Reprehenderit assumenda natus totam iure quas minima. Natus ab hic omnis voluptatibus voluptatem est omnis.', 62);
INSERT INTO `product` (`id`, `name`, `price`, `sku`, `status`, `description`, `category_id`) VALUES (663, 'ut', '21260', 'uxkz', 4, 'Nulla corporis ut et nulla aspernatur quaerat veniam. Molestiae ut cumque ut qui. Eum perspiciatis nobis occaecati. Recusandae sit aut aut aperiam id.', 63);
INSERT INTO `product` (`id`, `name`, `price`, `sku`, `status`, `description`, `category_id`) VALUES (664, 'provident', '4388.6', 'rozm', 3, 'Veniam ut dignissimos iure at ullam. Quasi ut qui a veniam voluptatem quia. Commodi iusto velit molestiae non quia qui.', 64);
INSERT INTO `product` (`id`, `name`, `price`, `sku`, `status`, `description`, `category_id`) VALUES (665, 'molestiae', '5483360', 'fnah', 9, 'Recusandae sint nihil vero odit quia assumenda ullam modi. Quis commodi iure ducimus. Sapiente nihil non nam.', 65);
INSERT INTO `product` (`id`, `name`, `price`, `sku`, `status`, `description`, `category_id`) VALUES (666, 'necessitatibus', '43415100', 'wfzq', 0, 'Tenetur ab et hic ipsam praesentium nulla. Laborum labore eius quisquam nobis blanditiis. Eligendi et consectetur itaque quas numquam rem aut vero.', 66);
INSERT INTO `product` (`id`, `name`, `price`, `sku`, `status`, `description`, `category_id`) VALUES (667, 'sed', '0', 'tibe', 6, 'Ut eaque est illum id inventore. Dolorum qui molestiae quis sed dolore.', 67);
INSERT INTO `product` (`id`, `name`, `price`, `sku`, `status`, `description`, `category_id`) VALUES (668, 'placeat', '13.1814', 'rtal', 8, 'Nobis qui a vel dolore deserunt rerum vel. Enim facilis hic facere excepturi iure. Aut repellendus harum illum voluptas.', 68);
INSERT INTO `product` (`id`, `name`, `price`, `sku`, `status`, `description`, `category_id`) VALUES (669, 'sint', '40385800', 'uszi', 6, 'Odit qui ut quos non vel eos. Libero voluptas adipisci itaque velit ex. Et quam inventore et accusamus ut sit accusantium. Quod sed amet earum eum. Incidunt qui maxime aperiam asperiores.', 69);
INSERT INTO `product` (`id`, `name`, `price`, `sku`, `status`, `description`, `category_id`) VALUES (670, 'culpa', '13.53', 'gzye', 3, 'Veniam fuga blanditiis itaque mollitia iste totam ducimus sint. Consectetur voluptas explicabo omnis at est qui quam.', 70);
INSERT INTO `product` (`id`, `name`, `price`, `sku`, `status`, `description`, `category_id`) VALUES (671, 'voluptatem', '20.7509', 'koxd', 9, 'Modi qui iure et autem nostrum. Aut consectetur et reiciendis quo. Laboriosam non quas dolor harum officia maxime. Dolorum minima expedita rem velit veniam blanditiis. Omnis consequatur quia accusantium dolores fuga alias velit.', 71);
INSERT INTO `product` (`id`, `name`, `price`, `sku`, `status`, `description`, `category_id`) VALUES (672, 'quasi', '821', 'piej', 5, 'Eum voluptate aut omnis vero vel. Nihil perferendis dolores et voluptas ut rerum. Deleniti nihil illum ducimus blanditiis odio enim. Molestiae aut ut veniam nostrum fuga.', 72);
INSERT INTO `product` (`id`, `name`, `price`, `sku`, `status`, `description`, `category_id`) VALUES (673, 'facilis', '8.83956', 'vpdt', 4, 'Sed nihil qui ut et velit maiores vel. Ullam debitis aut saepe. Sequi error impedit sequi nulla eius. Amet tempora facere voluptatem et similique ipsa non sed.', 73);
INSERT INTO `product` (`id`, `name`, `price`, `sku`, `status`, `description`, `category_id`) VALUES (674, 'cupiditate', '2375130', 'iyhe', 0, 'Nostrum fugiat qui voluptatum minus doloribus. Voluptate tempora sit magnam et in. Vel cumque qui corrupti sed accusamus provident.', 74);
INSERT INTO `product` (`id`, `name`, `price`, `sku`, `status`, `description`, `category_id`) VALUES (675, 'fugiat', '407308000', 'msye', 0, 'Ut omnis velit reiciendis. Ut ut eos voluptatem voluptas fugit at. Aut ad error fuga distinctio expedita placeat vel.', 75);
INSERT INTO `product` (`id`, `name`, `price`, `sku`, `status`, `description`, `category_id`) VALUES (676, 'quis', '45525400', 'bdxk', 4, 'Repudiandae placeat labore quisquam adipisci aliquid laudantium aut. A debitis vel molestias ut ab.', 76);
INSERT INTO `product` (`id`, `name`, `price`, `sku`, `status`, `description`, `category_id`) VALUES (677, 'exercitationem', '23186000', 'seau', 7, 'Nostrum et in sed quo voluptate nobis. Eum et repudiandae qui. Ipsa illum odit consequuntur itaque alias. Voluptatem id et illum ipsam consequatur.', 77);
INSERT INTO `product` (`id`, `name`, `price`, `sku`, `status`, `description`, `category_id`) VALUES (678, 'ad', '293.018', 'paxp', 4, 'Quis ea a quia cumque et saepe aspernatur voluptas. Et earum et amet error rerum et recusandae. Quis nostrum tempora itaque est sunt magni qui. Culpa non fuga ipsum ut nulla et doloribus.', 78);
INSERT INTO `product` (`id`, `name`, `price`, `sku`, `status`, `description`, `category_id`) VALUES (679, 'modi', '134906', 'irlr', 7, 'Ducimus id consequatur voluptas magni vero vitae. Quis reiciendis magni debitis ratione. Maxime consequatur doloremque atque laborum officia natus.', 79);
INSERT INTO `product` (`id`, `name`, `price`, `sku`, `status`, `description`, `category_id`) VALUES (680, 'rem', '1679820', 'diio', 1, 'Quasi voluptatem voluptatem veniam dolorem distinctio. Qui numquam enim modi qui. Molestiae voluptatum quos fuga dignissimos.', 80);
INSERT INTO `product` (`id`, `name`, `price`, `sku`, `status`, `description`, `category_id`) VALUES (681, 'facere', '80.3712', 'rqha', 3, 'Recusandae omnis ad quia cumque libero sed. Earum molestiae quisquam voluptas aut eos. Est voluptatem sit reiciendis incidunt atque.', 81);
INSERT INTO `product` (`id`, `name`, `price`, `sku`, `status`, `description`, `category_id`) VALUES (682, 'ut', '3.2429', 'liaq', 1, 'Est id aut dicta. Voluptas est velit velit nisi. Qui ut qui sit voluptate.', 82);
INSERT INTO `product` (`id`, `name`, `price`, `sku`, `status`, `description`, `category_id`) VALUES (683, 'laboriosam', '41.0805', 'vxzp', 7, 'Ad magnam doloremque incidunt perferendis aspernatur ducimus accusamus magni. Voluptatem dolorem deleniti voluptatem est. Rerum in impedit dolores quo.', 83);
INSERT INTO `product` (`id`, `name`, `price`, `sku`, `status`, `description`, `category_id`) VALUES (684, 'voluptate', '21.3588', 'huud', 8, 'Officiis praesentium facilis natus est. Qui enim error optio atque magni. Natus dolores nostrum possimus laboriosam nobis. Est minus est rem sed.', 84);
INSERT INTO `product` (`id`, `name`, `price`, `sku`, `status`, `description`, `category_id`) VALUES (685, 'minus', '0', 'yget', 7, 'Quisquam consequatur et enim nemo. Nihil sit nemo est optio minima quas consequatur. Autem tempore repellendus alias rem amet. Earum porro excepturi omnis eum delectus quidem. Quo omnis minima et doloribus quos eos.', 85);
INSERT INTO `product` (`id`, `name`, `price`, `sku`, `status`, `description`, `category_id`) VALUES (686, 'cupiditate', '558101', 'npao', 7, 'Omnis magni fuga minus distinctio placeat. Quo quis accusamus libero placeat ratione.', 86);
INSERT INTO `product` (`id`, `name`, `price`, `sku`, `status`, `description`, `category_id`) VALUES (687, 'necessitatibus', '43811.8', 'muem', 2, 'Culpa fuga aspernatur impedit impedit facilis accusantium ad enim. Doloremque officiis ea dolore sunt qui excepturi. Nam animi qui sunt accusantium. Non veritatis aut eius repellat nihil impedit quis.', 87);
INSERT INTO `product` (`id`, `name`, `price`, `sku`, `status`, `description`, `category_id`) VALUES (688, 'eius', '1870.16', 'bxhw', 7, 'Harum culpa vero tempora et beatae. Vel temporibus sed iure optio dolorem. Sapiente et eligendi doloribus minima. Itaque aut repellendus totam.', 88);
INSERT INTO `product` (`id`, `name`, `price`, `sku`, `status`, `description`, `category_id`) VALUES (689, 'asperiores', '3148.49', 'nesl', 5, 'Veniam ullam totam officia ab assumenda laudantium voluptates. Voluptates eligendi sed assumenda ut enim sequi tenetur.', 89);
INSERT INTO `product` (`id`, `name`, `price`, `sku`, `status`, `description`, `category_id`) VALUES (690, 'dolorem', '11.6413', 'gtjo', 6, 'Consequatur asperiores animi repudiandae distinctio. Ea hic et soluta cum occaecati commodi illum. Sed similique voluptas provident ea ut tempore omnis. Quia vel sit quia ipsam laborum ab. Ut eveniet similique eos et.', 90);
INSERT INTO `product` (`id`, `name`, `price`, `sku`, `status`, `description`, `category_id`) VALUES (691, 'hic', '17888500', 'lggm', 5, 'Harum in rerum nisi sequi dicta delectus voluptatem. Quis blanditiis vel voluptatem. Voluptatum assumenda nihil et sequi reprehenderit unde.', 91);
INSERT INTO `product` (`id`, `name`, `price`, `sku`, `status`, `description`, `category_id`) VALUES (692, 'asperiores', '44.056', 'bcpu', 7, 'Ab veniam ut at voluptate. Corrupti ratione dolore officiis delectus ducimus sapiente doloremque. Suscipit repellendus repudiandae sapiente iusto ab.', 92);
INSERT INTO `product` (`id`, `name`, `price`, `sku`, `status`, `description`, `category_id`) VALUES (693, 'magni', '91535.7', 'hmjq', 6, 'Aperiam repellendus sit qui velit quia sunt dignissimos. Dolorem eveniet quis voluptatem sed provident consectetur nihil quod. Corporis doloribus et deserunt debitis illum aut ut vel.', 93);
INSERT INTO `product` (`id`, `name`, `price`, `sku`, `status`, `description`, `category_id`) VALUES (694, 'facere', '0', 'dusg', 0, 'Ut ad deleniti qui amet dolorem nesciunt aliquam et. Dolores sed earum officiis totam dolores iste. In dolor maxime fugiat inventore maxime eius. A ea deserunt rerum suscipit sed quia quod. Voluptatibus minima consequatur error consequatur itaque voluptas', 94);
INSERT INTO `product` (`id`, `name`, `price`, `sku`, `status`, `description`, `category_id`) VALUES (695, 'architecto', '0', 'lwjj', 7, 'Excepturi eos est magni explicabo dignissimos recusandae. Laboriosam eum non temporibus ipsam ex eum aut. Sequi ullam similique rem nihil modi omnis. Ut ea voluptatem in.', 95);
INSERT INTO `product` (`id`, `name`, `price`, `sku`, `status`, `description`, `category_id`) VALUES (696, 'est', '61871300', 'mmae', 6, 'Dignissimos doloribus similique necessitatibus iste illo. Ut ullam repudiandae dignissimos provident et expedita dolorem. Possimus sequi ullam adipisci porro aut illo sequi. Ut repellat repellendus nemo provident sed et. Voluptates laboriosam minus ut dis', 96);
INSERT INTO `product` (`id`, `name`, `price`, `sku`, `status`, `description`, `category_id`) VALUES (697, 'nihil', '1382.93', 'jtco', 3, 'Qui est facere esse animi inventore. Itaque aut et voluptatibus laboriosam unde quos. Eum odit tempore commodi molestiae nulla et.', 97);
INSERT INTO `product` (`id`, `name`, `price`, `sku`, `status`, `description`, `category_id`) VALUES (698, 'sed', '6790.83', 'vluk', 1, 'Aspernatur maxime beatae molestiae sint iusto. Ut earum reprehenderit nulla vitae aut. Enim autem quis eveniet explicabo.', 98);
INSERT INTO `product` (`id`, `name`, `price`, `sku`, `status`, `description`, `category_id`) VALUES (699, 'ex', '0', 'phfq', 3, 'Exercitationem dolorum aut et modi adipisci sit. Beatae accusantium eum rem aut sit harum. Aspernatur nemo illo delectus et voluptas. Modi et fuga facere amet. Et laboriosam odit provident nesciunt et occaecati.', 99);
INSERT INTO `product` (`id`, `name`, `price`, `sku`, `status`, `description`, `category_id`) VALUES (700, 'autem', '5933030', 'lidm', 4, 'Ea sunt consequatur nisi est unde veniam. Sunt dolorem aut eos voluptatem. Aut architecto ut reprehenderit facere.', 100);
INSERT INTO `product` (`id`, `name`, `price`, `sku`, `status`, `description`, `category_id`) VALUES (701, 'autem', '0', 'jyoi', 5, 'Et sit aspernatur quo quas. Ut eos dignissimos architecto et qui. In rem veritatis sit quae pariatur dolores.', 1);
INSERT INTO `product` (`id`, `name`, `price`, `sku`, `status`, `description`, `category_id`) VALUES (702, 'itaque', '0', 'ruqe', 1, 'Sequi architecto perspiciatis est eum exercitationem. Officia illo minima qui neque qui mollitia. Et id natus corporis dicta. Maxime exercitationem et itaque.', 2);
INSERT INTO `product` (`id`, `name`, `price`, `sku`, `status`, `description`, `category_id`) VALUES (703, 'corrupti', '2442360', 'jatv', 6, 'Omnis sit molestiae est praesentium. Et odit cum nam maxime voluptatem consequuntur. Occaecati delectus ut sit in pariatur.', 3);
INSERT INTO `product` (`id`, `name`, `price`, `sku`, `status`, `description`, `category_id`) VALUES (704, 'assumenda', '0', 'gcgq', 4, 'Qui optio vel sunt ut recusandae. Sapiente repudiandae unde quo repellendus nihil quia. Eos autem tempora aperiam non fugiat facere provident.', 4);
INSERT INTO `product` (`id`, `name`, `price`, `sku`, `status`, `description`, `category_id`) VALUES (705, 'tempore', '3.74084', 'gcdt', 4, 'Cupiditate aliquid numquam iusto corporis sint enim non. In fuga maiores et id incidunt commodi tempora. Praesentium qui animi et architecto minima. Eveniet itaque eum qui totam assumenda aut. Autem recusandae aut ut voluptas nemo in.', 5);
INSERT INTO `product` (`id`, `name`, `price`, `sku`, `status`, `description`, `category_id`) VALUES (706, 'rerum', '0', 'kyzb', 6, 'Eos incidunt quasi iste id tenetur quisquam. Labore debitis aspernatur placeat nulla doloremque nulla tempore. Vero deserunt distinctio nisi corporis ut. Praesentium quasi perferendis quo eos qui ad odit consequatur.', 6);
INSERT INTO `product` (`id`, `name`, `price`, `sku`, `status`, `description`, `category_id`) VALUES (707, 'autem', '6874.61', 'ikjr', 6, 'Dolor tenetur quos aut sapiente. Harum omnis commodi odio debitis quis voluptate.', 7);
INSERT INTO `product` (`id`, `name`, `price`, `sku`, `status`, `description`, `category_id`) VALUES (708, 'occaecati', '14844700', 'akys', 0, 'Quis facere perspiciatis excepturi aliquam ut odit itaque. Debitis maiores ut eum debitis. Enim qui qui rerum aperiam. Et eveniet excepturi perferendis aut.', 8);
INSERT INTO `product` (`id`, `name`, `price`, `sku`, `status`, `description`, `category_id`) VALUES (709, 'sunt', '13584500', 'gsgs', 6, 'Ex cumque vitae ullam quod fugit voluptas qui. Cupiditate nihil ex deserunt quia modi sed quo. Aut distinctio aspernatur numquam et nisi ad quae.', 9);
INSERT INTO `product` (`id`, `name`, `price`, `sku`, `status`, `description`, `category_id`) VALUES (710, 'assumenda', '2.6', 'mdwy', 7, 'Consequatur et reprehenderit minus dignissimos omnis. Possimus dolor rerum exercitationem a perferendis. Et officiis nisi nam vel harum eos fuga quidem.', 10);
INSERT INTO `product` (`id`, `name`, `price`, `sku`, `status`, `description`, `category_id`) VALUES (711, 'perspiciatis', '1369640', 'sxnj', 5, 'Impedit veritatis aut illo qui vitae atque ut. Iure ea minima veritatis ut eius esse ipsam. Sit quia expedita quae placeat aliquam nostrum ut optio.', 11);
INSERT INTO `product` (`id`, `name`, `price`, `sku`, `status`, `description`, `category_id`) VALUES (712, 'veritatis', '6765340', 'mjnk', 7, 'Sit non voluptates excepturi voluptatem et. Nobis sed aut itaque consequatur fugit laudantium. Sunt sint natus est inventore atque labore. Qui sed laudantium aut enim enim non.', 12);
INSERT INTO `product` (`id`, `name`, `price`, `sku`, `status`, `description`, `category_id`) VALUES (713, 'cumque', '0.09', 'jfdm', 0, 'Quibusdam pariatur molestias eum ex voluptatem dicta. Possimus commodi modi soluta veniam non. Explicabo assumenda et voluptatem inventore veritatis autem.', 13);
INSERT INTO `product` (`id`, `name`, `price`, `sku`, `status`, `description`, `category_id`) VALUES (714, 'aut', '251.652', 'ovks', 5, 'Expedita rem eligendi dolor officia minus voluptates. Impedit culpa facere et porro. Consectetur quam tempora nisi aut ullam. Ex quisquam nostrum quisquam hic delectus magni exercitationem voluptatem.', 14);
INSERT INTO `product` (`id`, `name`, `price`, `sku`, `status`, `description`, `category_id`) VALUES (715, 'dolor', '8.4841', 'glsy', 5, 'Similique ratione voluptas aliquam distinctio animi. Temporibus sequi repellat assumenda ullam est aspernatur. Et aut earum soluta voluptas soluta accusamus.', 15);
INSERT INTO `product` (`id`, `name`, `price`, `sku`, `status`, `description`, `category_id`) VALUES (716, 'aut', '2', 'eoip', 2, 'Qui nostrum aut voluptatem eum aut dolorem sed. Quaerat eligendi sit voluptatem temporibus odit. Soluta facilis ad ex labore nemo officia at voluptatibus. Aut suscipit nemo non dolorum assumenda dolor iste recusandae.', 16);
INSERT INTO `product` (`id`, `name`, `price`, `sku`, `status`, `description`, `category_id`) VALUES (717, 'voluptates', '0.47746', 'yeba', 2, 'Quia laboriosam iste laborum tenetur veritatis eveniet error. Recusandae iste non eveniet omnis labore. Rem voluptatum sapiente magni. Non perspiciatis in expedita eos. Architecto consequatur qui rerum.', 17);
INSERT INTO `product` (`id`, `name`, `price`, `sku`, `status`, `description`, `category_id`) VALUES (718, 'accusamus', '651960', 'dpnb', 2, 'Quia et porro atque libero quae ex. Totam aut reiciendis est quo sequi voluptatem. Voluptas ea cumque assumenda error eum quo.', 18);
INSERT INTO `product` (`id`, `name`, `price`, `sku`, `status`, `description`, `category_id`) VALUES (719, 'aut', '5.6', 'gcng', 3, 'Nihil laborum officiis labore maxime ad est veniam. Eligendi et vero aut et ullam. Dignissimos velit unde est doloribus quisquam veniam aut. Minima sunt amet omnis dolor est.', 19);
INSERT INTO `product` (`id`, `name`, `price`, `sku`, `status`, `description`, `category_id`) VALUES (720, 'soluta', '1148.58', 'hcmb', 0, 'Quia error minima ullam aspernatur corporis nihil tenetur. Ut eaque voluptatem nisi porro placeat. Odit expedita ex quaerat.', 20);
INSERT INTO `product` (`id`, `name`, `price`, `sku`, `status`, `description`, `category_id`) VALUES (721, 'rerum', '905.601', 'xuju', 8, 'Qui excepturi sed voluptates tenetur reiciendis ducimus quisquam. Ipsum dignissimos eius magnam.', 21);
INSERT INTO `product` (`id`, `name`, `price`, `sku`, `status`, `description`, `category_id`) VALUES (722, 'et', '1680.67', 'webd', 1, 'Vero ut debitis aliquam in. Doloribus non exercitationem dolores atque. Voluptatem pariatur placeat qui incidunt. Laboriosam est eaque non laudantium beatae.', 22);
INSERT INTO `product` (`id`, `name`, `price`, `sku`, `status`, `description`, `category_id`) VALUES (723, 'nihil', '41.9721', 'fnby', 4, 'Sint exercitationem saepe enim et molestias tempore dolore. In ea sed quis qui. Quaerat et nostrum optio rem aut dolor non sed. Neque vero fugit iusto nam ducimus.', 23);
INSERT INTO `product` (`id`, `name`, `price`, `sku`, `status`, `description`, `category_id`) VALUES (724, 'asperiores', '783.074', 'zemc', 8, 'Laudantium facere eum accusantium qui odit. Aliquid a aut laudantium accusamus. Qui vel error aliquam. Modi eaque eius aspernatur officiis sit distinctio.', 24);
INSERT INTO `product` (`id`, `name`, `price`, `sku`, `status`, `description`, `category_id`) VALUES (725, 'occaecati', '82281600', 'dthg', 9, 'Sit recusandae aut maiores sint. Excepturi et officiis eum quae. Dicta quis sint in dolor. Ipsam ipsum eum deserunt sint debitis.', 25);
INSERT INTO `product` (`id`, `name`, `price`, `sku`, `status`, `description`, `category_id`) VALUES (726, 'omnis', '0', 'tauw', 6, 'Eos ex vel quod aut. Nobis dolor voluptatem et nisi suscipit omnis consectetur. Officiis totam nisi accusamus. Accusamus mollitia enim harum rerum sequi.', 26);
INSERT INTO `product` (`id`, `name`, `price`, `sku`, `status`, `description`, `category_id`) VALUES (727, 'totam', '267.263', 'unqc', 1, 'Ipsum id officiis explicabo qui rerum placeat. Qui consequuntur ullam sint vero exercitationem illum. Accusantium excepturi aspernatur debitis aut. Eligendi voluptates ea omnis recusandae est.', 27);
INSERT INTO `product` (`id`, `name`, `price`, `sku`, `status`, `description`, `category_id`) VALUES (728, 'veritatis', '16.2407', 'bnxs', 3, 'Eos omnis voluptate dolores. Ea dolor repellendus qui quis tenetur eum ducimus. Hic itaque aliquam excepturi. Id molestias et ut in in qui totam. Voluptatum iusto enim reprehenderit odio unde vel.', 28);
INSERT INTO `product` (`id`, `name`, `price`, `sku`, `status`, `description`, `category_id`) VALUES (729, 'repudiandae', '0', 'cyev', 4, 'Nihil dolore explicabo esse. Suscipit ipsum ad debitis et magni quae. Qui ea quo accusamus ipsa voluptas eligendi. Fugit rerum qui sit nobis sit nostrum suscipit. Qui quam laudantium illum qui et.', 29);
INSERT INTO `product` (`id`, `name`, `price`, `sku`, `status`, `description`, `category_id`) VALUES (730, 'voluptatem', '0', 'hivc', 9, 'Ut tempore et nulla aut. Et iusto aut repudiandae quibusdam fugiat qui. Et sint harum quibusdam sint est. Praesentium exercitationem nihil recusandae corrupti autem cum.', 30);
INSERT INTO `product` (`id`, `name`, `price`, `sku`, `status`, `description`, `category_id`) VALUES (731, 'commodi', '5975320', 'pppi', 5, 'Itaque ab in esse sunt et et eius. Quae et non sunt nostrum dicta magnam eveniet. Enim quis suscipit nisi earum facilis dignissimos.', 31);
INSERT INTO `product` (`id`, `name`, `price`, `sku`, `status`, `description`, `category_id`) VALUES (732, 'debitis', '338246', 'vash', 7, 'Nihil nisi autem enim expedita magnam nesciunt. Nesciunt dolor laboriosam voluptatem provident totam. Quisquam nisi iste qui quidem corporis harum non.', 32);
INSERT INTO `product` (`id`, `name`, `price`, `sku`, `status`, `description`, `category_id`) VALUES (733, 'perspiciatis', '45665300', 'kngs', 4, 'Placeat dignissimos voluptatem tempora et consequatur in. Vel nihil nobis optio inventore. Aut vel rem nihil ut illum.', 33);
INSERT INTO `product` (`id`, `name`, `price`, `sku`, `status`, `description`, `category_id`) VALUES (734, 'voluptatibus', '564.394', 'dthl', 4, 'Vel sint fugiat pariatur libero eaque. Error nisi nostrum est error accusantium veniam aut. Numquam accusamus veritatis numquam aut et eos tenetur. Sapiente quos iure ab deleniti voluptas est natus.', 34);
INSERT INTO `product` (`id`, `name`, `price`, `sku`, `status`, `description`, `category_id`) VALUES (735, 'blanditiis', '376888', 'buow', 3, 'Consectetur similique exercitationem et. Ut est accusantium at sunt aspernatur in consequatur. Animi nemo expedita quas corporis. Earum iure sed facilis exercitationem et.', 35);
INSERT INTO `product` (`id`, `name`, `price`, `sku`, `status`, `description`, `category_id`) VALUES (736, 'corporis', '1.9114', 'dyro', 0, 'Dolores aut accusantium aliquid aut. Blanditiis et alias sint temporibus. Omnis a quod consequatur blanditiis aut explicabo aliquid et.', 36);
INSERT INTO `product` (`id`, `name`, `price`, `sku`, `status`, `description`, `category_id`) VALUES (737, 'id', '1.9991', 'xbcl', 1, 'Et ut eum enim dolore. Perferendis reprehenderit mollitia impedit. Minus omnis nulla accusantium perspiciatis animi.', 37);
INSERT INTO `product` (`id`, `name`, `price`, `sku`, `status`, `description`, `category_id`) VALUES (738, 'labore', '2.5', 'hmof', 7, 'Modi officia omnis deleniti deleniti omnis voluptas quis aut. Culpa facilis pariatur totam. Nam et quia saepe sapiente culpa. Dolor debitis eligendi vel quod.', 38);
INSERT INTO `product` (`id`, `name`, `price`, `sku`, `status`, `description`, `category_id`) VALUES (739, 'amet', '10.2374', 'ejyy', 4, 'Eveniet sed amet consectetur veritatis. Facere in asperiores laborum earum voluptas velit ab.', 39);
INSERT INTO `product` (`id`, `name`, `price`, `sku`, `status`, `description`, `category_id`) VALUES (740, 'aut', '3.13068', 'dhyz', 5, 'Aliquam dolor voluptas dolor ipsam adipisci deleniti illum neque. Dolor vero praesentium est illum dolore. Ratione deleniti consequatur distinctio harum possimus nihil ratione repudiandae. Quidem voluptatibus eum qui inventore cumque est.', 40);
INSERT INTO `product` (`id`, `name`, `price`, `sku`, `status`, `description`, `category_id`) VALUES (741, 'nesciunt', '5981880', 'llyg', 2, 'Libero ex blanditiis ipsa et id necessitatibus. Cum occaecati temporibus cum quasi et. Ducimus voluptatem eius velit ut harum asperiores. Est consequatur aliquam dolorum quia fugit quo.', 41);
INSERT INTO `product` (`id`, `name`, `price`, `sku`, `status`, `description`, `category_id`) VALUES (742, 'suscipit', '11010.6', 'oxbg', 0, 'Exercitationem et optio ducimus ipsa quidem. Illum distinctio expedita nihil incidunt nobis velit. Excepturi et modi et incidunt magnam rerum quis. Adipisci soluta rerum expedita enim et.', 42);
INSERT INTO `product` (`id`, `name`, `price`, `sku`, `status`, `description`, `category_id`) VALUES (743, 'est', '41551900', 'biyb', 0, 'Cum aliquid libero consectetur corporis ipsum. Libero qui et dignissimos. Id omnis aperiam voluptas doloribus. Omnis maiores et et voluptatem.', 43);
INSERT INTO `product` (`id`, `name`, `price`, `sku`, `status`, `description`, `category_id`) VALUES (744, 'sed', '3.5145', 'blou', 5, 'Autem id praesentium aut facilis assumenda. Dolor praesentium enim dolores. Blanditiis mollitia quibusdam sunt. Doloribus nesciunt sunt quis magnam consectetur sit facilis.', 44);
INSERT INTO `product` (`id`, `name`, `price`, `sku`, `status`, `description`, `category_id`) VALUES (745, 'vel', '1536.42', 'zrog', 1, 'Nostrum eaque cupiditate atque. Pariatur eligendi id commodi aperiam. Voluptatem maiores aspernatur veritatis ut. Culpa est eos quia exercitationem quasi.', 45);
INSERT INTO `product` (`id`, `name`, `price`, `sku`, `status`, `description`, `category_id`) VALUES (746, 'facilis', '2642.38', 'jffg', 8, 'Qui assumenda laborum praesentium. Ut tempora voluptatibus odit ut. Aut fuga quia non illum aut.', 46);
INSERT INTO `product` (`id`, `name`, `price`, `sku`, `status`, `description`, `category_id`) VALUES (747, 'pariatur', '84378.7', 'lsgi', 2, 'Voluptas eos officia et corrupti dolorem. Libero aut et temporibus aut. Et atque velit et esse inventore fuga ab. Laboriosam sunt earum et voluptas voluptas enim. Pariatur laboriosam dolorem omnis.', 47);
INSERT INTO `product` (`id`, `name`, `price`, `sku`, `status`, `description`, `category_id`) VALUES (748, 'provident', '3825120', 'aend', 8, 'Tempore et quaerat non impedit repellendus. Possimus qui explicabo aut consequatur voluptas voluptates est voluptas. In amet fugit architecto cupiditate reiciendis necessitatibus impedit.', 48);
INSERT INTO `product` (`id`, `name`, `price`, `sku`, `status`, `description`, `category_id`) VALUES (749, 'enim', '167520', 'ivns', 0, 'Adipisci voluptatem tenetur est id veniam veritatis tempore. A quaerat enim saepe sed aut. Iste labore porro sit.', 49);
INSERT INTO `product` (`id`, `name`, `price`, `sku`, `status`, `description`, `category_id`) VALUES (750, 'natus', '50922100', 'esib', 6, 'Numquam ut doloribus amet in ducimus non. At consequatur deserunt dignissimos aut. Voluptatem aliquam officia nihil temporibus mollitia error in quod.', 50);
INSERT INTO `product` (`id`, `name`, `price`, `sku`, `status`, `description`, `category_id`) VALUES (751, 'asperiores', '28914.7', 'hzhr', 8, 'Quos sapiente quia enim rem aspernatur recusandae tenetur sequi. Aliquam ut illum et ut. Quaerat a odio cumque amet facere explicabo. Sit qui eius minus est.', 51);
INSERT INTO `product` (`id`, `name`, `price`, `sku`, `status`, `description`, `category_id`) VALUES (752, 'et', '62192.2', 'kepb', 7, 'Optio et illo libero sint reprehenderit quia. Dolore architecto ut illum ab. Rerum delectus ducimus alias labore sapiente totam dolor. Adipisci alias consequatur mollitia eum ipsa rerum.', 52);
INSERT INTO `product` (`id`, `name`, `price`, `sku`, `status`, `description`, `category_id`) VALUES (753, 'placeat', '0', 'vknd', 5, 'Corrupti placeat est veritatis aut vel aut illum. Laborum officiis est deleniti ipsum nemo enim ut reiciendis. Ut et consequatur ea.', 53);
INSERT INTO `product` (`id`, `name`, `price`, `sku`, `status`, `description`, `category_id`) VALUES (754, 'corporis', '97573', 'hljw', 4, 'Laudantium voluptates a aut sed quibusdam et. Nulla eveniet corporis rerum porro itaque sed. Cumque tempora dolore illum provident. Nihil facere expedita qui autem iure quos voluptatem.', 54);
INSERT INTO `product` (`id`, `name`, `price`, `sku`, `status`, `description`, `category_id`) VALUES (755, 'voluptatem', '223.46', 'himo', 9, 'Et sit nihil magni quam delectus. Voluptatem sint quibusdam esse cumque et est fuga. Ab consequatur et dolorem qui provident tempora voluptas.', 55);
INSERT INTO `product` (`id`, `name`, `price`, `sku`, `status`, `description`, `category_id`) VALUES (756, 'officia', '0', 'tmwx', 8, 'Perferendis facilis nostrum quia at qui molestiae est. Laudantium laudantium enim ratione aperiam vero. Possimus aliquam et eveniet magni rerum est.', 56);
INSERT INTO `product` (`id`, `name`, `price`, `sku`, `status`, `description`, `category_id`) VALUES (757, 'qui', '65.8594', 'celm', 3, 'Quaerat delectus ipsa sint eum. Autem et quaerat placeat nulla. Facere cumque amet praesentium laborum illo fugit et. Inventore qui aut esse rerum.', 57);
INSERT INTO `product` (`id`, `name`, `price`, `sku`, `status`, `description`, `category_id`) VALUES (758, 'maxime', '136.7', 'gqey', 4, 'Veniam placeat libero qui ipsam. Eligendi et quibusdam laboriosam.', 58);
INSERT INTO `product` (`id`, `name`, `price`, `sku`, `status`, `description`, `category_id`) VALUES (759, 'fugit', '400021', 'ychd', 4, 'Repellat blanditiis voluptatem qui et est. Non asperiores enim ratione sequi fugit. Aut esse suscipit itaque suscipit qui. Est ipsam esse autem.', 59);
INSERT INTO `product` (`id`, `name`, `price`, `sku`, `status`, `description`, `category_id`) VALUES (760, 'quia', '36660.6', 'zcpa', 6, 'Mollitia qui consectetur facilis. Asperiores et et assumenda maiores iste. Voluptatem aut dolorem pariatur dolorem. Iusto qui laudantium eum officiis. Quisquam dolorem et nostrum dolorem quisquam.', 60);
INSERT INTO `product` (`id`, `name`, `price`, `sku`, `status`, `description`, `category_id`) VALUES (761, 'eum', '295.977', 'molm', 2, 'At rerum odit voluptas neque esse fugit. Quia in non id natus explicabo magnam aut. Saepe aperiam suscipit sit quas.', 61);
INSERT INTO `product` (`id`, `name`, `price`, `sku`, `status`, `description`, `category_id`) VALUES (762, 'tenetur', '612366', 'rzjl', 0, 'Velit neque alias et eveniet et. Incidunt quia sint optio. At odio aut rerum aut velit quia error. Illum dignissimos quae doloremque ipsam sed quod voluptas.', 62);
INSERT INTO `product` (`id`, `name`, `price`, `sku`, `status`, `description`, `category_id`) VALUES (763, 'aliquam', '418766', 'mssr', 2, 'Non vel qui magni voluptatem soluta ad odit. Eum ipsam dolorum suscipit inventore distinctio itaque. Possimus quisquam enim consectetur quia aut animi quam autem.', 63);
INSERT INTO `product` (`id`, `name`, `price`, `sku`, `status`, `description`, `category_id`) VALUES (764, 'et', '0', 'binw', 7, 'Et inventore autem sit omnis libero. Consequuntur et minus saepe eum sunt pariatur quos. Voluptatum omnis aliquam voluptatem aut ut neque.', 64);
INSERT INTO `product` (`id`, `name`, `price`, `sku`, `status`, `description`, `category_id`) VALUES (765, 'unde', '3144090', 'dzzx', 3, 'Culpa est ut nihil neque enim quo mollitia. Explicabo veniam distinctio exercitationem adipisci fuga. Rerum voluptatem sunt molestiae earum mollitia. Rerum suscipit numquam natus fugit consectetur tempore quis quidem.', 65);
INSERT INTO `product` (`id`, `name`, `price`, `sku`, `status`, `description`, `category_id`) VALUES (766, 'porro', '3902.4', 'yvhu', 7, 'Id dolor voluptates delectus laboriosam asperiores omnis. Minima et consequatur quam aut expedita similique. Maiores illo quibusdam suscipit quaerat voluptate corporis exercitationem. Quo error neque voluptates.', 66);
INSERT INTO `product` (`id`, `name`, `price`, `sku`, `status`, `description`, `category_id`) VALUES (767, 'cumque', '383079000', 'dkth', 1, 'Sed expedita et temporibus omnis quis harum vitae itaque. Quas neque doloribus non rerum debitis. Aliquam voluptatem sed et possimus architecto. At earum sit iure quaerat.', 67);
INSERT INTO `product` (`id`, `name`, `price`, `sku`, `status`, `description`, `category_id`) VALUES (768, 'voluptas', '983732', 'wpxq', 9, 'Ducimus aliquid consequatur voluptatibus consequatur. Commodi corporis eius voluptas qui qui labore. Odio fugit in ut temporibus.', 68);
INSERT INTO `product` (`id`, `name`, `price`, `sku`, `status`, `description`, `category_id`) VALUES (769, 'et', '4840.66', 'waat', 8, 'Vel nihil voluptatum qui repellendus dolor qui. Maiores aspernatur placeat aut itaque consequatur reiciendis. Quos accusamus nobis odio voluptatibus adipisci natus recusandae. Fugit vero libero qui sint ipsa voluptatem fugit.', 69);
INSERT INTO `product` (`id`, `name`, `price`, `sku`, `status`, `description`, `category_id`) VALUES (770, 'eligendi', '40236', 'mowb', 9, 'Omnis dolores expedita ea neque excepturi ut maiores. Repellat a dolorem repudiandae illo. Vitae magni repudiandae est repellat quisquam eos. Consequatur quos qui qui quos tempore numquam dolor.', 70);
INSERT INTO `product` (`id`, `name`, `price`, `sku`, `status`, `description`, `category_id`) VALUES (771, 'maxime', '28125600', 'rgst', 7, 'Qui qui ducimus ipsa rerum. Rerum enim quam quo voluptatem distinctio quas. Amet hic neque qui placeat commodi in dolores consequatur.', 71);
INSERT INTO `product` (`id`, `name`, `price`, `sku`, `status`, `description`, `category_id`) VALUES (772, 'quasi', '0', 'ggkw', 2, 'Consequatur error dolorem et sit et. Aut cumque neque laboriosam voluptatibus consequatur laboriosam molestias natus. Eos aspernatur consequatur ipsam tempora.', 72);
INSERT INTO `product` (`id`, `name`, `price`, `sku`, `status`, `description`, `category_id`) VALUES (773, 'consequatur', '0', 'eags', 5, 'Cum voluptas minima ut exercitationem ducimus. Aut aut autem ipsa qui non. Eveniet explicabo quas ut ducimus reiciendis aut. Cum fugiat sint nostrum consequatur rem quidem.', 73);
INSERT INTO `product` (`id`, `name`, `price`, `sku`, `status`, `description`, `category_id`) VALUES (774, 'quam', '4.079', 'oyxd', 2, 'Deleniti ipsa perspiciatis optio et veniam laborum eaque. Quisquam quia voluptatem cumque quas sit. Nisi voluptatibus quod atque iste quis iure. Totam vitae cupiditate qui ut quia.', 74);
INSERT INTO `product` (`id`, `name`, `price`, `sku`, `status`, `description`, `category_id`) VALUES (775, 'enim', '383.739', 'zfvn', 0, 'Reprehenderit molestiae cupiditate hic doloremque. Voluptatibus odit deleniti hic et et vel. Perferendis ut esse est aliquid et assumenda.', 75);
INSERT INTO `product` (`id`, `name`, `price`, `sku`, `status`, `description`, `category_id`) VALUES (776, 'et', '634555000', 'xlma', 1, 'Explicabo ducimus et odio nemo. Et quis dolores labore animi. Dignissimos est doloribus repellat. Suscipit nemo illum quo a id.', 76);
INSERT INTO `product` (`id`, `name`, `price`, `sku`, `status`, `description`, `category_id`) VALUES (777, 'nesciunt', '5.37575', 'ehjw', 5, 'Consequuntur laudantium possimus rerum sed illo ipsum non. Sapiente quos a laudantium esse sed. Vitae suscipit dignissimos repudiandae quos architecto ut quisquam.', 77);
INSERT INTO `product` (`id`, `name`, `price`, `sku`, `status`, `description`, `category_id`) VALUES (778, 'nostrum', '0', 'owud', 6, 'Sapiente et delectus provident voluptatem voluptatem dolor repellendus ut. Provident dolores exercitationem qui similique laborum accusamus. Molestias facere voluptas consequatur suscipit ducimus ducimus exercitationem repellat. Est vel mollitia quis dolo', 78);
INSERT INTO `product` (`id`, `name`, `price`, `sku`, `status`, `description`, `category_id`) VALUES (779, 'fuga', '28302400', 'mfkc', 2, 'Rerum voluptas aut ratione nostrum ea. Et assumenda voluptates dolorum soluta repudiandae eos voluptas. Molestiae repellat mollitia dolorum autem maxime sed. Eum et cupiditate explicabo ut.', 79);
INSERT INTO `product` (`id`, `name`, `price`, `sku`, `status`, `description`, `category_id`) VALUES (780, 'temporibus', '156289', 'zsnl', 4, 'Eveniet consectetur adipisci soluta cum commodi voluptatem eligendi. Cupiditate doloribus aliquid et quaerat. Nulla doloribus culpa sapiente blanditiis quam minus atque voluptas.', 80);
INSERT INTO `product` (`id`, `name`, `price`, `sku`, `status`, `description`, `category_id`) VALUES (781, 'consectetur', '676.132', 'utpo', 8, 'Molestiae labore sit laboriosam amet fugit ratione. Eos ipsam odio similique. Dolorum debitis delectus totam possimus. Molestiae in sunt et maxime ut ducimus error.', 81);
INSERT INTO `product` (`id`, `name`, `price`, `sku`, `status`, `description`, `category_id`) VALUES (782, 'debitis', '7824.44', 'eudb', 0, 'Sapiente consequatur sit animi neque quo assumenda provident. Ut deleniti necessitatibus maiores voluptatibus. Aliquam repudiandae qui saepe odio ipsam.', 82);
INSERT INTO `product` (`id`, `name`, `price`, `sku`, `status`, `description`, `category_id`) VALUES (783, 'voluptatum', '11882', 'vssp', 1, 'Nesciunt iste nulla modi inventore minus voluptas. Nulla beatae dolor hic et odio dolorum. Omnis aperiam ab molestias.', 83);
INSERT INTO `product` (`id`, `name`, `price`, `sku`, `status`, `description`, `category_id`) VALUES (784, 'eius', '5864.5', 'grkp', 5, 'Ut aut quia qui quasi sit amet. Ut autem ut debitis est et qui. Aliquam ex odit et dolore quod aliquid nisi rerum.', 84);
INSERT INTO `product` (`id`, `name`, `price`, `sku`, `status`, `description`, `category_id`) VALUES (785, 'dolores', '2534760', 'jcky', 8, 'Ratione quibusdam doloremque qui quaerat excepturi commodi. Corporis eum ex id. Aut nihil aut voluptatem aliquam expedita. Quam sapiente eos maiores.', 85);
INSERT INTO `product` (`id`, `name`, `price`, `sku`, `status`, `description`, `category_id`) VALUES (786, 'possimus', '2.04', 'mzpl', 7, 'Perspiciatis qui qui voluptas. Aliquam tenetur distinctio voluptatum enim pariatur eum et. Veniam occaecati culpa itaque reiciendis. Est totam maxime recusandae dolores quam. Voluptatibus rerum laborum provident suscipit sunt eum.', 86);
INSERT INTO `product` (`id`, `name`, `price`, `sku`, `status`, `description`, `category_id`) VALUES (787, 'asperiores', '15.8572', 'dnuh', 9, 'Aut repellendus distinctio quae necessitatibus explicabo voluptates. Nobis ea molestiae voluptates veniam quidem est. Qui vitae ipsum et dignissimos.', 87);
INSERT INTO `product` (`id`, `name`, `price`, `sku`, `status`, `description`, `category_id`) VALUES (788, 'natus', '67896.4', 'cgns', 8, 'Officia ratione recusandae fugit dolor. Assumenda quia quo cupiditate dolorum similique et. Est minima quo recusandae reiciendis est nostrum. Quas quisquam in nihil est modi quo.', 88);
INSERT INTO `product` (`id`, `name`, `price`, `sku`, `status`, `description`, `category_id`) VALUES (789, 'nemo', '426238000', 'dzkr', 1, 'Eos atque tenetur voluptatem sint et esse voluptas. Placeat veritatis rerum cum ex. Earum molestiae explicabo aut soluta. Dolorem eos amet possimus non voluptatem et consequatur.', 89);
INSERT INTO `product` (`id`, `name`, `price`, `sku`, `status`, `description`, `category_id`) VALUES (790, 'consequatur', '89.375', 'tank', 5, 'Neque ab iusto inventore consequatur quibusdam voluptas sunt. Aut est aliquam veritatis pariatur deserunt consequatur. Et fuga architecto perspiciatis et cupiditate commodi voluptatibus qui.', 90);
INSERT INTO `product` (`id`, `name`, `price`, `sku`, `status`, `description`, `category_id`) VALUES (791, 'quia', '1', 'upke', 3, 'Recusandae officia quasi qui quidem iste et. Quis cumque at voluptas non et voluptas voluptatem. Ducimus ipsum voluptates atque sed asperiores sed et porro.', 91);
INSERT INTO `product` (`id`, `name`, `price`, `sku`, `status`, `description`, `category_id`) VALUES (792, 'itaque', '265.599', 'pwmd', 0, 'At id iste dolorem architecto consequuntur voluptates minus. Aperiam explicabo beatae qui ratione inventore. Omnis eos in commodi tempora rerum ut. Laborum commodi est magnam laboriosam hic nihil.', 92);
INSERT INTO `product` (`id`, `name`, `price`, `sku`, `status`, `description`, `category_id`) VALUES (793, 'numquam', '0', 'kcws', 5, 'Nisi dolorem delectus voluptatem rerum dolor neque. Sapiente tenetur itaque maxime velit aut. Eius alias doloribus sit earum aspernatur.', 93);
INSERT INTO `product` (`id`, `name`, `price`, `sku`, `status`, `description`, `category_id`) VALUES (794, 'dolores', '72715400', 'klkw', 4, 'Et error quae nihil nihil incidunt est. Sequi ea optio rem tempore reiciendis sapiente voluptatem. Eius dignissimos voluptatem voluptates nulla omnis. Magni nihil excepturi iste in saepe quos molestiae.', 94);
INSERT INTO `product` (`id`, `name`, `price`, `sku`, `status`, `description`, `category_id`) VALUES (795, 'placeat', '2818.03', 'hmlp', 8, 'Iste iusto est alias excepturi praesentium omnis facilis. Nihil provident architecto deleniti eius est. Voluptatem a doloribus a.', 95);
INSERT INTO `product` (`id`, `name`, `price`, `sku`, `status`, `description`, `category_id`) VALUES (796, 'voluptatibus', '8', 'uvsd', 0, 'Saepe quaerat quis id enim voluptatem dolorem quis totam. Porro aut qui aut aspernatur alias atque architecto et. Tempore labore deleniti sit accusamus cum ut.', 96);
INSERT INTO `product` (`id`, `name`, `price`, `sku`, `status`, `description`, `category_id`) VALUES (797, 'aut', '34541200', 'qdiq', 9, 'Natus aut maxime minus repudiandae deserunt quo molestiae. Possimus dignissimos pariatur quisquam qui architecto maxime nihil. Aut dicta error est est ipsa ut.', 97);
INSERT INTO `product` (`id`, `name`, `price`, `sku`, `status`, `description`, `category_id`) VALUES (798, 'blanditiis', '32829700', 'bsvo', 8, 'Similique occaecati culpa quos commodi iusto et. Sed incidunt et corrupti maxime eos voluptate possimus atque. Rem reprehenderit ut mollitia aut recusandae eveniet.', 98);
INSERT INTO `product` (`id`, `name`, `price`, `sku`, `status`, `description`, `category_id`) VALUES (799, 'quo', '391781', 'qmze', 1, 'Maiores voluptatem dolor eos dolorem illo iure. Ducimus illum quisquam quia quibusdam consequatur nostrum.', 99);
INSERT INTO `product` (`id`, `name`, `price`, `sku`, `status`, `description`, `category_id`) VALUES (800, 'ut', '245028000', 'avhi', 8, 'Corporis at quaerat perferendis a odit porro voluptas. Officia omnis hic fugit occaecati culpa omnis. Optio explicabo vel sit laborum. Quibusdam recusandae voluptatum quae cum qui nihil.', 100);
INSERT INTO `product` (`id`, `name`, `price`, `sku`, `status`, `description`, `category_id`) VALUES (801, 'enim', '69085200', 'mfyh', 5, 'Molestiae voluptatem soluta laboriosam architecto quidem provident. Ut dolorem rerum aut ut autem natus ratione. Corporis in veniam enim quibusdam voluptatem cumque aut. Rem quo culpa laboriosam.', 1);
INSERT INTO `product` (`id`, `name`, `price`, `sku`, `status`, `description`, `category_id`) VALUES (802, 'consequuntur', '38.1', 'miiy', 4, 'Nostrum rerum tempore iusto suscipit cumque quis expedita placeat. Ut dolores quis nobis non et nihil autem. Qui doloribus explicabo explicabo et. Esse iusto ipsam ex et et excepturi.', 2);
INSERT INTO `product` (`id`, `name`, `price`, `sku`, `status`, `description`, `category_id`) VALUES (803, 'impedit', '33311', 'yehl', 0, 'Suscipit natus eaque dignissimos quia ut illo voluptatibus. Officia doloremque aut nihil fugit ut pariatur iusto. Saepe maiores voluptatem sed qui laboriosam repellat qui.', 3);
INSERT INTO `product` (`id`, `name`, `price`, `sku`, `status`, `description`, `category_id`) VALUES (804, 'ut', '21306500', 'rqxx', 2, 'Nam facilis beatae veritatis placeat perferendis. Ad fugiat qui quis et vero officia. Error est illum exercitationem perferendis. Rerum veritatis eaque odio fugiat molestiae sit.', 4);
INSERT INTO `product` (`id`, `name`, `price`, `sku`, `status`, `description`, `category_id`) VALUES (805, 'quasi', '1545290', 'tkgm', 9, 'Quia eos rerum dicta qui voluptas. Ut a sapiente voluptatem necessitatibus sit illum est. Ab magni autem veritatis nisi.', 5);
INSERT INTO `product` (`id`, `name`, `price`, `sku`, `status`, `description`, `category_id`) VALUES (806, 'voluptatem', '176.169', 'nmyf', 6, 'Porro quia quibusdam perspiciatis natus corrupti doloremque iste. Minima voluptates nostrum recusandae quasi. Quae adipisci atque necessitatibus molestias ut.', 6);
INSERT INTO `product` (`id`, `name`, `price`, `sku`, `status`, `description`, `category_id`) VALUES (807, 'officia', '8126.21', 'ywrv', 4, 'Adipisci dolor vitae aut quo aut eaque voluptates. Est laudantium et quia sit dolorum. Facilis magni quos consectetur quaerat dignissimos. Animi praesentium ab itaque et unde eius voluptate at.', 7);
INSERT INTO `product` (`id`, `name`, `price`, `sku`, `status`, `description`, `category_id`) VALUES (808, 'et', '17034700', 'qsbp', 1, 'Consectetur voluptate numquam provident sit quidem. Quaerat neque veniam vel qui temporibus ex.', 8);
INSERT INTO `product` (`id`, `name`, `price`, `sku`, `status`, `description`, `category_id`) VALUES (809, 'et', '13866000', 'zdka', 2, 'Dolor ut vero totam consequatur blanditiis. Possimus similique quia est eligendi ipsam. Facere sed occaecati ut sit autem non. Dolorem id est amet libero occaecati voluptatem.', 9);
INSERT INTO `product` (`id`, `name`, `price`, `sku`, `status`, `description`, `category_id`) VALUES (810, 'et', '62442.2', 'grjk', 3, 'Commodi et aperiam ducimus ea. Deserunt quas suscipit repellat sunt nam libero. Nobis voluptatem minima non libero. Repudiandae ad vitae occaecati excepturi magnam asperiores.', 10);
INSERT INTO `product` (`id`, `name`, `price`, `sku`, `status`, `description`, `category_id`) VALUES (811, 'consequatur', '0.222889', 'ggif', 8, 'Laborum provident necessitatibus ea quis molestiae ut. Ut nam quam ducimus ut ut est placeat. Et qui esse tenetur voluptates eius. Voluptatem vitae quidem iusto unde harum eos.', 11);
INSERT INTO `product` (`id`, `name`, `price`, `sku`, `status`, `description`, `category_id`) VALUES (812, 'atque', '45830.3', 'uxad', 4, 'Repellendus suscipit deserunt soluta ut rerum asperiores aut. Voluptas et aut quidem quia assumenda optio rerum soluta. Quia optio itaque in. Quo sunt nemo eos facere molestiae voluptas omnis.', 12);
INSERT INTO `product` (`id`, `name`, `price`, `sku`, `status`, `description`, `category_id`) VALUES (813, 'nihil', '46.3706', 'gdqh', 3, 'Omnis ipsa illum quo vel. Dolorem ut eum quod quo sunt. Rem modi ut ducimus incidunt nihil et. Ex voluptas in doloremque eum neque.', 13);
INSERT INTO `product` (`id`, `name`, `price`, `sku`, `status`, `description`, `category_id`) VALUES (814, 'illum', '0', 'leue', 6, 'Beatae aut et nemo veniam corporis perspiciatis voluptatem repellendus. Modi sint alias soluta magni optio eos optio.', 14);
INSERT INTO `product` (`id`, `name`, `price`, `sku`, `status`, `description`, `category_id`) VALUES (815, 'esse', '5860.58', 'cuas', 2, 'Sit in minima et ea dolores ut. Aut adipisci sed voluptas quia rem delectus autem. Ipsam vel qui aut totam. Aut praesentium quia reiciendis dolorum accusantium in.', 15);
INSERT INTO `product` (`id`, `name`, `price`, `sku`, `status`, `description`, `category_id`) VALUES (816, 'ut', '2.9', 'auyx', 5, 'Quibusdam nihil officiis sequi a velit eius. Veniam repudiandae est facere velit molestiae rerum. Unde aliquam praesentium quidem maiores enim omnis alias voluptatem. Ea quia laboriosam similique et deleniti excepturi laboriosam.', 16);
INSERT INTO `product` (`id`, `name`, `price`, `sku`, `status`, `description`, `category_id`) VALUES (817, 'eos', '50.1075', 'yjnv', 9, 'Minus eum laudantium quibusdam et est in. Voluptatem adipisci asperiores repellat eos aut unde voluptatibus saepe. Quia facere beatae sint dolorum. Aperiam beatae repudiandae voluptas iusto nemo quasi reprehenderit.', 17);
INSERT INTO `product` (`id`, `name`, `price`, `sku`, `status`, `description`, `category_id`) VALUES (818, 'vitae', '14', 'pqfj', 9, 'Consequatur aut rerum dolore quis. Sit vero consequatur et omnis nisi dolore quos nihil. Facilis voluptate iusto ad dolore.', 18);
INSERT INTO `product` (`id`, `name`, `price`, `sku`, `status`, `description`, `category_id`) VALUES (819, 'autem', '325219', 'rjxu', 6, 'Distinctio maxime dicta laudantium iure corrupti. Laboriosam laborum libero excepturi fugit sapiente est perspiciatis. Quos corporis neque sit deserunt alias suscipit non. Aliquid impedit libero aut in quia repudiandae maxime.', 19);
INSERT INTO `product` (`id`, `name`, `price`, `sku`, `status`, `description`, `category_id`) VALUES (820, 'quas', '3113.44', 'bihz', 3, 'Adipisci exercitationem sunt voluptatem dolore nesciunt. Vero est vel earum corporis dolorem occaecati. Totam explicabo ut laborum et debitis nisi id eveniet.', 20);
INSERT INTO `product` (`id`, `name`, `price`, `sku`, `status`, `description`, `category_id`) VALUES (821, 'enim', '19545.1', 'ynvo', 2, 'Praesentium et natus natus repellendus quis quia nobis. Ea nisi incidunt mollitia deleniti perspiciatis. Ut deleniti officia deleniti ipsum dolor incidunt. Velit aliquam et sequi dolorum.', 21);
INSERT INTO `product` (`id`, `name`, `price`, `sku`, `status`, `description`, `category_id`) VALUES (822, 'officia', '897.784', 'mpdt', 4, 'Et dolores repellendus quis animi accusamus ut. Laudantium ab sed ut ut. Qui in non non enim repellat autem iste.', 22);
INSERT INTO `product` (`id`, `name`, `price`, `sku`, `status`, `description`, `category_id`) VALUES (823, 'commodi', '26869.6', 'pxty', 7, 'Molestiae repudiandae consequatur a perspiciatis. Quae qui iusto provident sed quis at. Et quaerat tenetur soluta officia quo autem repudiandae corporis.', 23);
INSERT INTO `product` (`id`, `name`, `price`, `sku`, `status`, `description`, `category_id`) VALUES (824, 'laboriosam', '62.56', 'xkod', 8, 'Aperiam delectus quasi dolor nam rerum. Ipsam fugiat consectetur eveniet reprehenderit.', 24);
INSERT INTO `product` (`id`, `name`, `price`, `sku`, `status`, `description`, `category_id`) VALUES (825, 'esse', '344.296', 'onfc', 6, 'Nulla incidunt dolore facere cupiditate voluptate. Nobis ex consequatur molestiae qui. Qui et exercitationem minima consequatur. Aut nam nostrum dolor sapiente.', 25);
INSERT INTO `product` (`id`, `name`, `price`, `sku`, `status`, `description`, `category_id`) VALUES (826, 'repellat', '883.82', 'sbon', 9, 'In commodi qui autem mollitia. Assumenda voluptatibus dolorem cumque similique. Modi atque culpa qui omnis.', 26);
INSERT INTO `product` (`id`, `name`, `price`, `sku`, `status`, `description`, `category_id`) VALUES (827, 'expedita', '381197', 'dnum', 1, 'Voluptatibus amet earum est at. Aperiam dolor soluta aut officia delectus ipsum debitis. Perspiciatis dolores quae ad cumque incidunt itaque dolores. Amet iste minima dolores maiores recusandae consequatur repudiandae nesciunt. Quibusdam deleniti necessit', 27);
INSERT INTO `product` (`id`, `name`, `price`, `sku`, `status`, `description`, `category_id`) VALUES (828, 'rem', '1482.06', 'qfks', 5, 'Delectus quae fugiat atque assumenda aspernatur cumque. Vero voluptates labore perferendis ab laboriosam. Necessitatibus aut unde placeat dicta. Voluptate ipsum adipisci illo ut.', 28);
INSERT INTO `product` (`id`, `name`, `price`, `sku`, `status`, `description`, `category_id`) VALUES (829, 'ipsam', '78983300', 'smun', 1, 'Ullam quam ab voluptatibus minus ducimus dicta. Laudantium natus eius quibusdam. Inventore a earum eos eligendi. Laborum officia ad eos assumenda est animi qui.', 29);
INSERT INTO `product` (`id`, `name`, `price`, `sku`, `status`, `description`, `category_id`) VALUES (830, 'facilis', '4528.05', 'mjhu', 8, 'Labore neque laboriosam in et sunt. Ut blanditiis velit possimus qui enim. Quidem consequatur voluptas omnis est adipisci rerum. Error vel rerum maxime quaerat deleniti.', 30);
INSERT INTO `product` (`id`, `name`, `price`, `sku`, `status`, `description`, `category_id`) VALUES (831, 'ut', '49.9551', 'ajnc', 6, 'Architecto illum eos qui et et. Porro eum quo animi possimus error odit. Illum odio iste accusantium quas ea dolorum sit mollitia.', 31);
INSERT INTO `product` (`id`, `name`, `price`, `sku`, `status`, `description`, `category_id`) VALUES (832, 'sed', '979', 'rpgw', 1, 'Et recusandae harum deserunt commodi. Qui et minus rerum quas. Ut adipisci architecto voluptatem saepe in cumque voluptatum. Laudantium error officiis ea et ut quos voluptates.', 32);
INSERT INTO `product` (`id`, `name`, `price`, `sku`, `status`, `description`, `category_id`) VALUES (833, 'et', '0', 'xzeb', 6, 'Magnam excepturi quae consequuntur dolor fugit. Cupiditate commodi repellendus repudiandae illum est dolorem maxime. Qui maiores necessitatibus delectus repudiandae blanditiis dolor. Vitae reiciendis ut repellat veniam explicabo odit incidunt.', 33);
INSERT INTO `product` (`id`, `name`, `price`, `sku`, `status`, `description`, `category_id`) VALUES (834, 'quas', '83.451', 'pauw', 2, 'Voluptatem et accusamus perferendis vitae quibusdam iure. Fuga est ullam sed dolor aliquid asperiores. Voluptas dolorem mollitia et quod. Rerum et odio qui quo veritatis consectetur quia ducimus.', 34);
INSERT INTO `product` (`id`, `name`, `price`, `sku`, `status`, `description`, `category_id`) VALUES (835, 'quo', '110.835', 'rgee', 2, 'Eum laudantium maiores molestias dolore veritatis quia nulla earum. Placeat sunt delectus vel quia. Qui dolorum eos nulla est ex. Facere laborum dignissimos alias.', 35);
INSERT INTO `product` (`id`, `name`, `price`, `sku`, `status`, `description`, `category_id`) VALUES (836, 'facere', '2.41159', 'bvey', 7, 'Facilis placeat officiis sequi corrupti iste sunt aut. Eos cumque et praesentium quia natus magni porro. Nihil dolor quae explicabo corrupti et sint. Dolores consequatur nulla quo quas a. Dolorem ut ipsum ut aut.', 36);
INSERT INTO `product` (`id`, `name`, `price`, `sku`, `status`, `description`, `category_id`) VALUES (837, 'numquam', '6327730', 'icte', 3, 'Quam minus omnis deleniti saepe dolorem sunt et deserunt. Veniam in ratione ea quam corporis. Cumque explicabo voluptas facere quod illo dolor aliquam.', 37);
INSERT INTO `product` (`id`, `name`, `price`, `sku`, `status`, `description`, `category_id`) VALUES (838, 'minima', '18060000', 'hvwz', 0, 'Autem molestiae distinctio occaecati tempora quis voluptas. Omnis vel sint eos reiciendis natus. Aut molestiae quia modi quis sed unde.', 38);
INSERT INTO `product` (`id`, `name`, `price`, `sku`, `status`, `description`, `category_id`) VALUES (839, 'et', '328.681', 'lqye', 9, 'Illo ratione hic earum quod quam eos ullam. Magni impedit enim nam doloremque at ratione porro.', 39);
INSERT INTO `product` (`id`, `name`, `price`, `sku`, `status`, `description`, `category_id`) VALUES (840, 'autem', '3309880', 'vcsa', 7, 'Atque voluptate repellat eveniet est aut saepe quo aut. Impedit iste sequi omnis sunt dolorum veniam quia. Aut facilis reiciendis rem dolorem.', 40);
INSERT INTO `product` (`id`, `name`, `price`, `sku`, `status`, `description`, `category_id`) VALUES (841, 'sed', '105413000', 'vtuy', 2, 'Dolorem ut animi veniam. Odit labore omnis omnis eum ut assumenda. Odio quidem possimus magni esse ratione expedita.', 41);
INSERT INTO `product` (`id`, `name`, `price`, `sku`, `status`, `description`, `category_id`) VALUES (842, 'assumenda', '420015', 'fqud', 3, 'At nostrum hic ex est non. Cupiditate enim laborum repudiandae numquam. Consequatur esse nisi perferendis blanditiis suscipit nobis debitis nam.', 42);
INSERT INTO `product` (`id`, `name`, `price`, `sku`, `status`, `description`, `category_id`) VALUES (843, 'in', '270968', 'iszk', 6, 'Doloribus atque qui quam et. Consectetur et enim expedita corrupti officiis eveniet consequatur.', 43);
INSERT INTO `product` (`id`, `name`, `price`, `sku`, `status`, `description`, `category_id`) VALUES (844, 'blanditiis', '879.375', 'ugcx', 7, 'Non aut eos cumque eos numquam vitae tempora. Sint qui est ut corrupti nobis. Eos et dolorum consequatur qui.', 44);
INSERT INTO `product` (`id`, `name`, `price`, `sku`, `status`, `description`, `category_id`) VALUES (845, 'eum', '228863', 'trpr', 3, 'Nemo consequuntur rem sed accusamus ab ea nulla eaque. Consequatur veritatis dolores mollitia ut eos.', 45);
INSERT INTO `product` (`id`, `name`, `price`, `sku`, `status`, `description`, `category_id`) VALUES (846, 'enim', '2355.05', 'yjfu', 4, 'Doloremque laudantium voluptatem eum eum occaecati quidem quia. Ex et voluptate dolorem consectetur illum porro. Dolorum quod ea dolorem saepe aliquam fuga animi et. Ut ducimus excepturi inventore fugit.', 46);
INSERT INTO `product` (`id`, `name`, `price`, `sku`, `status`, `description`, `category_id`) VALUES (847, 'aut', '57.3809', 'ixyn', 5, 'Deleniti autem perferendis voluptatem ut aliquam consequatur. Expedita voluptates et enim est hic cumque consectetur et. Ut sunt occaecati reprehenderit omnis. Animi repudiandae id velit.', 47);
INSERT INTO `product` (`id`, `name`, `price`, `sku`, `status`, `description`, `category_id`) VALUES (848, 'ipsum', '46273.8', 'fbsq', 3, 'A sequi facere repudiandae est est maiores cum quam. Est officia et illum ab sunt et. Sit culpa blanditiis animi atque dolores neque vero dicta. Autem accusamus possimus maiores.', 48);
INSERT INTO `product` (`id`, `name`, `price`, `sku`, `status`, `description`, `category_id`) VALUES (849, 'eum', '131.269', 'jffq', 3, 'Libero occaecati temporibus ipsum et facere libero aut. Autem ut corrupti quam. Necessitatibus asperiores et quam ipsam quia reprehenderit velit.', 49);
INSERT INTO `product` (`id`, `name`, `price`, `sku`, `status`, `description`, `category_id`) VALUES (850, 'sequi', '0.49262', 'lfcw', 3, 'Harum nobis et architecto corrupti qui. Qui fugit repudiandae quis fuga magnam voluptate. Voluptatibus cum dolorem vel illum ipsam.', 50);
INSERT INTO `product` (`id`, `name`, `price`, `sku`, `status`, `description`, `category_id`) VALUES (851, 'itaque', '0', 'xgna', 1, 'Deserunt sed autem qui. Voluptates temporibus rem maiores qui. Cumque repellendus cum dolore qui dolores deleniti consequuntur perferendis. Id odit ullam dolores quia. Necessitatibus laborum et dolorum illo occaecati beatae dolore.', 51);
INSERT INTO `product` (`id`, `name`, `price`, `sku`, `status`, `description`, `category_id`) VALUES (852, 'sit', '7845.87', 'jxoq', 4, 'Voluptatibus et inventore qui earum enim at qui. Laborum illo quo rem sit. Quasi in voluptatem necessitatibus tenetur. Ut quia sed quo beatae.', 52);
INSERT INTO `product` (`id`, `name`, `price`, `sku`, `status`, `description`, `category_id`) VALUES (853, 'et', '587044000', 'hyqp', 8, 'Totam at assumenda sed nihil voluptatum autem officiis. Dolorem fugiat nisi sint ex quos assumenda culpa asperiores. Asperiores veritatis ut aut nulla ducimus.', 53);
INSERT INTO `product` (`id`, `name`, `price`, `sku`, `status`, `description`, `category_id`) VALUES (854, 'sed', '1879', 'vwbf', 4, 'Quae eum quia est maxime et molestiae. Consectetur voluptates neque et mollitia adipisci qui autem. Odio quis aut quibusdam qui eligendi. Quo culpa eligendi sed sequi sapiente.', 54);
INSERT INTO `product` (`id`, `name`, `price`, `sku`, `status`, `description`, `category_id`) VALUES (855, 'qui', '17817500', 'wgft', 4, 'Esse explicabo iusto eius minima in. Quasi sunt autem repudiandae ea aut eum ea. Ducimus dignissimos earum animi minima molestiae consectetur.', 55);
INSERT INTO `product` (`id`, `name`, `price`, `sku`, `status`, `description`, `category_id`) VALUES (856, 'impedit', '3.3', 'odae', 4, 'Molestias enim doloribus occaecati assumenda quia. Nam sed eos at odio quaerat. Voluptatem non suscipit commodi dignissimos. Excepturi beatae recusandae dolorem ipsum. Temporibus ut nemo praesentium.', 56);
INSERT INTO `product` (`id`, `name`, `price`, `sku`, `status`, `description`, `category_id`) VALUES (857, 'voluptatem', '0.85669', 'egcf', 2, 'Mollitia beatae quidem omnis ab aut voluptatem. Iure perferendis iusto et corporis cumque. Aut quaerat cumque tempora quam aspernatur quod qui. Iste consequatur sit aut sed inventore. Repellat repellat itaque aut quos iure voluptatum.', 57);
INSERT INTO `product` (`id`, `name`, `price`, `sku`, `status`, `description`, `category_id`) VALUES (858, 'quibusdam', '6138770', 'ycwi', 1, 'Exercitationem ducimus enim doloremque soluta hic et quaerat. Quia fugit est nihil molestiae qui vel velit. Ullam ratione aut pariatur aut officia consequuntur. Dignissimos laboriosam debitis voluptates est.', 58);
INSERT INTO `product` (`id`, `name`, `price`, `sku`, `status`, `description`, `category_id`) VALUES (859, 'ea', '388.906', 'nziy', 7, 'Et non et qui qui. Vel suscipit aperiam sint. Aliquid doloribus accusantium ab.', 59);
INSERT INTO `product` (`id`, `name`, `price`, `sku`, `status`, `description`, `category_id`) VALUES (860, 'nihil', '144.661', 'swce', 4, 'Fuga maxime praesentium modi distinctio ipsum minima nam. Et iure facere vitae odio est qui iure. Fugiat nam odit aut placeat. Et omnis aliquid fuga vel accusamus ut omnis dolorum.', 60);
INSERT INTO `product` (`id`, `name`, `price`, `sku`, `status`, `description`, `category_id`) VALUES (861, 'enim', '7481110', 'vlxh', 0, 'Voluptates quasi neque praesentium velit labore. Debitis eligendi sed delectus repudiandae maxime. Vero et dolor eaque reprehenderit ex.', 61);
INSERT INTO `product` (`id`, `name`, `price`, `sku`, `status`, `description`, `category_id`) VALUES (862, 'fugiat', '33.4481', 'kgbl', 6, 'Doloremque perferendis sed quisquam sed in ad. Est voluptatem expedita rem dolorem ex. Aliquam veniam vero itaque ea iure consequatur omnis. Id omnis voluptatem qui ex.', 62);
INSERT INTO `product` (`id`, `name`, `price`, `sku`, `status`, `description`, `category_id`) VALUES (863, 'quasi', '21.984', 'srcd', 8, 'Voluptatem non enim tenetur cumque. Molestias temporibus iste voluptate voluptas non consectetur. Labore sed dolores sapiente ea dolores. Et sed corporis officia.', 63);
INSERT INTO `product` (`id`, `name`, `price`, `sku`, `status`, `description`, `category_id`) VALUES (864, 'odio', '2943.76', 'nydm', 9, 'Eligendi itaque tempore voluptatem qui rerum iste iure. Rerum sed ut molestiae consequuntur nihil. Accusamus id debitis voluptatem ea. Porro et similique qui ea eum excepturi.', 64);
INSERT INTO `product` (`id`, `name`, `price`, `sku`, `status`, `description`, `category_id`) VALUES (865, 'magnam', '63.4154', 'pxhn', 1, 'Sed dolorum aperiam nam consequatur velit. Aut nihil rerum quia iusto dolorem minima. Tempora ipsum quia est sunt. Ducimus ex veniam tempora id.', 65);
INSERT INTO `product` (`id`, `name`, `price`, `sku`, `status`, `description`, `category_id`) VALUES (866, 'et', '2761.66', 'jdko', 3, 'Id non error quis nobis laboriosam numquam quia. Eveniet temporibus et numquam omnis. Quasi sunt voluptas consequatur excepturi quasi distinctio.', 66);
INSERT INTO `product` (`id`, `name`, `price`, `sku`, `status`, `description`, `category_id`) VALUES (867, 'sed', '0', 'cioa', 0, 'Assumenda debitis cumque omnis sint occaecati. Aut quisquam tempora recusandae iure dignissimos. Consequatur iste excepturi pariatur velit tenetur aut.', 67);
INSERT INTO `product` (`id`, `name`, `price`, `sku`, `status`, `description`, `category_id`) VALUES (868, 'et', '8695000', 'vbrh', 8, 'Minus rerum nobis id eos. Laborum laborum ut atque. Nulla voluptas accusantium iste nesciunt a qui. Quod ipsam cum consequuntur magnam.', 68);
INSERT INTO `product` (`id`, `name`, `price`, `sku`, `status`, `description`, `category_id`) VALUES (869, 'quisquam', '46999.3', 'xzmz', 3, 'Dolore magni molestias sit ut consequatur in error. Quos nostrum magni non quo iure totam quia. Accusantium veniam id distinctio reprehenderit velit vero pariatur quasi.', 69);
INSERT INTO `product` (`id`, `name`, `price`, `sku`, `status`, `description`, `category_id`) VALUES (870, 'ea', '5860.21', 'kjux', 0, 'Voluptatibus aut error harum ut rerum aperiam. Delectus rerum vel eius. Dolor et sint alias voluptatibus.', 70);
INSERT INTO `product` (`id`, `name`, `price`, `sku`, `status`, `description`, `category_id`) VALUES (871, 'atque', '7654.05', 'hzvj', 7, 'Fuga eius commodi odio libero omnis. Dolores porro non sint qui deleniti ullam qui.', 71);
INSERT INTO `product` (`id`, `name`, `price`, `sku`, `status`, `description`, `category_id`) VALUES (872, 'ipsa', '649.222', 'kihc', 3, 'Consectetur neque magni nesciunt tempora ipsa. Facere ab temporibus ducimus enim. Possimus consequuntur ut dolor eum officia quia ut sunt. Vel doloremque repudiandae dolore molestias labore.', 72);
INSERT INTO `product` (`id`, `name`, `price`, `sku`, `status`, `description`, `category_id`) VALUES (873, 'exercitationem', '83234.1', 'jrqe', 2, 'Eos officia exercitationem ut numquam beatae. Ut error ea nihil ipsam et quo et. Repellendus ea voluptas beatae et accusantium enim rerum.', 73);
INSERT INTO `product` (`id`, `name`, `price`, `sku`, `status`, `description`, `category_id`) VALUES (874, 'consequuntur', '4.40153', 'eiuq', 2, 'Fugiat consectetur aut quis laborum ab excepturi accusantium quis. Ex debitis ad quia. Sunt dolor nam est. Tempora perferendis vero odit doloribus at sint amet.', 74);
INSERT INTO `product` (`id`, `name`, `price`, `sku`, `status`, `description`, `category_id`) VALUES (875, 'qui', '27618000', 'ghmc', 7, 'Reiciendis unde autem et saepe et placeat quia. Corrupti impedit aliquid omnis eveniet aut quia. Nemo eius omnis similique et ut.', 75);
INSERT INTO `product` (`id`, `name`, `price`, `sku`, `status`, `description`, `category_id`) VALUES (876, 'quod', '704159', 'xpfm', 7, 'Quis voluptatem laudantium natus rerum aut. Consequatur reiciendis debitis iusto sequi ut ipsam. Iusto vel dolorem id sint.', 76);
INSERT INTO `product` (`id`, `name`, `price`, `sku`, `status`, `description`, `category_id`) VALUES (877, 'deserunt', '28137.6', 'opkr', 9, 'Et ipsam alias dolore perspiciatis distinctio quod expedita. Quia quia exercitationem sapiente amet et. Assumenda quod et recusandae modi sit. Vitae alias voluptate et eius unde veniam qui.', 77);
INSERT INTO `product` (`id`, `name`, `price`, `sku`, `status`, `description`, `category_id`) VALUES (878, 'maiores', '7549.54', 'ebrg', 6, 'A tempora porro nobis aliquid omnis expedita natus impedit. Tempora voluptatem magni beatae ex saepe. Nisi laboriosam nesciunt libero ullam dolor voluptas aspernatur.', 78);
INSERT INTO `product` (`id`, `name`, `price`, `sku`, `status`, `description`, `category_id`) VALUES (879, 'eaque', '0', 'zvga', 3, 'Adipisci animi maiores animi debitis sed. Debitis molestiae illum recusandae beatae molestias voluptas est velit. Rerum doloremque laborum qui eum dolorum in. Et ducimus provident ea eaque velit quis esse.', 79);
INSERT INTO `product` (`id`, `name`, `price`, `sku`, `status`, `description`, `category_id`) VALUES (880, 'quos', '15111500', 'zhvv', 9, 'Illum maxime laborum itaque temporibus tempora. Consequatur nam quis quam illo quasi. Voluptatibus culpa harum ut unde.', 80);
INSERT INTO `product` (`id`, `name`, `price`, `sku`, `status`, `description`, `category_id`) VALUES (881, 'consequuntur', '0', 'fqjk', 1, 'Reiciendis voluptatibus adipisci sed. In optio voluptates velit nobis harum. Placeat sunt sint est deserunt voluptatem iusto. Aliquam suscipit sint doloribus sequi ex illum possimus quibusdam.', 81);
INSERT INTO `product` (`id`, `name`, `price`, `sku`, `status`, `description`, `category_id`) VALUES (882, 'tempora', '1.71', 'fmcv', 0, 'Et cum non et commodi nam accusamus esse. Alias est rem aliquam perferendis. Molestias est vel dolor nemo.', 82);
INSERT INTO `product` (`id`, `name`, `price`, `sku`, `status`, `description`, `category_id`) VALUES (883, 'corporis', '20.8001', 'xcxn', 1, 'Itaque dicta vitae maxime minima quia aut. Iste quis nobis non autem. Amet consequuntur repudiandae aut culpa in quo laboriosam at. Deserunt et aspernatur nam ut sed et odio sed.', 83);
INSERT INTO `product` (`id`, `name`, `price`, `sku`, `status`, `description`, `category_id`) VALUES (884, 'voluptas', '4.9117', 'vokx', 3, 'Aliquam eveniet dolorem et blanditiis. Aut velit natus deserunt voluptas consequatur. Velit ipsam dolore voluptates voluptatem.', 84);
INSERT INTO `product` (`id`, `name`, `price`, `sku`, `status`, `description`, `category_id`) VALUES (885, 'fugiat', '3221430', 'mphy', 2, 'Animi consectetur optio est assumenda. Magni non et molestiae dolores fugit et minus. Magni voluptatem qui qui eveniet quia sint quos deserunt.', 85);
INSERT INTO `product` (`id`, `name`, `price`, `sku`, `status`, `description`, `category_id`) VALUES (886, 'aut', '0.83', 'woaj', 2, 'Veritatis quibusdam repellat maiores a reprehenderit culpa. A dignissimos voluptas qui. Eius est aut et ipsa quia doloribus minus. Voluptas fugit id iure at beatae.', 86);
INSERT INTO `product` (`id`, `name`, `price`, `sku`, `status`, `description`, `category_id`) VALUES (887, 'aperiam', '3536090', 'jqbs', 1, 'Voluptas aspernatur debitis explicabo natus. Est saepe reprehenderit est inventore natus perferendis. Quos sit est aliquid quas aut.', 87);
INSERT INTO `product` (`id`, `name`, `price`, `sku`, `status`, `description`, `category_id`) VALUES (888, 'id', '304.564', 'coti', 0, 'Ut mollitia recusandae qui dolore et. Delectus omnis consequuntur et ut ea hic omnis expedita. Qui suscipit vel molestiae et inventore ad.', 88);
INSERT INTO `product` (`id`, `name`, `price`, `sku`, `status`, `description`, `category_id`) VALUES (889, 'qui', '13550.8', 'zdyd', 1, 'Earum quis doloribus inventore aut ut aut cum. Laboriosam animi incidunt praesentium sit inventore. Mollitia assumenda dolores perferendis est quia est. Aut omnis qui labore molestiae et.', 89);
INSERT INTO `product` (`id`, `name`, `price`, `sku`, `status`, `description`, `category_id`) VALUES (890, 'odit', '15.8821', 'oesj', 2, 'Autem ipsum ut ad dolores. Velit doloribus atque quia itaque nemo. Voluptates officiis aut eligendi et totam debitis possimus. Quia quaerat alias laudantium dolore.', 90);
INSERT INTO `product` (`id`, `name`, `price`, `sku`, `status`, `description`, `category_id`) VALUES (891, 'dolores', '416.46', 'xrjx', 9, 'Exercitationem nam asperiores et consequatur dolorem facere quia. Exercitationem et sit id est sunt aut. Sit id soluta voluptatem ut reprehenderit molestiae. Eveniet perspiciatis doloremque qui fuga.', 91);
INSERT INTO `product` (`id`, `name`, `price`, `sku`, `status`, `description`, `category_id`) VALUES (892, 'et', '274709', 'pwzh', 8, 'Molestias autem nesciunt quasi voluptatem. Voluptas sit repellendus dicta blanditiis suscipit. Aspernatur et consequuntur ut.', 92);
INSERT INTO `product` (`id`, `name`, `price`, `sku`, `status`, `description`, `category_id`) VALUES (893, 'excepturi', '91.133', 'kemu', 9, 'Non nihil provident nihil quaerat. Recusandae dolore voluptas voluptatibus. Libero explicabo provident atque dolor maiores exercitationem in. Laboriosam explicabo fugiat quae error quia provident omnis.', 93);
INSERT INTO `product` (`id`, `name`, `price`, `sku`, `status`, `description`, `category_id`) VALUES (894, 'et', '0.358', 'fzdi', 0, 'Rerum quis maiores sapiente nemo numquam voluptatem. Ipsam soluta esse sunt in et dolorem. Ipsam quia maxime corrupti aspernatur. Est quam consequatur et quod laborum sequi modi.', 94);
INSERT INTO `product` (`id`, `name`, `price`, `sku`, `status`, `description`, `category_id`) VALUES (895, 'repudiandae', '11.95', 'hwnk', 6, 'Laborum voluptas suscipit temporibus nam a. Cum nesciunt qui autem nihil nesciunt et amet. Quo accusamus fugit est asperiores sunt necessitatibus. Perspiciatis saepe ipsum quo quia aut explicabo qui.', 95);
INSERT INTO `product` (`id`, `name`, `price`, `sku`, `status`, `description`, `category_id`) VALUES (896, 'qui', '3.40194', 'ngnj', 8, 'Nihil recusandae ipsum corporis corrupti velit odit molestias. Quia accusamus ut sed aut temporibus quis quis iste.', 96);
INSERT INTO `product` (`id`, `name`, `price`, `sku`, `status`, `description`, `category_id`) VALUES (897, 'cum', '716904000', 'kovo', 3, 'Quia ab saepe esse exercitationem. Sunt quibusdam magnam ex est quos quia. Dolorem quo sed praesentium ducimus inventore. Natus nemo dolores numquam praesentium similique beatae.', 97);
INSERT INTO `product` (`id`, `name`, `price`, `sku`, `status`, `description`, `category_id`) VALUES (898, 'aut', '36157', 'sako', 3, 'Incidunt eius amet excepturi minima aperiam quidem nisi doloribus. Tempora blanditiis similique atque omnis ut. Ut amet ab cumque inventore similique maiores eaque incidunt.', 98);
INSERT INTO `product` (`id`, `name`, `price`, `sku`, `status`, `description`, `category_id`) VALUES (899, 'aliquid', '281004', 'rejp', 9, 'Voluptatem praesentium quisquam at repellendus sit ipsum ducimus. Omnis aut in fugiat id facere neque. Nobis vero debitis blanditiis tempora et et sit. Quae voluptas quia aut esse ipsam.', 99);
INSERT INTO `product` (`id`, `name`, `price`, `sku`, `status`, `description`, `category_id`) VALUES (900, 'aut', '26.818', 'igmq', 5, 'Iste sit quia quia voluptatem aspernatur in. Asperiores accusamus ipsa ut nam laborum ex. Omnis dolorem ullam porro aut. Quo accusantium sint ut nulla.', 100);
INSERT INTO `product` (`id`, `name`, `price`, `sku`, `status`, `description`, `category_id`) VALUES (901, 'nihil', '4326.98', 'mnxd', 9, 'Dolores et quam enim voluptatum dolorum ut tenetur quas. Magni nobis esse quis temporibus vel. Quam eius ut voluptate quisquam.', 1);
INSERT INTO `product` (`id`, `name`, `price`, `sku`, `status`, `description`, `category_id`) VALUES (902, 'et', '252981', 'okjp', 4, 'Nisi quo qui ipsam saepe molestiae iure error sunt. Illo quisquam illo quo velit. Fuga est et et qui et saepe. Placeat corrupti minus quisquam omnis.', 2);
INSERT INTO `product` (`id`, `name`, `price`, `sku`, `status`, `description`, `category_id`) VALUES (903, 'quam', '20812.5', 'eqyp', 7, 'Beatae rerum libero hic. Dolores expedita tempora nihil et. Iste quis saepe fugiat assumenda.', 3);
INSERT INTO `product` (`id`, `name`, `price`, `sku`, `status`, `description`, `category_id`) VALUES (904, 'aliquam', '98536.1', 'npfh', 1, 'Unde consequatur deleniti nobis voluptate similique voluptatem. Natus a magni facere dolorum quia labore. Non error non ut tempora delectus esse.', 4);
INSERT INTO `product` (`id`, `name`, `price`, `sku`, `status`, `description`, `category_id`) VALUES (905, 'optio', '8336470', 'hzxf', 6, 'Amet quisquam hic quidem perferendis eos. Quisquam explicabo ratione distinctio voluptates nemo corrupti officia. Aut voluptatem nihil eos dolores dolorem pariatur.', 5);
INSERT INTO `product` (`id`, `name`, `price`, `sku`, `status`, `description`, `category_id`) VALUES (906, 'ullam', '2.87002', 'rahv', 7, 'Rerum debitis odit unde tempora et illum alias. Soluta ratione esse corporis iure. Sunt aut expedita ipsam animi quos.', 6);
INSERT INTO `product` (`id`, `name`, `price`, `sku`, `status`, `description`, `category_id`) VALUES (907, 'est', '8.2', 'vrrn', 5, 'Magni nisi aliquid non dolore et qui est. Totam quia quia et esse amet aspernatur minus. Doloribus voluptatem esse necessitatibus amet eos iure ut. Facere ea explicabo at enim.', 7);
INSERT INTO `product` (`id`, `name`, `price`, `sku`, `status`, `description`, `category_id`) VALUES (908, 'possimus', '326.45', 'qfsp', 3, 'Explicabo molestias quaerat at. Eos neque est qui praesentium. Possimus repellendus provident sunt sed.', 8);
INSERT INTO `product` (`id`, `name`, `price`, `sku`, `status`, `description`, `category_id`) VALUES (909, 'quia', '19641400', 'pxkk', 6, 'Asperiores est dignissimos sunt velit vero in. Quo ab amet dolorem dolor quidem. Et quo eos omnis perspiciatis odio unde qui magni. Et eius sequi distinctio recusandae.', 9);
INSERT INTO `product` (`id`, `name`, `price`, `sku`, `status`, `description`, `category_id`) VALUES (910, 'quia', '336201', 'aqva', 9, 'Fuga quia ratione ut laudantium sit ut. Consequatur excepturi qui ipsam eum sequi inventore eos. Pariatur incidunt odio suscipit et perspiciatis qui voluptatibus.', 10);
INSERT INTO `product` (`id`, `name`, `price`, `sku`, `status`, `description`, `category_id`) VALUES (911, 'fugit', '3983.34', 'vtjs', 6, 'Et consectetur ipsam in voluptatem natus harum. Ipsum consequatur rerum quo nemo autem libero repellendus.', 11);
INSERT INTO `product` (`id`, `name`, `price`, `sku`, `status`, `description`, `category_id`) VALUES (912, 'at', '3086550', 'pfum', 5, 'Quis similique voluptatem qui quas omnis molestiae. Sequi quaerat cumque voluptas eaque. Unde quidem distinctio ut illo.', 12);
INSERT INTO `product` (`id`, `name`, `price`, `sku`, `status`, `description`, `category_id`) VALUES (913, 'dolorem', '22377', 'mdwm', 2, 'Sequi blanditiis animi vel sed. Placeat saepe quisquam in sit et ut. Eos voluptatem molestiae et deleniti eveniet nihil doloribus. Iusto id accusantium reprehenderit saepe.', 13);
INSERT INTO `product` (`id`, `name`, `price`, `sku`, `status`, `description`, `category_id`) VALUES (914, 'quis', '308.16', 'jagl', 6, 'Temporibus sint quidem quidem dolore nobis. Sint laborum quos eum eius quisquam itaque eius repellendus. Quia est quaerat eum voluptate ullam quis. Repellat ut pariatur error qui facere in et enim.', 14);
INSERT INTO `product` (`id`, `name`, `price`, `sku`, `status`, `description`, `category_id`) VALUES (915, 'ratione', '370627', 'dzcc', 2, 'Alias nisi aut voluptates consequatur ab. Nihil possimus provident placeat tempore et repellat et consectetur. Minima maxime nostrum qui asperiores corporis enim vel. Molestiae quod et sunt atque. Assumenda dolores quia veritatis deserunt recusandae tempo', 15);
INSERT INTO `product` (`id`, `name`, `price`, `sku`, `status`, `description`, `category_id`) VALUES (916, 'voluptatum', '894710', 'isap', 7, 'Non autem consequatur officiis vel. Eius pariatur amet similique. Sed velit ex quia sunt. Similique in ducimus eos quos est est voluptas dolorem.', 16);
INSERT INTO `product` (`id`, `name`, `price`, `sku`, `status`, `description`, `category_id`) VALUES (917, 'consequuntur', '54510700', 'lmsl', 2, 'Suscipit qui praesentium nihil perspiciatis hic sed. Totam maiores placeat harum aliquam. Voluptates consequatur laborum nam nisi.', 17);
INSERT INTO `product` (`id`, `name`, `price`, `sku`, `status`, `description`, `category_id`) VALUES (918, 'delectus', '36076100', 'qlvn', 2, 'Quia corporis velit tenetur et praesentium consequatur eligendi. Sed quis debitis facere minima aliquid voluptas accusantium. Occaecati omnis tempore aut. Placeat et voluptatem sunt.', 18);
INSERT INTO `product` (`id`, `name`, `price`, `sku`, `status`, `description`, `category_id`) VALUES (919, 'dicta', '9269730', 'itvm', 4, 'Perferendis ea ut dolore. Velit voluptate nam quisquam distinctio maxime nisi pariatur. Omnis unde quo qui provident quia.', 19);
INSERT INTO `product` (`id`, `name`, `price`, `sku`, `status`, `description`, `category_id`) VALUES (920, 'atque', '5099580', 'ejjt', 3, 'Sit pariatur eum rem nostrum iusto autem molestiae ipsa. Laborum nostrum voluptas odit tempore distinctio ex quia. Velit odit cupiditate omnis sit.', 20);
INSERT INTO `product` (`id`, `name`, `price`, `sku`, `status`, `description`, `category_id`) VALUES (921, 'odio', '800465000', 'msts', 7, 'Sit ea beatae quos pariatur repellendus. Dolor in quia magnam. Non molestiae enim ut alias aperiam ipsam amet.', 21);
INSERT INTO `product` (`id`, `name`, `price`, `sku`, `status`, `description`, `category_id`) VALUES (922, 'facere', '66668200', 'nhls', 0, 'Eum et officiis ab impedit dolores fuga. Laborum adipisci nesciunt voluptas est ut vel cupiditate. Possimus natus aut autem cupiditate in. In sed sint nemo minus molestias et eligendi.', 22);
INSERT INTO `product` (`id`, `name`, `price`, `sku`, `status`, `description`, `category_id`) VALUES (923, 'provident', '239.138', 'vtdq', 1, 'Commodi minima modi asperiores cupiditate est. Velit est inventore rerum enim sunt. Ut praesentium impedit qui ut dolor occaecati recusandae. Ab placeat ea optio harum maiores est blanditiis.', 23);
INSERT INTO `product` (`id`, `name`, `price`, `sku`, `status`, `description`, `category_id`) VALUES (924, 'sit', '0.8', 'skvu', 5, 'Facilis porro hic nihil qui quia. Est sint earum omnis mollitia. Et repellendus molestiae quos excepturi est aut. Et sit libero voluptatem atque laboriosam eos aperiam. Aliquid laborum quae cum doloremque id deleniti impedit.', 24);
INSERT INTO `product` (`id`, `name`, `price`, `sku`, `status`, `description`, `category_id`) VALUES (925, 'eaque', '724837', 'adfl', 1, 'Eum dicta maxime consectetur natus aliquam placeat. Consequatur atque sed beatae est id quod est velit. Sunt voluptas harum suscipit et voluptas. Hic aliquam dolorem iusto nesciunt non facere consectetur.', 25);
INSERT INTO `product` (`id`, `name`, `price`, `sku`, `status`, `description`, `category_id`) VALUES (926, 'placeat', '951.578', 'zztq', 9, 'Inventore ea aut at. Et sit voluptates dolores explicabo. Sit excepturi iure illum est impedit dolor. Qui adipisci repellat dolor eum alias reprehenderit et eaque.', 26);
INSERT INTO `product` (`id`, `name`, `price`, `sku`, `status`, `description`, `category_id`) VALUES (927, 'cupiditate', '0', 'jxdf', 2, 'Commodi assumenda vel ex assumenda et. Dignissimos voluptates molestiae voluptas voluptates est. Vitae est eos et distinctio voluptatem rerum corrupti. Accusantium quae quis autem recusandae voluptate facere.', 27);
INSERT INTO `product` (`id`, `name`, `price`, `sku`, `status`, `description`, `category_id`) VALUES (928, 'necessitatibus', '3789.14', 'iczv', 9, 'Impedit ipsum non consequatur illum voluptatem. Soluta aperiam voluptatem voluptas in facere ipsa eum. Ex corporis voluptatum atque. Quidem illum incidunt id et doloremque.', 28);
INSERT INTO `product` (`id`, `name`, `price`, `sku`, `status`, `description`, `category_id`) VALUES (929, 'doloremque', '3085580', 'mpdx', 7, 'Repellendus et voluptatem quia consectetur omnis. Voluptas dolorum eligendi in quo repellat ab vero. Dolore sit a labore iste laborum. Quis provident quia optio quo qui modi est.', 29);
INSERT INTO `product` (`id`, `name`, `price`, `sku`, `status`, `description`, `category_id`) VALUES (930, 'natus', '19169', 'cmkd', 2, 'Velit ex hic aut ea. Aliquam quidem suscipit quia et aut sit.', 30);
INSERT INTO `product` (`id`, `name`, `price`, `sku`, `status`, `description`, `category_id`) VALUES (931, 'officia', '330544000', 'utbu', 1, 'Sit neque ad eaque eos et aut. Eos non libero quas voluptate possimus. Optio qui aliquam officiis blanditiis qui ex.', 31);
INSERT INTO `product` (`id`, `name`, `price`, `sku`, `status`, `description`, `category_id`) VALUES (932, 'dolorem', '3620620', 'murd', 0, 'Porro et voluptates eum alias voluptatem tempore alias aspernatur. Voluptatum quaerat voluptate dolorum aut dolores. Aut assumenda animi accusantium explicabo repudiandae ex eos dolorem.', 32);
INSERT INTO `product` (`id`, `name`, `price`, `sku`, `status`, `description`, `category_id`) VALUES (933, 'facere', '37135.1', 'qgeg', 5, 'Alias vel dicta delectus aut. Architecto voluptatibus maiores aut molestias necessitatibus. Amet est dolores corrupti est exercitationem deserunt nam. Ducimus tenetur possimus alias ab.', 33);
INSERT INTO `product` (`id`, `name`, `price`, `sku`, `status`, `description`, `category_id`) VALUES (934, 'totam', '0', 'qqyr', 7, 'Eum amet non adipisci ratione. Ut eos reprehenderit ex doloribus ab. Voluptatibus et voluptatem sunt voluptatum non molestiae nemo quis. Eos consequatur voluptates dolorem. Nostrum eaque dolorem ut ut quis inventore.', 34);
INSERT INTO `product` (`id`, `name`, `price`, `sku`, `status`, `description`, `category_id`) VALUES (935, 'quo', '4212.04', 'weay', 6, 'Rerum et ducimus vitae. Rerum rerum impedit quia fugit laudantium. Ab quae placeat magni ut non numquam. Cupiditate tempore voluptatem modi et. Similique maxime ab inventore laborum enim atque.', 35);
INSERT INTO `product` (`id`, `name`, `price`, `sku`, `status`, `description`, `category_id`) VALUES (936, 'enim', '42399600', 'sfkq', 3, 'Fugit quis et quasi. Officia ut consequatur ullam sit impedit. Laborum debitis et quis numquam. Ut voluptas hic quas asperiores consequatur.', 36);
INSERT INTO `product` (`id`, `name`, `price`, `sku`, `status`, `description`, `category_id`) VALUES (937, 'consequatur', '392.886', 'gkgq', 7, 'Error aut id accusamus nemo quia aut. Quas et voluptatibus rerum qui perspiciatis deleniti. Et expedita quam molestiae sunt. Et fugiat dicta consequuntur dolorem quaerat tempora in exercitationem.', 37);
INSERT INTO `product` (`id`, `name`, `price`, `sku`, `status`, `description`, `category_id`) VALUES (938, 'eum', '3988580', 'giup', 1, 'Odit porro sint adipisci est. Quis voluptas dolores qui. Tempore sint molestiae eos qui est.', 38);
INSERT INTO `product` (`id`, `name`, `price`, `sku`, `status`, `description`, `category_id`) VALUES (939, 'id', '3709.49', 'fxui', 0, 'Hic quis repudiandae doloremque eos ipsum. Deserunt accusantium quia sequi labore non fugiat. Quo ut quis corporis voluptates voluptatibus dolorem et sequi.', 39);
INSERT INTO `product` (`id`, `name`, `price`, `sku`, `status`, `description`, `category_id`) VALUES (940, 'accusantium', '6', 'frht', 5, 'Ab praesentium est odio dolor autem tempora magnam. Accusantium temporibus amet quo quaerat quidem ad. Et quibusdam et rem odit.', 40);
INSERT INTO `product` (`id`, `name`, `price`, `sku`, `status`, `description`, `category_id`) VALUES (941, 'voluptatem', '0', 'hoba', 4, 'Enim harum occaecati ad vitae expedita fugit officiis. Quo repellat alias qui labore adipisci molestias. Labore facere pariatur commodi quae aut.', 41);
INSERT INTO `product` (`id`, `name`, `price`, `sku`, `status`, `description`, `category_id`) VALUES (942, 'aut', '785258', 'zbqk', 6, 'Veniam doloribus facere non voluptatibus qui et. Sint sit qui ex aut voluptatum provident. Vero possimus beatae maxime eum optio dicta. Dolor iste nihil maiores quia fuga voluptatem.', 42);
INSERT INTO `product` (`id`, `name`, `price`, `sku`, `status`, `description`, `category_id`) VALUES (943, 'harum', '33', 'lfgl', 0, 'Tenetur est quis illo cumque nihil ad. Beatae dolores voluptatem possimus sunt voluptatem quia quis. Quia cum asperiores deserunt qui. Libero quis explicabo dolor asperiores.', 43);
INSERT INTO `product` (`id`, `name`, `price`, `sku`, `status`, `description`, `category_id`) VALUES (944, 'enim', '181.26', 'egsb', 4, 'Fugit saepe numquam voluptates rerum adipisci. Rem recusandae quam dolore iste debitis. Est error voluptas repellendus et ut rerum illo. Et non pariatur culpa doloribus alias deserunt deleniti.', 44);
INSERT INTO `product` (`id`, `name`, `price`, `sku`, `status`, `description`, `category_id`) VALUES (945, 'et', '443094000', 'vpyt', 7, 'Quia quia dignissimos repudiandae ipsum unde officiis sint. Sed officia delectus quam enim et. Fuga repellendus quas veniam earum. Esse et expedita perferendis tempora placeat qui incidunt dolor.', 45);
INSERT INTO `product` (`id`, `name`, `price`, `sku`, `status`, `description`, `category_id`) VALUES (946, 'ut', '674', 'dtte', 1, 'Quia excepturi neque incidunt placeat qui ullam omnis. Error temporibus optio distinctio voluptatum quidem non quisquam. Et sint sed asperiores sunt. Necessitatibus omnis perspiciatis ut molestias.', 46);
INSERT INTO `product` (`id`, `name`, `price`, `sku`, `status`, `description`, `category_id`) VALUES (947, 'laborum', '8253.24', 'lzrg', 6, 'Cumque consectetur omnis exercitationem magnam. Voluptate quidem molestias unde id sequi eveniet. Rerum alias eum aut fugit facere quod. Error saepe magnam architecto sit.', 47);
INSERT INTO `product` (`id`, `name`, `price`, `sku`, `status`, `description`, `category_id`) VALUES (948, 'voluptatem', '32.755', 'luyl', 4, 'Velit occaecati enim et possimus. Aspernatur quam est porro architecto sint. Aut nulla quisquam laboriosam velit. Possimus odio numquam eum.', 48);
INSERT INTO `product` (`id`, `name`, `price`, `sku`, `status`, `description`, `category_id`) VALUES (949, 'dolores', '146617', 'wmzi', 8, 'Dolor praesentium et quo laudantium illum. Voluptates et quae fugiat totam rerum reprehenderit. Ut magni nam sint soluta quo sit voluptatem. Vero libero sint dolor expedita qui nihil odit necessitatibus.', 49);
INSERT INTO `product` (`id`, `name`, `price`, `sku`, `status`, `description`, `category_id`) VALUES (950, 'aliquid', '0', 'pzfk', 9, 'Dolor quasi consequatur magni ut sed. Est hic sed ut sed est aliquam. Voluptas rerum fugiat pariatur nihil ut. Fuga omnis natus deleniti adipisci vitae commodi eligendi.', 50);
INSERT INTO `product` (`id`, `name`, `price`, `sku`, `status`, `description`, `category_id`) VALUES (951, 'magni', '1.43', 'qoit', 6, 'Vel officiis vitae debitis architecto aperiam exercitationem architecto illo. Modi suscipit et eos dolorem doloribus neque. Ullam voluptas ea sed similique consequatur et aut.', 51);
INSERT INTO `product` (`id`, `name`, `price`, `sku`, `status`, `description`, `category_id`) VALUES (952, 'ut', '442606', 'ttps', 4, 'Nihil molestias sunt in ea. Id in placeat ipsum occaecati quia et excepturi.', 52);
INSERT INTO `product` (`id`, `name`, `price`, `sku`, `status`, `description`, `category_id`) VALUES (953, 'quo', '1886990', 'zwzy', 7, 'Unde culpa quae voluptatem repudiandae non. Rerum exercitationem sed porro quo ab. Aut soluta facilis fugit nostrum. Et laborum quo quas ut nihil occaecati fuga omnis.', 53);
INSERT INTO `product` (`id`, `name`, `price`, `sku`, `status`, `description`, `category_id`) VALUES (954, 'earum', '119919000', 'etjd', 4, 'Omnis est aut velit. Voluptatem et nesciunt illum voluptas.', 54);
INSERT INTO `product` (`id`, `name`, `price`, `sku`, `status`, `description`, `category_id`) VALUES (955, 'aliquam', '11959400', 'tnzb', 7, 'Voluptas quaerat eaque aut non nemo. Voluptate nobis tenetur nesciunt ipsa molestiae expedita et. Quae assumenda maxime eveniet. Porro delectus omnis aliquam eaque aut vitae id. Sed odit aut aut rerum qui occaecati.', 55);
INSERT INTO `product` (`id`, `name`, `price`, `sku`, `status`, `description`, `category_id`) VALUES (956, 'qui', '445', 'wntu', 3, 'Velit impedit mollitia quia libero voluptatibus. Unde est consequatur et et. Vitae illum quod nihil veniam unde ea molestiae. Architecto dolor est qui aut rerum velit est.', 56);
INSERT INTO `product` (`id`, `name`, `price`, `sku`, `status`, `description`, `category_id`) VALUES (957, 'odio', '366982', 'jycg', 4, 'Quia voluptas tenetur hic quia aut et culpa. Pariatur nihil ipsam rem. Veritatis ipsa dolores suscipit exercitationem vero.', 57);
INSERT INTO `product` (`id`, `name`, `price`, `sku`, `status`, `description`, `category_id`) VALUES (958, 'libero', '0', 'kyaq', 2, 'Fugiat ipsum adipisci enim enim est numquam voluptatem. Nostrum ipsa commodi libero exercitationem minus cum. Similique ut corporis corrupti ipsam.', 58);
INSERT INTO `product` (`id`, `name`, `price`, `sku`, `status`, `description`, `category_id`) VALUES (959, 'minima', '20.323', 'csrr', 1, 'Doloribus id sunt ut tempora. Sint voluptas veritatis amet et aut. Ut enim aliquam quia voluptatem ut. Numquam esse et error delectus.', 59);
INSERT INTO `product` (`id`, `name`, `price`, `sku`, `status`, `description`, `category_id`) VALUES (960, 'id', '19962500', 'cdgi', 4, 'Aperiam culpa a fuga quia facere rerum voluptatem. Est nesciunt et deleniti qui debitis nemo. Quae reprehenderit perspiciatis rerum nulla aut. Corporis voluptatem quo ipsum quae tempore quis.', 60);
INSERT INTO `product` (`id`, `name`, `price`, `sku`, `status`, `description`, `category_id`) VALUES (961, 'rerum', '247423', 'dzuz', 0, 'Quisquam est ut et quo consequatur. Omnis ducimus dolor aliquam ipsa. Nostrum velit aliquam dolores et omnis assumenda.', 61);
INSERT INTO `product` (`id`, `name`, `price`, `sku`, `status`, `description`, `category_id`) VALUES (962, 'nesciunt', '1', 'rjth', 3, 'Vitae velit consequuntur porro ut enim. Deleniti voluptatem explicabo sed corporis iusto repudiandae. Earum provident et numquam omnis provident. Omnis odit eveniet et ut neque rerum voluptatum.', 62);
INSERT INTO `product` (`id`, `name`, `price`, `sku`, `status`, `description`, `category_id`) VALUES (963, 'ut', '601512', 'pydk', 1, 'Rerum cum provident quisquam at vitae. Doloremque ullam ad placeat aut enim eos vitae. Ad deleniti a quisquam maxime ullam enim quam consequuntur.', 63);
INSERT INTO `product` (`id`, `name`, `price`, `sku`, `status`, `description`, `category_id`) VALUES (964, 'necessitatibus', '219028000', 'gyov', 8, 'Corrupti quia veritatis dicta ut quisquam error amet voluptatem. Eos animi commodi quas in nisi quia dolor est. Dolorem numquam ad aspernatur et reiciendis voluptatem sed.', 64);
INSERT INTO `product` (`id`, `name`, `price`, `sku`, `status`, `description`, `category_id`) VALUES (965, 'repellendus', '441321000', 'mwum', 4, 'Commodi at rem corporis deleniti dicta voluptatem eos voluptas. Qui facilis id omnis sed quo ad. Similique doloremque et fugiat aliquid. Rerum qui magnam rerum recusandae enim expedita.', 65);
INSERT INTO `product` (`id`, `name`, `price`, `sku`, `status`, `description`, `category_id`) VALUES (966, 'maiores', '9693.98', 'ykru', 0, 'Et ut officia ad autem ut velit. Vero dolores nam facere vel repellendus est dolor. Aperiam quam est voluptas necessitatibus ex ratione magni.', 66);
INSERT INTO `product` (`id`, `name`, `price`, `sku`, `status`, `description`, `category_id`) VALUES (967, 'aliquam', '5.63205', 'pzcj', 8, 'Deserunt aut quisquam voluptatem quo quibusdam vel. Ut voluptatem soluta vero impedit nisi tempora. Ut consequatur maxime quo ut alias.', 67);
INSERT INTO `product` (`id`, `name`, `price`, `sku`, `status`, `description`, `category_id`) VALUES (968, 'sed', '24888.1', 'ojvk', 8, 'Qui sint labore ipsam molestiae. Sequi et praesentium et placeat labore numquam debitis. Enim exercitationem dicta maxime voluptatum rerum.', 68);
INSERT INTO `product` (`id`, `name`, `price`, `sku`, `status`, `description`, `category_id`) VALUES (969, 'quis', '6835090', 'zjft', 4, 'Ut deleniti maxime ipsum dolor iusto voluptas. Quia fugit recusandae ab sunt ut. Mollitia eum cupiditate et qui quaerat excepturi. Perferendis dolores nesciunt eum sit voluptas. Necessitatibus assumenda nostrum tempora quod dolore sunt laborum.', 69);
INSERT INTO `product` (`id`, `name`, `price`, `sku`, `status`, `description`, `category_id`) VALUES (970, 'magni', '485.1', 'txyy', 3, 'In error sint et id reprehenderit laborum maxime. Deserunt dolores molestias deleniti omnis fugit maiores sint. Facere eligendi quia aliquam in laborum corporis adipisci.', 70);
INSERT INTO `product` (`id`, `name`, `price`, `sku`, `status`, `description`, `category_id`) VALUES (971, 'ut', '4.8504', 'amnb', 8, 'Accusantium tempora quod illo non veniam quibusdam unde ut. Similique praesentium non amet. Pariatur sed deleniti doloremque id blanditiis voluptatum. Fugiat ea dignissimos quod aut sed quis.', 71);
INSERT INTO `product` (`id`, `name`, `price`, `sku`, `status`, `description`, `category_id`) VALUES (972, 'ipsa', '664857', 'xefm', 3, 'Dolor aliquam quam et doloribus deserunt et iure. Quidem praesentium sint ullam dolorem esse quibusdam aut. Facilis quis ea velit autem vero.', 72);
INSERT INTO `product` (`id`, `name`, `price`, `sku`, `status`, `description`, `category_id`) VALUES (973, 'voluptatem', '61', 'vcwj', 1, 'Atque quasi nihil sed voluptatum sit ut sunt. Omnis a praesentium cumque et. Neque quia est aut facilis dolor mollitia quas non. Cum sed quibusdam placeat fugiat.', 73);
INSERT INTO `product` (`id`, `name`, `price`, `sku`, `status`, `description`, `category_id`) VALUES (974, 'rem', '5.14', 'juwc', 3, 'Consequatur a libero ullam expedita aut et harum eos. Consequuntur minus molestiae aut a. Ab non exercitationem voluptatem. Aut ea autem dolor odit tenetur natus non amet. Saepe assumenda est quidem sed officiis fugiat.', 74);
INSERT INTO `product` (`id`, `name`, `price`, `sku`, `status`, `description`, `category_id`) VALUES (975, 'maiores', '138.586', 'enwe', 1, 'Ipsam delectus aut nostrum doloremque voluptas culpa quidem. Sit sint id sapiente at. Laborum est et quaerat in.', 75);
INSERT INTO `product` (`id`, `name`, `price`, `sku`, `status`, `description`, `category_id`) VALUES (976, 'libero', '1.31001', 'wvjz', 0, 'Eius quasi consequatur minus magni et. Consequatur et aut adipisci soluta. Alias voluptatum nulla consectetur ut accusamus distinctio tempora.', 76);
INSERT INTO `product` (`id`, `name`, `price`, `sku`, `status`, `description`, `category_id`) VALUES (977, 'consequatur', '717863', 'bgpd', 3, 'Magni dolor eligendi non saepe libero. Saepe nihil voluptatum minima. Delectus tempore distinctio et est similique sunt voluptatibus. Recusandae placeat nisi repellendus modi in aliquam commodi.', 77);
INSERT INTO `product` (`id`, `name`, `price`, `sku`, `status`, `description`, `category_id`) VALUES (978, 'modi', '33.2904', 'gglb', 3, 'Sit odit dolore beatae ex. At rerum vel sunt corporis aut. Ab adipisci doloribus quibusdam neque eum dolore.', 78);
INSERT INTO `product` (`id`, `name`, `price`, `sku`, `status`, `description`, `category_id`) VALUES (979, 'asperiores', '25.356', 'wvpn', 9, 'Omnis quibusdam rerum maxime sit. Tempore magnam sunt eligendi. Aperiam nostrum dignissimos qui autem ut. Sint hic at vitae doloremque vel dolorem.', 79);
INSERT INTO `product` (`id`, `name`, `price`, `sku`, `status`, `description`, `category_id`) VALUES (980, 'quia', '58533300', 'ouvp', 8, 'Et asperiores animi nesciunt eos autem aut. Et dolores aut iste quo iusto nostrum aliquid. Dicta commodi ad commodi error natus vel.', 80);
INSERT INTO `product` (`id`, `name`, `price`, `sku`, `status`, `description`, `category_id`) VALUES (981, 'dolor', '0', 'ozfl', 0, 'Dolorem autem esse consequuntur hic sed delectus id sunt. Exercitationem quia voluptate corrupti commodi. Temporibus nulla nesciunt reiciendis. Sint voluptatem inventore quidem tenetur consequatur dolores at.', 81);
INSERT INTO `product` (`id`, `name`, `price`, `sku`, `status`, `description`, `category_id`) VALUES (982, 'voluptas', '126223000', 'eonl', 0, 'Reprehenderit voluptates assumenda tempore sunt. Iste ea aut velit ea molestiae ea.', 82);
INSERT INTO `product` (`id`, `name`, `price`, `sku`, `status`, `description`, `category_id`) VALUES (983, 'at', '584.227', 'mirr', 3, 'Et adipisci enim et delectus sed optio. Possimus quia ut autem eaque unde. Vitae aliquam quia delectus ipsam aliquam aut. Quaerat odit eos et quidem recusandae suscipit autem eius.', 83);
INSERT INTO `product` (`id`, `name`, `price`, `sku`, `status`, `description`, `category_id`) VALUES (984, 'vel', '2892730', 'mrmx', 6, 'Vel est sit aut tenetur quia enim. Sit porro omnis ut dolorum tempora ipsa consectetur. Minima at vitae repellendus sed pariatur. Magnam quis animi in laborum sequi pariatur non. Quas libero delectus dolorem dolore veritatis laboriosam laudantium.', 84);
INSERT INTO `product` (`id`, `name`, `price`, `sku`, `status`, `description`, `category_id`) VALUES (985, 'velit', '6.09476', 'bxke', 0, 'Ut explicabo recusandae quo debitis rerum suscipit. Qui veritatis nulla sit eveniet corrupti ratione ipsa vitae. Odit et dolorem et. Quia sunt eveniet id laborum. Doloribus voluptas aspernatur libero et commodi vel.', 85);
INSERT INTO `product` (`id`, `name`, `price`, `sku`, `status`, `description`, `category_id`) VALUES (986, 'omnis', '630.908', 'lrje', 9, 'Porro et dolorem eligendi maxime. Est ut nisi nulla voluptatem. Nihil est voluptatum consequatur voluptatum.', 86);
INSERT INTO `product` (`id`, `name`, `price`, `sku`, `status`, `description`, `category_id`) VALUES (987, 'voluptatem', '0', 'wdin', 2, 'Vero ipsa et eum voluptatum temporibus sunt facere. Est et quae voluptas accusamus necessitatibus. Iste cupiditate est quia deserunt voluptatem ducimus. Saepe et officiis quaerat fugiat sit inventore.', 87);
INSERT INTO `product` (`id`, `name`, `price`, `sku`, `status`, `description`, `category_id`) VALUES (988, 'dolorem', '35585000', 'hipy', 7, 'Neque nihil eos vero. Dicta et et ad est neque necessitatibus mollitia nemo. Inventore iure magni laborum quae optio sit. Sapiente optio sunt rerum.', 88);
INSERT INTO `product` (`id`, `name`, `price`, `sku`, `status`, `description`, `category_id`) VALUES (989, 'dicta', '0', 'iiul', 7, 'Voluptatem velit esse aut dolor in. Et dolorem omnis et sequi. Ipsum dignissimos voluptatem qui officiis odit. At commodi qui mollitia ad.', 89);
INSERT INTO `product` (`id`, `name`, `price`, `sku`, `status`, `description`, `category_id`) VALUES (990, 'voluptas', '103.893', 'dptt', 2, 'Minima nesciunt deleniti voluptatem rerum. Nihil voluptas odit unde voluptatem possimus. Optio perferendis rem quia laborum velit libero ut quos.', 90);
INSERT INTO `product` (`id`, `name`, `price`, `sku`, `status`, `description`, `category_id`) VALUES (991, 'dignissimos', '0.909238', 'fgaq', 4, 'Distinctio quia accusantium adipisci dolorem consequatur ut. Molestiae possimus consequatur voluptate nihil. Sed aut qui tempore dolor quo quasi modi eos. Dolores error occaecati tempore quam explicabo doloribus. Voluptatem vitae ab ullam iste sit soluta ', 91);
INSERT INTO `product` (`id`, `name`, `price`, `sku`, `status`, `description`, `category_id`) VALUES (992, 'quaerat', '0', 'jkwf', 9, 'Debitis aut et accusantium et animi nesciunt accusamus quis. Sit delectus dolorum perspiciatis velit rerum consequuntur. Ab ut voluptas omnis natus quae eum qui. Tempora eveniet eos et debitis quis. Eveniet magni maxime excepturi a perferendis reprehender', 92);
INSERT INTO `product` (`id`, `name`, `price`, `sku`, `status`, `description`, `category_id`) VALUES (993, 'qui', '34.84', 'ybxy', 9, 'Inventore quas molestiae eius porro blanditiis soluta et. Quod dolor atque necessitatibus amet quas. Et accusantium qui inventore laborum.', 93);
INSERT INTO `product` (`id`, `name`, `price`, `sku`, `status`, `description`, `category_id`) VALUES (994, 'laudantium', '671998000', 'lhxg', 5, 'Aut voluptatem sunt rerum. Nostrum fuga aut blanditiis sed. Quas possimus fugit ut ut qui odio qui. Asperiores ducimus sit ut voluptas vitae aliquid rem. Consequatur ut facere ratione.', 94);
INSERT INTO `product` (`id`, `name`, `price`, `sku`, `status`, `description`, `category_id`) VALUES (995, 'quo', '31075.4', 'hjpl', 6, 'Id ea et iure harum aliquam explicabo. Asperiores et mollitia doloremque nesciunt sunt magni rem. Temporibus deserunt architecto sequi qui et libero.', 95);
INSERT INTO `product` (`id`, `name`, `price`, `sku`, `status`, `description`, `category_id`) VALUES (996, 'et', '173463', 'kjeh', 3, 'Fugiat rerum voluptatem non. Qui nisi commodi magnam nulla explicabo laboriosam rerum. Voluptas saepe necessitatibus voluptatibus minima. Dolores deserunt neque et molestias reprehenderit.', 96);
INSERT INTO `product` (`id`, `name`, `price`, `sku`, `status`, `description`, `category_id`) VALUES (997, 'dolores', '3.14117', 'rmjy', 9, 'Cum dicta id eum culpa pariatur nihil et. Itaque sunt dolorem rerum unde quod ut vitae. Et optio ex magnam excepturi similique ut architecto voluptas.', 97);
INSERT INTO `product` (`id`, `name`, `price`, `sku`, `status`, `description`, `category_id`) VALUES (998, 'maxime', '2.52', 'kjzy', 9, 'Quibusdam occaecati sint et enim aliquam illum exercitationem alias. Illo ut repellat aliquid qui. Ab eius ipsa inventore voluptatibus quod optio quas.', 98);
INSERT INTO `product` (`id`, `name`, `price`, `sku`, `status`, `description`, `category_id`) VALUES (999, 'illo', '38429300', 'ghbu', 9, 'Iusto sit veniam inventore ipsam praesentium labore. Et illum rerum amet nihil ipsa atque quaerat. Ut quis nihil cum reprehenderit tenetur inventore rerum. Reiciendis omnis quod similique neque repudiandae dignissimos.', 99);
INSERT INTO `product` (`id`, `name`, `price`, `sku`, `status`, `description`, `category_id`) VALUES (1000, 'tempore', '18889600', 'mres', 0, 'Eligendi libero molestiae voluptates voluptatibus rem. Ab illum provident in perferendis error. Saepe quae ut consectetur a dolorem sit harum.', 100);


#
# TABLE STRUCTURE FOR: province
#

DROP TABLE IF EXISTS `province`;

CREATE TABLE `province` (
  `id` mediumint(8) unsigned NOT NULL AUTO_INCREMENT,
  `code` varchar(10) COLLATE utf8mb4_unicode_ci DEFAULT NULL,
  `name` varchar(100) COLLATE utf8mb4_unicode_ci DEFAULT NULL,
  PRIMARY KEY (`id`),
  UNIQUE KEY `code` (`code`)
) ENGINE=InnoDB AUTO_INCREMENT=21 DEFAULT CHARSET=utf8mb4 COLLATE=utf8mb4_unicode_ci;

INSERT INTO `province` (`id`, `code`, `name`) VALUES (1, 'rozl', 'blanditiis');
INSERT INTO `province` (`id`, `code`, `name`) VALUES (2, 'uuti', 'doloribus');
INSERT INTO `province` (`id`, `code`, `name`) VALUES (3, 'jenf', 'iusto');
INSERT INTO `province` (`id`, `code`, `name`) VALUES (4, 'jpkc', 'pariatur');
INSERT INTO `province` (`id`, `code`, `name`) VALUES (5, 'alfg', 'omnis');
INSERT INTO `province` (`id`, `code`, `name`) VALUES (6, 'upfi', 'sed');
INSERT INTO `province` (`id`, `code`, `name`) VALUES (7, 'rdeb', 'eligendi');
INSERT INTO `province` (`id`, `code`, `name`) VALUES (8, 'nptb', 'maxime');
INSERT INTO `province` (`id`, `code`, `name`) VALUES (9, 'lsbo', 'qui');
INSERT INTO `province` (`id`, `code`, `name`) VALUES (10, 'vcek', 'voluptatum');
INSERT INTO `province` (`id`, `code`, `name`) VALUES (11, 'wzma', 'sit');
INSERT INTO `province` (`id`, `code`, `name`) VALUES (12, 'wyvv', 'iste');
INSERT INTO `province` (`id`, `code`, `name`) VALUES (13, 'bajm', 'ducimus');
INSERT INTO `province` (`id`, `code`, `name`) VALUES (14, 'ogjj', 'consequatur');
INSERT INTO `province` (`id`, `code`, `name`) VALUES (15, 'cocw', 'in');
INSERT INTO `province` (`id`, `code`, `name`) VALUES (16, 'imgo', 'sit');
INSERT INTO `province` (`id`, `code`, `name`) VALUES (17, 'jdkc', 'officiis');
INSERT INTO `province` (`id`, `code`, `name`) VALUES (18, 'zxbl', 'autem');
INSERT INTO `province` (`id`, `code`, `name`) VALUES (19, 'mwou', 'consequatur');
INSERT INTO `province` (`id`, `code`, `name`) VALUES (20, 'ulti', 'eaque');


#
# TABLE STRUCTURE FOR: warehouse
#

DROP TABLE IF EXISTS `warehouse`;

CREATE TABLE `warehouse` (
  `id` mediumint(8) unsigned NOT NULL AUTO_INCREMENT,
  `name` varchar(100) COLLATE utf8mb4_unicode_ci DEFAULT NULL,
  `address` varchar(255) COLLATE utf8mb4_unicode_ci DEFAULT NULL,
  `status` tinyint(4) DEFAULT NULL,
  `province_id` mediumint(8) unsigned DEFAULT NULL,
  `district_id` mediumint(8) unsigned DEFAULT NULL,
  PRIMARY KEY (`id`),
  KEY `province_id` (`province_id`),
  KEY `district_id` (`district_id`),
  CONSTRAINT `warehouse_ibfk_1` FOREIGN KEY (`province_id`) REFERENCES `province` (`id`),
  CONSTRAINT `warehouse_ibfk_2` FOREIGN KEY (`district_id`) REFERENCES `district` (`id`)
) ENGINE=InnoDB AUTO_INCREMENT=101 DEFAULT CHARSET=utf8mb4 COLLATE=utf8mb4_unicode_ci;

INSERT INTO `warehouse` (`id`, `name`, `address`, `status`, `province_id`, `district_id`) VALUES (1, 'laborum', '099 Hudson Valley\nNorth Shakiratown, DC 85623', 6, 1, 1);
INSERT INTO `warehouse` (`id`, `name`, `address`, `status`, `province_id`, `district_id`) VALUES (2, 'facilis', '0735 Kamille Course Apt. 128\nSouth Winfield, NV 89964-8185', 9, 2, 2);
INSERT INTO `warehouse` (`id`, `name`, `address`, `status`, `province_id`, `district_id`) VALUES (3, 'nam', '31598 Konopelski River Suite 178\nHaileymouth, MD 01107', 5, 3, 3);
INSERT INTO `warehouse` (`id`, `name`, `address`, `status`, `province_id`, `district_id`) VALUES (4, 'dolorum', '5990 Deron Crescent Suite 732\nEast Zacheryside, WA 83935', 7, 4, 4);
INSERT INTO `warehouse` (`id`, `name`, `address`, `status`, `province_id`, `district_id`) VALUES (5, 'inventore', '725 O\'Keefe Squares Apt. 128\nSouth Kieraport, SC 88151-6298', 9, 5, 5);
INSERT INTO `warehouse` (`id`, `name`, `address`, `status`, `province_id`, `district_id`) VALUES (6, 'natus', '53587 Luis Trace Apt. 839\nEast Ritaview, FL 69038', 1, 6, 6);
INSERT INTO `warehouse` (`id`, `name`, `address`, `status`, `province_id`, `district_id`) VALUES (7, 'esse', '093 Korey Dale Apt. 400\nSouth Mitchell, HI 56560', 6, 7, 7);
INSERT INTO `warehouse` (`id`, `name`, `address`, `status`, `province_id`, `district_id`) VALUES (8, 'ut', '315 Miracle Stravenue Suite 261\nMcKenzieport, WA 64942', 7, 8, 8);
INSERT INTO `warehouse` (`id`, `name`, `address`, `status`, `province_id`, `district_id`) VALUES (9, 'sit', '61622 Stoltenberg Coves Apt. 915\nNorth Domenickshire, OH 43392-7607', 5, 9, 9);
INSERT INTO `warehouse` (`id`, `name`, `address`, `status`, `province_id`, `district_id`) VALUES (10, 'ab', '0810 Linnie Passage\nNorth Armand, MN 12633-6189', 1, 10, 10);
INSERT INTO `warehouse` (`id`, `name`, `address`, `status`, `province_id`, `district_id`) VALUES (11, 'cupiditate', '4738 Brielle Corner Suite 798\nPort Arielburgh, WA 49885-3411', 8, 11, 11);
INSERT INTO `warehouse` (`id`, `name`, `address`, `status`, `province_id`, `district_id`) VALUES (12, 'eos', '01899 Jaime Points Apt. 412\nHirtheville, NC 72886-4399', 8, 12, 12);
INSERT INTO `warehouse` (`id`, `name`, `address`, `status`, `province_id`, `district_id`) VALUES (13, 'tempora', '6206 Runolfsson Place Suite 981\nLake Rosemarie, KS 67516-3808', 1, 13, 13);
INSERT INTO `warehouse` (`id`, `name`, `address`, `status`, `province_id`, `district_id`) VALUES (14, 'repudiandae', '7207 Stehr Ferry Apt. 885\nAlaynabury, MT 43841-1186', 1, 14, 14);
INSERT INTO `warehouse` (`id`, `name`, `address`, `status`, `province_id`, `district_id`) VALUES (15, 'voluptas', '6751 Shanahan Landing Apt. 836\nSchimmelfort, SD 88352', 8, 15, 15);
INSERT INTO `warehouse` (`id`, `name`, `address`, `status`, `province_id`, `district_id`) VALUES (16, 'dolorum', '70707 Feil Avenue\nReillymouth, MI 24225', 7, 16, 16);
INSERT INTO `warehouse` (`id`, `name`, `address`, `status`, `province_id`, `district_id`) VALUES (17, 'esse', '7747 Emmy Ford Suite 771\nCassandrefurt, MT 88842-8860', 4, 17, 17);
INSERT INTO `warehouse` (`id`, `name`, `address`, `status`, `province_id`, `district_id`) VALUES (18, 'distinctio', '6747 Martina Junctions Suite 940\nLambertview, WI 96316-8624', 9, 18, 18);
INSERT INTO `warehouse` (`id`, `name`, `address`, `status`, `province_id`, `district_id`) VALUES (19, 'et', '624 Darion Mews Apt. 398\nRobelside, SC 98907', 5, 19, 19);
INSERT INTO `warehouse` (`id`, `name`, `address`, `status`, `province_id`, `district_id`) VALUES (20, 'est', '358 Polly Roads\nLake Brandt, FL 71866', 3, 20, 20);
INSERT INTO `warehouse` (`id`, `name`, `address`, `status`, `province_id`, `district_id`) VALUES (21, 'ab', '66251 Darlene Center\nEstelborough, AK 51675-5346', 4, 1, 1);
INSERT INTO `warehouse` (`id`, `name`, `address`, `status`, `province_id`, `district_id`) VALUES (22, 'voluptatem', '04936 Buckridge Parkway Apt. 140\nMarkbury, MN 71588', 1, 2, 2);
INSERT INTO `warehouse` (`id`, `name`, `address`, `status`, `province_id`, `district_id`) VALUES (23, 'est', '2673 Tyrique Crescent\nLake Willafort, VT 51155', 9, 3, 3);
INSERT INTO `warehouse` (`id`, `name`, `address`, `status`, `province_id`, `district_id`) VALUES (24, 'accusamus', '625 Klein Drive\nLake Leila, IN 24855-2535', 2, 4, 4);
INSERT INTO `warehouse` (`id`, `name`, `address`, `status`, `province_id`, `district_id`) VALUES (25, 'eum', '2066 Seamus Wall Apt. 536\nNew Maudie, CA 17267', 5, 5, 5);
INSERT INTO `warehouse` (`id`, `name`, `address`, `status`, `province_id`, `district_id`) VALUES (26, 'iure', '6261 Kunde Cliff\nSouth Kelleyview, ID 14052', 3, 6, 6);
INSERT INTO `warehouse` (`id`, `name`, `address`, `status`, `province_id`, `district_id`) VALUES (27, 'et', '72327 Cummerata Streets Suite 590\nNew Whitneyburgh, MI 25435-5871', 1, 7, 7);
INSERT INTO `warehouse` (`id`, `name`, `address`, `status`, `province_id`, `district_id`) VALUES (28, 'voluptatibus', '894 Hammes Street\nPort Gwen, SC 52393-5697', 4, 8, 8);
INSERT INTO `warehouse` (`id`, `name`, `address`, `status`, `province_id`, `district_id`) VALUES (29, 'eaque', '5880 Ettie Pines\nLake Zackport, UT 75220', 4, 9, 9);
INSERT INTO `warehouse` (`id`, `name`, `address`, `status`, `province_id`, `district_id`) VALUES (30, 'soluta', '316 Senger Roads\nCedrickville, IL 71449', 3, 10, 10);
INSERT INTO `warehouse` (`id`, `name`, `address`, `status`, `province_id`, `district_id`) VALUES (31, 'nobis', '7773 Walsh Isle\nSouth Ashtontown, FL 79292', 9, 11, 11);
INSERT INTO `warehouse` (`id`, `name`, `address`, `status`, `province_id`, `district_id`) VALUES (32, 'dolorum', '277 Logan Dam\nBrownside, NJ 95657', 7, 12, 12);
INSERT INTO `warehouse` (`id`, `name`, `address`, `status`, `province_id`, `district_id`) VALUES (33, 'sed', '9094 Schoen Avenue\nSouth Cassandraberg, OR 73081', 7, 13, 13);
INSERT INTO `warehouse` (`id`, `name`, `address`, `status`, `province_id`, `district_id`) VALUES (34, 'quam', '2171 Graham Fords\nPort Virginia, NV 57938-1053', 4, 14, 14);
INSERT INTO `warehouse` (`id`, `name`, `address`, `status`, `province_id`, `district_id`) VALUES (35, 'aut', '29865 Clinton Cove\nNorth Myrtis, AL 75841-3837', 8, 15, 15);
INSERT INTO `warehouse` (`id`, `name`, `address`, `status`, `province_id`, `district_id`) VALUES (36, 'quia', '08711 Brisa Way\nKayaport, MS 41558', 1, 16, 16);
INSERT INTO `warehouse` (`id`, `name`, `address`, `status`, `province_id`, `district_id`) VALUES (37, 'molestiae', '3186 Hilpert Stravenue Apt. 010\nEast Jacynthe, LA 65414-7622', 6, 17, 17);
INSERT INTO `warehouse` (`id`, `name`, `address`, `status`, `province_id`, `district_id`) VALUES (38, 'quis', '089 Stroman Island Apt. 014\nSouth Earlinefort, MI 49747', 7, 18, 18);
INSERT INTO `warehouse` (`id`, `name`, `address`, `status`, `province_id`, `district_id`) VALUES (39, 'esse', '31962 Florine Mountains Apt. 948\nWest Antoninaland, UT 37644', 9, 19, 19);
INSERT INTO `warehouse` (`id`, `name`, `address`, `status`, `province_id`, `district_id`) VALUES (40, 'amet', '8291 Quitzon Via\nPort Peterfurt, PA 03495', 3, 20, 20);
INSERT INTO `warehouse` (`id`, `name`, `address`, `status`, `province_id`, `district_id`) VALUES (41, 'rem', '6621 Upton Keys\nTerryshire, TN 98452-0050', 5, 1, 1);
INSERT INTO `warehouse` (`id`, `name`, `address`, `status`, `province_id`, `district_id`) VALUES (42, 'odit', '959 Marks Mountains Suite 767\nKatelynnstad, SD 73071', 9, 2, 2);
INSERT INTO `warehouse` (`id`, `name`, `address`, `status`, `province_id`, `district_id`) VALUES (43, 'illo', '05896 Obie Walk Suite 906\nBonniestad, NE 81360', 5, 3, 3);
INSERT INTO `warehouse` (`id`, `name`, `address`, `status`, `province_id`, `district_id`) VALUES (44, 'in', '5061 Aurelia Flats Suite 577\nVivienburgh, MO 22716', 3, 4, 4);
INSERT INTO `warehouse` (`id`, `name`, `address`, `status`, `province_id`, `district_id`) VALUES (45, 'totam', '6784 Collier Lock Suite 563\nNorth Jordanefurt, LA 90555', 7, 5, 5);
INSERT INTO `warehouse` (`id`, `name`, `address`, `status`, `province_id`, `district_id`) VALUES (46, 'sit', '5871 Murphy Mountains\nEast Sandy, KS 15507', 6, 6, 6);
INSERT INTO `warehouse` (`id`, `name`, `address`, `status`, `province_id`, `district_id`) VALUES (47, 'facere', '032 Chanelle Garden\nPfannerstillfurt, ID 02542', 6, 7, 7);
INSERT INTO `warehouse` (`id`, `name`, `address`, `status`, `province_id`, `district_id`) VALUES (48, 'fugiat', '0338 Doyle Walk Apt. 080\nNew Devonchester, DC 52851', 6, 8, 8);
INSERT INTO `warehouse` (`id`, `name`, `address`, `status`, `province_id`, `district_id`) VALUES (49, 'voluptas', '20948 Devan Village\nNew Ardithshire, NY 50109', 7, 9, 9);
INSERT INTO `warehouse` (`id`, `name`, `address`, `status`, `province_id`, `district_id`) VALUES (50, 'consequatur', '548 Lexus Ports Suite 844\nNew Columbusland, AR 88307', 4, 10, 10);
INSERT INTO `warehouse` (`id`, `name`, `address`, `status`, `province_id`, `district_id`) VALUES (51, 'voluptatem', '65689 Langworth Course Suite 451\nAbbottfurt, NE 02961-7370', 5, 11, 11);
INSERT INTO `warehouse` (`id`, `name`, `address`, `status`, `province_id`, `district_id`) VALUES (52, 'doloremque', '38404 DuBuque Forest\nHymanborough, HI 24570-0684', 1, 12, 12);
INSERT INTO `warehouse` (`id`, `name`, `address`, `status`, `province_id`, `district_id`) VALUES (53, 'eveniet', '864 O\'Conner Summit\nPort Magdalenmouth, OR 91418', 1, 13, 13);
INSERT INTO `warehouse` (`id`, `name`, `address`, `status`, `province_id`, `district_id`) VALUES (54, 'debitis', '33681 Nikita Track\nBranditown, WA 88912', 2, 14, 14);
INSERT INTO `warehouse` (`id`, `name`, `address`, `status`, `province_id`, `district_id`) VALUES (55, 'ratione', '93637 Domenick View Apt. 050\nBayerville, ME 90374', 9, 15, 15);
INSERT INTO `warehouse` (`id`, `name`, `address`, `status`, `province_id`, `district_id`) VALUES (56, 'occaecati', '021 Douglas Run Suite 042\nHayesmouth, WI 56102-0017', 4, 16, 16);
INSERT INTO `warehouse` (`id`, `name`, `address`, `status`, `province_id`, `district_id`) VALUES (57, 'ipsum', '909 Borer Freeway Apt. 222\nSouth Bernhardview, OH 91045-3527', 2, 17, 17);
INSERT INTO `warehouse` (`id`, `name`, `address`, `status`, `province_id`, `district_id`) VALUES (58, 'doloribus', '6440 Lebsack Hill Suite 936\nBayershire, NM 20663-5322', 4, 18, 18);
INSERT INTO `warehouse` (`id`, `name`, `address`, `status`, `province_id`, `district_id`) VALUES (59, 'nihil', '5530 Della Cove Suite 317\nRutherfordview, KY 26548-3897', 1, 19, 19);
INSERT INTO `warehouse` (`id`, `name`, `address`, `status`, `province_id`, `district_id`) VALUES (60, 'dolorum', '5863 Corbin Fields\nHobartport, ME 41804-7115', 3, 20, 20);
INSERT INTO `warehouse` (`id`, `name`, `address`, `status`, `province_id`, `district_id`) VALUES (61, 'labore', '4709 Turner Roads\nWest Amara, OH 74373', 5, 1, 1);
INSERT INTO `warehouse` (`id`, `name`, `address`, `status`, `province_id`, `district_id`) VALUES (62, 'rem', '76556 Korbin Spur\nWest Madyson, OK 89057-5178', 3, 2, 2);
INSERT INTO `warehouse` (`id`, `name`, `address`, `status`, `province_id`, `district_id`) VALUES (63, 'tenetur', '98039 Joany Causeway\nNorth Rileyton, NM 17732', 6, 3, 3);
INSERT INTO `warehouse` (`id`, `name`, `address`, `status`, `province_id`, `district_id`) VALUES (64, 'vitae', '626 Goldner Plains Apt. 327\nPort Clydeview, AK 80563', 7, 4, 4);
INSERT INTO `warehouse` (`id`, `name`, `address`, `status`, `province_id`, `district_id`) VALUES (65, 'quos', '21396 Destany Lock\nCadenview, DC 80957-1923', 5, 5, 5);
INSERT INTO `warehouse` (`id`, `name`, `address`, `status`, `province_id`, `district_id`) VALUES (66, 'quia', '1491 Hintz Crossroad\nKurtismouth, TN 23792-6213', 8, 6, 6);
INSERT INTO `warehouse` (`id`, `name`, `address`, `status`, `province_id`, `district_id`) VALUES (67, 'sequi', '1614 Yundt Expressway Apt. 993\nChesleyview, NE 85229', 8, 7, 7);
INSERT INTO `warehouse` (`id`, `name`, `address`, `status`, `province_id`, `district_id`) VALUES (68, 'laborum', '930 Bernhard Keys\nLangfort, AK 78529-5353', 1, 8, 8);
INSERT INTO `warehouse` (`id`, `name`, `address`, `status`, `province_id`, `district_id`) VALUES (69, 'et', '30525 O\'Conner Throughway\nPort Rossie, WA 80224', 4, 9, 9);
INSERT INTO `warehouse` (`id`, `name`, `address`, `status`, `province_id`, `district_id`) VALUES (70, 'velit', '65730 Beier Station\nNew Shawnaville, CO 35753-3012', 6, 10, 10);
INSERT INTO `warehouse` (`id`, `name`, `address`, `status`, `province_id`, `district_id`) VALUES (71, 'quam', '13473 Sandra River Suite 595\nCarissamouth, NE 49744-9428', 9, 11, 11);
INSERT INTO `warehouse` (`id`, `name`, `address`, `status`, `province_id`, `district_id`) VALUES (72, 'unde', '449 Georgette Streets\nGrantstad, FL 47204', 3, 12, 12);
INSERT INTO `warehouse` (`id`, `name`, `address`, `status`, `province_id`, `district_id`) VALUES (73, 'consequatur', '740 Maybelle Landing Apt. 181\nEffertzburgh, IL 78959', 6, 13, 13);
INSERT INTO `warehouse` (`id`, `name`, `address`, `status`, `province_id`, `district_id`) VALUES (74, 'ratione', '233 Weber Place Apt. 111\nNew Federicohaven, KS 98320-8161', 6, 14, 14);
INSERT INTO `warehouse` (`id`, `name`, `address`, `status`, `province_id`, `district_id`) VALUES (75, 'vel', '755 Batz Tunnel Apt. 683\nWehnerberg, RI 02861', 1, 15, 15);
INSERT INTO `warehouse` (`id`, `name`, `address`, `status`, `province_id`, `district_id`) VALUES (76, 'qui', '0398 Marquardt Gardens\nNeldabury, MN 41829', 7, 16, 16);
INSERT INTO `warehouse` (`id`, `name`, `address`, `status`, `province_id`, `district_id`) VALUES (77, 'est', '93143 Jeramie Lock Suite 098\nHershelport, MN 49840', 7, 17, 17);
INSERT INTO `warehouse` (`id`, `name`, `address`, `status`, `province_id`, `district_id`) VALUES (78, 'ex', '255 Deon Rue Apt. 819\nNorth Piperberg, VT 45701-3364', 7, 18, 18);
INSERT INTO `warehouse` (`id`, `name`, `address`, `status`, `province_id`, `district_id`) VALUES (79, 'eum', '980 Barrows Oval Suite 619\nHermantown, MT 26349', 2, 19, 19);
INSERT INTO `warehouse` (`id`, `name`, `address`, `status`, `province_id`, `district_id`) VALUES (80, 'labore', '931 Ilene Hollow\nSouth Margaretta, GA 33148', 1, 20, 20);
INSERT INTO `warehouse` (`id`, `name`, `address`, `status`, `province_id`, `district_id`) VALUES (81, 'aliquid', '12737 Weissnat Circle\nNorth Elna, WA 89798-9707', 7, 1, 1);
INSERT INTO `warehouse` (`id`, `name`, `address`, `status`, `province_id`, `district_id`) VALUES (82, 'molestiae', '578 Jonathon Track\nHoytshire, NY 54931-8521', 3, 2, 2);
INSERT INTO `warehouse` (`id`, `name`, `address`, `status`, `province_id`, `district_id`) VALUES (83, 'repudiandae', '05267 Delia Knoll\nAmosbury, AR 78876-5190', 3, 3, 3);
INSERT INTO `warehouse` (`id`, `name`, `address`, `status`, `province_id`, `district_id`) VALUES (84, 'porro', '7556 Jacynthe View\nWest Eulahchester, ME 92377', 2, 4, 4);
INSERT INTO `warehouse` (`id`, `name`, `address`, `status`, `province_id`, `district_id`) VALUES (85, 'maxime', '244 Saul Freeway Apt. 229\nNew Kamryn, MS 76027', 8, 5, 5);
INSERT INTO `warehouse` (`id`, `name`, `address`, `status`, `province_id`, `district_id`) VALUES (86, 'adipisci', '94937 Hilll Walk Apt. 984\nNew Elmoton, WI 24120-4188', 2, 6, 6);
INSERT INTO `warehouse` (`id`, `name`, `address`, `status`, `province_id`, `district_id`) VALUES (87, 'saepe', '46346 Hammes Drives\nTitoton, AL 22138', 2, 7, 7);
INSERT INTO `warehouse` (`id`, `name`, `address`, `status`, `province_id`, `district_id`) VALUES (88, 'omnis', '610 Ivah Shoals\nWolftown, DC 51793-6720', 3, 8, 8);
INSERT INTO `warehouse` (`id`, `name`, `address`, `status`, `province_id`, `district_id`) VALUES (89, 'ea', '600 Jordy Village\nGoyetteview, NM 64572', 9, 9, 9);
INSERT INTO `warehouse` (`id`, `name`, `address`, `status`, `province_id`, `district_id`) VALUES (90, 'omnis', '1623 Spencer Cliff\nLake Sarah, IN 73744-6934', 1, 10, 10);
INSERT INTO `warehouse` (`id`, `name`, `address`, `status`, `province_id`, `district_id`) VALUES (91, 'qui', '3251 O\'Connell Island\nNorth Furmanmouth, AR 46487', 6, 11, 11);
INSERT INTO `warehouse` (`id`, `name`, `address`, `status`, `province_id`, `district_id`) VALUES (92, 'officiis', '59919 Mason Pines Suite 073\nNew Zora, NJ 65820-4606', 2, 12, 12);
INSERT INTO `warehouse` (`id`, `name`, `address`, `status`, `province_id`, `district_id`) VALUES (93, 'eveniet', '25906 Jaskolski Lane Suite 239\nEdafort, OK 43800-4680', 8, 13, 13);
INSERT INTO `warehouse` (`id`, `name`, `address`, `status`, `province_id`, `district_id`) VALUES (94, 'in', '8402 Chanelle Cliff Apt. 721\nWest Caleb, IA 97449', 9, 14, 14);
INSERT INTO `warehouse` (`id`, `name`, `address`, `status`, `province_id`, `district_id`) VALUES (95, 'aut', '6850 Weissnat Creek\nNorth Mariamville, KS 74224', 2, 15, 15);
INSERT INTO `warehouse` (`id`, `name`, `address`, `status`, `province_id`, `district_id`) VALUES (96, 'molestiae', '3119 Noemi View Suite 852\nMaiyaberg, VT 93614-7777', 8, 16, 16);
INSERT INTO `warehouse` (`id`, `name`, `address`, `status`, `province_id`, `district_id`) VALUES (97, 'quidem', '66914 Krajcik Point\nEast Jaime, HI 18859-3769', 2, 17, 17);
INSERT INTO `warehouse` (`id`, `name`, `address`, `status`, `province_id`, `district_id`) VALUES (98, 'consectetur', '27824 Herminia Union Suite 235\nWest Myrnastad, NC 21226', 9, 18, 18);
INSERT INTO `warehouse` (`id`, `name`, `address`, `status`, `province_id`, `district_id`) VALUES (99, 'qui', '967 Hagenes Turnpike\nKevinfort, NH 41128', 9, 19, 19);
INSERT INTO `warehouse` (`id`, `name`, `address`, `status`, `province_id`, `district_id`) VALUES (100, 'ducimus', '12431 Schumm Roads\nCasperborough, DC 98175-9043', 8, 20, 20);


#
# TABLE STRUCTURE FOR: warehouse_product
#

DROP TABLE IF EXISTS `warehouse_product`;

CREATE TABLE `warehouse_product` (
  `id` mediumint(8) unsigned NOT NULL AUTO_INCREMENT,
  `product_id` mediumint(8) unsigned DEFAULT NULL,
  `warehouse_id` mediumint(8) unsigned DEFAULT NULL,
  `inventory` mediumint(9) DEFAULT NULL,
  `total_import` mediumint(8) unsigned DEFAULT NULL,
  `total_export` mediumint(8) unsigned DEFAULT NULL,
  `start_date` datetime DEFAULT NULL,
  `expired_date` datetime DEFAULT NULL,
  PRIMARY KEY (`id`),
  KEY `product_id` (`product_id`),
  KEY `warehouse_id` (`warehouse_id`),
  CONSTRAINT `warehouse_product_ibfk_1` FOREIGN KEY (`product_id`) REFERENCES `product` (`id`),
  CONSTRAINT `warehouse_product_ibfk_2` FOREIGN KEY (`warehouse_id`) REFERENCES `warehouse` (`id`)
) ENGINE=InnoDB AUTO_INCREMENT=201 DEFAULT CHARSET=utf8mb4 COLLATE=utf8mb4_unicode_ci;

INSERT INTO `warehouse_product` (`id`, `product_id`, `warehouse_id`, `inventory`, `total_import`, `total_export`, `start_date`, `expired_date`) VALUES (1, 1, 1, 8388607, 42, 7047, '1974-09-07 03:07:45', '1973-12-09 21:28:29');
INSERT INTO `warehouse_product` (`id`, `product_id`, `warehouse_id`, `inventory`, `total_import`, `total_export`, `start_date`, `expired_date`) VALUES (2, 2, 2, 8388607, 16777215, 626283, '2001-01-29 08:59:17', '1998-06-14 00:07:18');
INSERT INTO `warehouse_product` (`id`, `product_id`, `warehouse_id`, `inventory`, `total_import`, `total_export`, `start_date`, `expired_date`) VALUES (3, 3, 3, 341169, 8705, 16777215, '2015-01-08 20:14:39', '1996-01-05 14:38:27');
INSERT INTO `warehouse_product` (`id`, `product_id`, `warehouse_id`, `inventory`, `total_import`, `total_export`, `start_date`, `expired_date`) VALUES (4, 4, 4, 16, 16777215, 3713, '2014-10-26 05:53:58', '1977-03-06 02:06:26');
INSERT INTO `warehouse_product` (`id`, `product_id`, `warehouse_id`, `inventory`, `total_import`, `total_export`, `start_date`, `expired_date`) VALUES (5, 5, 5, 33, 221, 0, '1991-09-05 19:18:57', '2015-08-31 18:00:52');
INSERT INTO `warehouse_product` (`id`, `product_id`, `warehouse_id`, `inventory`, `total_import`, `total_export`, `start_date`, `expired_date`) VALUES (6, 6, 6, 395122, 0, 16777215, '1997-09-04 23:05:24', '2008-04-14 12:04:43');
INSERT INTO `warehouse_product` (`id`, `product_id`, `warehouse_id`, `inventory`, `total_import`, `total_export`, `start_date`, `expired_date`) VALUES (7, 7, 7, 8388607, 16777215, 1983488, '1996-05-17 04:25:12', '2002-04-26 18:07:17');
INSERT INTO `warehouse_product` (`id`, `product_id`, `warehouse_id`, `inventory`, `total_import`, `total_export`, `start_date`, `expired_date`) VALUES (8, 8, 8, 0, 77227, 0, '1993-03-29 09:26:26', '1991-06-21 11:58:30');
INSERT INTO `warehouse_product` (`id`, `product_id`, `warehouse_id`, `inventory`, `total_import`, `total_export`, `start_date`, `expired_date`) VALUES (9, 9, 9, 0, 16777215, 78757, '1983-03-20 14:30:50', '1996-05-27 18:11:04');
INSERT INTO `warehouse_product` (`id`, `product_id`, `warehouse_id`, `inventory`, `total_import`, `total_export`, `start_date`, `expired_date`) VALUES (10, 10, 10, 8388607, 87, 8997710, '1989-01-31 16:54:13', '1974-06-13 21:54:20');
INSERT INTO `warehouse_product` (`id`, `product_id`, `warehouse_id`, `inventory`, `total_import`, `total_export`, `start_date`, `expired_date`) VALUES (11, 11, 11, 8388607, 934, 0, '1973-01-08 01:04:43', '2017-10-10 17:22:09');
INSERT INTO `warehouse_product` (`id`, `product_id`, `warehouse_id`, `inventory`, `total_import`, `total_export`, `start_date`, `expired_date`) VALUES (12, 12, 12, 7243620, 688209, 16777215, '1982-04-02 19:04:59', '2003-09-30 14:53:25');
INSERT INTO `warehouse_product` (`id`, `product_id`, `warehouse_id`, `inventory`, `total_import`, `total_export`, `start_date`, `expired_date`) VALUES (13, 13, 13, 63768, 96588, 5006, '1971-02-03 08:44:43', '1977-07-16 02:02:06');
INSERT INTO `warehouse_product` (`id`, `product_id`, `warehouse_id`, `inventory`, `total_import`, `total_export`, `start_date`, `expired_date`) VALUES (14, 14, 14, 7351, 0, 8848, '2016-08-17 06:44:24', '2005-01-04 09:41:17');
INSERT INTO `warehouse_product` (`id`, `product_id`, `warehouse_id`, `inventory`, `total_import`, `total_export`, `start_date`, `expired_date`) VALUES (15, 15, 15, 62, 913, 8, '2006-08-17 03:56:35', '1985-12-04 10:14:04');
INSERT INTO `warehouse_product` (`id`, `product_id`, `warehouse_id`, `inventory`, `total_import`, `total_export`, `start_date`, `expired_date`) VALUES (16, 16, 16, 8388607, 16777215, 0, '2003-06-11 06:16:38', '2004-05-06 02:39:08');
INSERT INTO `warehouse_product` (`id`, `product_id`, `warehouse_id`, `inventory`, `total_import`, `total_export`, `start_date`, `expired_date`) VALUES (17, 17, 17, 0, 70, 16777215, '1996-01-16 04:19:46', '2016-06-07 07:17:17');
INSERT INTO `warehouse_product` (`id`, `product_id`, `warehouse_id`, `inventory`, `total_import`, `total_export`, `start_date`, `expired_date`) VALUES (18, 18, 18, 54, 946, 72, '1973-07-28 03:55:47', '1972-09-28 14:26:40');
INSERT INTO `warehouse_product` (`id`, `product_id`, `warehouse_id`, `inventory`, `total_import`, `total_export`, `start_date`, `expired_date`) VALUES (19, 19, 19, 423794, 176, 865, '2003-01-29 11:08:12', '1972-08-28 16:35:36');
INSERT INTO `warehouse_product` (`id`, `product_id`, `warehouse_id`, `inventory`, `total_import`, `total_export`, `start_date`, `expired_date`) VALUES (20, 20, 20, 3168, 3553, 262, '2008-01-13 18:32:20', '1991-10-26 02:03:48');
INSERT INTO `warehouse_product` (`id`, `product_id`, `warehouse_id`, `inventory`, `total_import`, `total_export`, `start_date`, `expired_date`) VALUES (21, 21, 21, 2, 94, 16777215, '2007-08-20 11:14:38', '2008-11-16 12:17:40');
INSERT INTO `warehouse_product` (`id`, `product_id`, `warehouse_id`, `inventory`, `total_import`, `total_export`, `start_date`, `expired_date`) VALUES (22, 22, 22, 1, 9, 497870, '1992-11-23 13:48:08', '2021-08-15 12:27:29');
INSERT INTO `warehouse_product` (`id`, `product_id`, `warehouse_id`, `inventory`, `total_import`, `total_export`, `start_date`, `expired_date`) VALUES (23, 23, 23, 793, 16777215, 16777215, '2006-12-13 13:58:21', '2012-02-01 21:21:35');
INSERT INTO `warehouse_product` (`id`, `product_id`, `warehouse_id`, `inventory`, `total_import`, `total_export`, `start_date`, `expired_date`) VALUES (24, 24, 24, 0, 84521, 427, '1981-06-04 11:35:41', '1990-02-03 20:39:01');
INSERT INTO `warehouse_product` (`id`, `product_id`, `warehouse_id`, `inventory`, `total_import`, `total_export`, `start_date`, `expired_date`) VALUES (25, 25, 25, 0, 2, 16777215, '1977-04-15 09:31:44', '1978-08-11 08:12:37');
INSERT INTO `warehouse_product` (`id`, `product_id`, `warehouse_id`, `inventory`, `total_import`, `total_export`, `start_date`, `expired_date`) VALUES (26, 26, 26, 76669, 4476, 79, '2020-08-17 10:30:04', '1993-06-11 13:11:09');
INSERT INTO `warehouse_product` (`id`, `product_id`, `warehouse_id`, `inventory`, `total_import`, `total_export`, `start_date`, `expired_date`) VALUES (27, 27, 27, 420, 4, 16777215, '1982-04-13 13:24:55', '1994-10-06 02:04:59');
INSERT INTO `warehouse_product` (`id`, `product_id`, `warehouse_id`, `inventory`, `total_import`, `total_export`, `start_date`, `expired_date`) VALUES (28, 28, 28, 9461, 28723, 967, '1994-01-22 19:35:39', '1970-09-01 07:44:49');
INSERT INTO `warehouse_product` (`id`, `product_id`, `warehouse_id`, `inventory`, `total_import`, `total_export`, `start_date`, `expired_date`) VALUES (29, 29, 29, 2221, 2, 0, '2002-12-31 06:28:33', '1979-01-18 19:43:47');
INSERT INTO `warehouse_product` (`id`, `product_id`, `warehouse_id`, `inventory`, `total_import`, `total_export`, `start_date`, `expired_date`) VALUES (30, 30, 30, 6469, 164418, 16777215, '1971-11-10 20:04:05', '2008-11-23 02:18:42');
INSERT INTO `warehouse_product` (`id`, `product_id`, `warehouse_id`, `inventory`, `total_import`, `total_export`, `start_date`, `expired_date`) VALUES (31, 31, 31, 0, 0, 14559, '1987-09-09 00:47:33', '2014-09-07 15:17:15');
INSERT INTO `warehouse_product` (`id`, `product_id`, `warehouse_id`, `inventory`, `total_import`, `total_export`, `start_date`, `expired_date`) VALUES (32, 32, 32, 8388607, 0, 574, '2012-06-29 13:00:18', '2021-01-26 12:54:12');
INSERT INTO `warehouse_product` (`id`, `product_id`, `warehouse_id`, `inventory`, `total_import`, `total_export`, `start_date`, `expired_date`) VALUES (33, 33, 33, 227, 868839, 5935, '1991-12-11 04:55:38', '1997-11-18 11:55:19');
INSERT INTO `warehouse_product` (`id`, `product_id`, `warehouse_id`, `inventory`, `total_import`, `total_export`, `start_date`, `expired_date`) VALUES (34, 34, 34, 8388607, 0, 16777215, '2015-06-22 19:42:49', '1973-07-26 21:07:51');
INSERT INTO `warehouse_product` (`id`, `product_id`, `warehouse_id`, `inventory`, `total_import`, `total_export`, `start_date`, `expired_date`) VALUES (35, 35, 35, 86026, 92, 16777215, '1977-01-31 05:02:58', '1987-05-22 23:41:02');
INSERT INTO `warehouse_product` (`id`, `product_id`, `warehouse_id`, `inventory`, `total_import`, `total_export`, `start_date`, `expired_date`) VALUES (36, 36, 36, 8388607, 600, 965694, '1982-06-11 09:27:18', '2011-03-20 10:16:24');
INSERT INTO `warehouse_product` (`id`, `product_id`, `warehouse_id`, `inventory`, `total_import`, `total_export`, `start_date`, `expired_date`) VALUES (37, 37, 37, 7, 305426, 0, '2015-10-04 06:57:46', '1984-04-30 12:49:22');
INSERT INTO `warehouse_product` (`id`, `product_id`, `warehouse_id`, `inventory`, `total_import`, `total_export`, `start_date`, `expired_date`) VALUES (38, 38, 38, 0, 808, 16777215, '2002-07-20 07:56:28', '2016-05-30 21:17:19');
INSERT INTO `warehouse_product` (`id`, `product_id`, `warehouse_id`, `inventory`, `total_import`, `total_export`, `start_date`, `expired_date`) VALUES (39, 39, 39, 6, 5279, 177, '1993-01-26 15:21:35', '2014-08-28 17:18:53');
INSERT INTO `warehouse_product` (`id`, `product_id`, `warehouse_id`, `inventory`, `total_import`, `total_export`, `start_date`, `expired_date`) VALUES (40, 40, 40, 0, 53116, 9, '1980-11-14 09:47:29', '1970-08-24 04:57:18');
INSERT INTO `warehouse_product` (`id`, `product_id`, `warehouse_id`, `inventory`, `total_import`, `total_export`, `start_date`, `expired_date`) VALUES (41, 41, 41, 502, 9, 16777215, '1996-07-22 05:26:03', '1991-03-01 17:35:43');
INSERT INTO `warehouse_product` (`id`, `product_id`, `warehouse_id`, `inventory`, `total_import`, `total_export`, `start_date`, `expired_date`) VALUES (42, 42, 42, 91, 698546, 63, '1979-04-19 20:44:35', '2008-02-05 19:48:22');
INSERT INTO `warehouse_product` (`id`, `product_id`, `warehouse_id`, `inventory`, `total_import`, `total_export`, `start_date`, `expired_date`) VALUES (43, 43, 43, 0, 16777215, 6143, '1981-01-13 03:44:18', '1975-06-02 09:44:58');
INSERT INTO `warehouse_product` (`id`, `product_id`, `warehouse_id`, `inventory`, `total_import`, `total_export`, `start_date`, `expired_date`) VALUES (44, 44, 44, 270279, 68, 2173, '2006-12-01 09:41:24', '1970-08-14 14:29:59');
INSERT INTO `warehouse_product` (`id`, `product_id`, `warehouse_id`, `inventory`, `total_import`, `total_export`, `start_date`, `expired_date`) VALUES (45, 45, 45, 3, 16777215, 0, '2020-01-27 08:48:43', '2018-10-06 12:33:58');
INSERT INTO `warehouse_product` (`id`, `product_id`, `warehouse_id`, `inventory`, `total_import`, `total_export`, `start_date`, `expired_date`) VALUES (46, 46, 46, 539736, 985814, 961024, '1981-07-16 12:32:45', '2008-09-23 06:18:47');
INSERT INTO `warehouse_product` (`id`, `product_id`, `warehouse_id`, `inventory`, `total_import`, `total_export`, `start_date`, `expired_date`) VALUES (47, 47, 47, 70, 898071, 6, '2020-04-08 11:08:10', '1973-10-11 23:01:31');
INSERT INTO `warehouse_product` (`id`, `product_id`, `warehouse_id`, `inventory`, `total_import`, `total_export`, `start_date`, `expired_date`) VALUES (48, 48, 48, 93291, 3520779, 845047, '1999-01-08 19:05:00', '2007-02-22 21:48:49');
INSERT INTO `warehouse_product` (`id`, `product_id`, `warehouse_id`, `inventory`, `total_import`, `total_export`, `start_date`, `expired_date`) VALUES (49, 49, 49, 33, 1362, 16777215, '1998-11-20 10:13:06', '1982-06-18 17:42:52');
INSERT INTO `warehouse_product` (`id`, `product_id`, `warehouse_id`, `inventory`, `total_import`, `total_export`, `start_date`, `expired_date`) VALUES (50, 50, 50, 5379854, 10, 91, '2011-06-17 17:50:31', '2021-12-13 14:45:42');
INSERT INTO `warehouse_product` (`id`, `product_id`, `warehouse_id`, `inventory`, `total_import`, `total_export`, `start_date`, `expired_date`) VALUES (51, 51, 51, 20880, 0, 12, '1986-03-24 07:09:37', '1975-08-30 12:00:00');
INSERT INTO `warehouse_product` (`id`, `product_id`, `warehouse_id`, `inventory`, `total_import`, `total_export`, `start_date`, `expired_date`) VALUES (52, 52, 52, 8388607, 16777215, 2050490, '2007-02-19 04:59:06', '1980-10-18 17:32:11');
INSERT INTO `warehouse_product` (`id`, `product_id`, `warehouse_id`, `inventory`, `total_import`, `total_export`, `start_date`, `expired_date`) VALUES (53, 53, 53, 14667, 16777215, 415, '1987-06-05 16:31:31', '1981-09-28 03:47:18');
INSERT INTO `warehouse_product` (`id`, `product_id`, `warehouse_id`, `inventory`, `total_import`, `total_export`, `start_date`, `expired_date`) VALUES (54, 54, 54, 3930817, 8, 6, '2019-01-21 01:50:53', '2019-11-13 10:24:36');
INSERT INTO `warehouse_product` (`id`, `product_id`, `warehouse_id`, `inventory`, `total_import`, `total_export`, `start_date`, `expired_date`) VALUES (55, 55, 55, 0, 798536, 39, '1990-05-07 01:58:50', '2007-07-02 15:01:53');
INSERT INTO `warehouse_product` (`id`, `product_id`, `warehouse_id`, `inventory`, `total_import`, `total_export`, `start_date`, `expired_date`) VALUES (56, 56, 56, 0, 0, 3804, '2011-10-04 23:57:21', '1979-02-22 16:18:56');
INSERT INTO `warehouse_product` (`id`, `product_id`, `warehouse_id`, `inventory`, `total_import`, `total_export`, `start_date`, `expired_date`) VALUES (57, 57, 57, 0, 16777215, 0, '1983-09-20 11:28:35', '1984-08-24 01:31:18');
INSERT INTO `warehouse_product` (`id`, `product_id`, `warehouse_id`, `inventory`, `total_import`, `total_export`, `start_date`, `expired_date`) VALUES (58, 58, 58, 704320, 270, 16777215, '2013-07-06 04:26:48', '1996-12-13 00:38:27');
INSERT INTO `warehouse_product` (`id`, `product_id`, `warehouse_id`, `inventory`, `total_import`, `total_export`, `start_date`, `expired_date`) VALUES (59, 59, 59, 85809, 25785, 351, '1995-09-17 17:49:31', '2016-08-02 05:27:37');
INSERT INTO `warehouse_product` (`id`, `product_id`, `warehouse_id`, `inventory`, `total_import`, `total_export`, `start_date`, `expired_date`) VALUES (60, 60, 60, 639, 0, 0, '1986-10-21 10:11:08', '2014-02-02 04:33:10');
INSERT INTO `warehouse_product` (`id`, `product_id`, `warehouse_id`, `inventory`, `total_import`, `total_export`, `start_date`, `expired_date`) VALUES (61, 61, 61, 6471, 3, 1983239, '1991-04-22 20:33:31', '1986-05-22 07:14:35');
INSERT INTO `warehouse_product` (`id`, `product_id`, `warehouse_id`, `inventory`, `total_import`, `total_export`, `start_date`, `expired_date`) VALUES (62, 62, 62, 146532, 3148, 6086, '2002-10-15 02:20:36', '2012-08-05 07:25:05');
INSERT INTO `warehouse_product` (`id`, `product_id`, `warehouse_id`, `inventory`, `total_import`, `total_export`, `start_date`, `expired_date`) VALUES (63, 63, 63, 78, 8, 6258835, '2006-04-24 21:13:15', '2019-06-01 02:30:03');
INSERT INTO `warehouse_product` (`id`, `product_id`, `warehouse_id`, `inventory`, `total_import`, `total_export`, `start_date`, `expired_date`) VALUES (64, 64, 64, 4563, 16777215, 61102, '2022-03-08 19:40:04', '2001-05-28 03:58:43');
INSERT INTO `warehouse_product` (`id`, `product_id`, `warehouse_id`, `inventory`, `total_import`, `total_export`, `start_date`, `expired_date`) VALUES (65, 65, 65, 77086, 5, 0, '1984-07-17 12:16:49', '1972-05-01 16:07:45');
INSERT INTO `warehouse_product` (`id`, `product_id`, `warehouse_id`, `inventory`, `total_import`, `total_export`, `start_date`, `expired_date`) VALUES (66, 66, 66, 780, 4, 16777215, '2013-09-21 12:43:47', '2018-09-04 20:59:14');
INSERT INTO `warehouse_product` (`id`, `product_id`, `warehouse_id`, `inventory`, `total_import`, `total_export`, `start_date`, `expired_date`) VALUES (67, 67, 67, 51167, 8194418, 3, '2016-08-12 19:59:05', '2002-07-07 20:23:37');
INSERT INTO `warehouse_product` (`id`, `product_id`, `warehouse_id`, `inventory`, `total_import`, `total_export`, `start_date`, `expired_date`) VALUES (68, 68, 68, 42958, 7, 16777215, '2000-07-03 15:34:07', '1984-09-05 06:21:42');
INSERT INTO `warehouse_product` (`id`, `product_id`, `warehouse_id`, `inventory`, `total_import`, `total_export`, `start_date`, `expired_date`) VALUES (69, 69, 69, 4, 0, 98275, '1983-03-15 06:14:51', '2002-06-01 12:32:51');
INSERT INTO `warehouse_product` (`id`, `product_id`, `warehouse_id`, `inventory`, `total_import`, `total_export`, `start_date`, `expired_date`) VALUES (70, 70, 70, 7, 576, 6, '1983-01-13 10:48:49', '1998-04-21 21:25:13');
INSERT INTO `warehouse_product` (`id`, `product_id`, `warehouse_id`, `inventory`, `total_import`, `total_export`, `start_date`, `expired_date`) VALUES (71, 71, 71, 80913, 90546, 45854, '2013-03-31 10:59:39', '1977-01-07 12:07:28');
INSERT INTO `warehouse_product` (`id`, `product_id`, `warehouse_id`, `inventory`, `total_import`, `total_export`, `start_date`, `expired_date`) VALUES (72, 72, 72, 8388607, 4858951, 16777215, '2021-09-13 16:50:01', '1997-05-23 06:47:20');
INSERT INTO `warehouse_product` (`id`, `product_id`, `warehouse_id`, `inventory`, `total_import`, `total_export`, `start_date`, `expired_date`) VALUES (73, 73, 73, 8388607, 30225, 16777215, '2007-07-14 12:12:25', '1990-04-12 12:28:21');
INSERT INTO `warehouse_product` (`id`, `product_id`, `warehouse_id`, `inventory`, `total_import`, `total_export`, `start_date`, `expired_date`) VALUES (74, 74, 74, 617, 25, 16327, '2012-07-05 23:09:57', '2015-01-07 10:44:18');
INSERT INTO `warehouse_product` (`id`, `product_id`, `warehouse_id`, `inventory`, `total_import`, `total_export`, `start_date`, `expired_date`) VALUES (75, 75, 75, 26, 5387, 5612366, '2008-10-17 14:21:06', '1984-03-29 05:37:58');
INSERT INTO `warehouse_product` (`id`, `product_id`, `warehouse_id`, `inventory`, `total_import`, `total_export`, `start_date`, `expired_date`) VALUES (76, 76, 76, 90963, 163, 210, '2014-01-09 01:59:51', '2012-03-18 15:46:35');
INSERT INTO `warehouse_product` (`id`, `product_id`, `warehouse_id`, `inventory`, `total_import`, `total_export`, `start_date`, `expired_date`) VALUES (77, 77, 77, 8388607, 47, 786121, '1975-06-22 16:55:43', '1971-09-14 13:59:44');
INSERT INTO `warehouse_product` (`id`, `product_id`, `warehouse_id`, `inventory`, `total_import`, `total_export`, `start_date`, `expired_date`) VALUES (78, 78, 78, 3, 1730962, 56, '1977-01-24 03:35:45', '1973-10-03 05:58:34');
INSERT INTO `warehouse_product` (`id`, `product_id`, `warehouse_id`, `inventory`, `total_import`, `total_export`, `start_date`, `expired_date`) VALUES (79, 79, 79, 8388607, 0, 70509, '2011-11-19 21:15:43', '1988-07-07 11:04:14');
INSERT INTO `warehouse_product` (`id`, `product_id`, `warehouse_id`, `inventory`, `total_import`, `total_export`, `start_date`, `expired_date`) VALUES (80, 80, 80, 20, 0, 16777215, '1979-01-25 22:04:39', '2015-08-15 15:28:38');
INSERT INTO `warehouse_product` (`id`, `product_id`, `warehouse_id`, `inventory`, `total_import`, `total_export`, `start_date`, `expired_date`) VALUES (81, 81, 81, 3478947, 377, 2, '2002-06-20 19:22:38', '1980-04-07 18:51:10');
INSERT INTO `warehouse_product` (`id`, `product_id`, `warehouse_id`, `inventory`, `total_import`, `total_export`, `start_date`, `expired_date`) VALUES (82, 82, 82, 8388607, 4, 24, '2022-05-11 02:16:36', '1991-04-13 16:04:26');
INSERT INTO `warehouse_product` (`id`, `product_id`, `warehouse_id`, `inventory`, `total_import`, `total_export`, `start_date`, `expired_date`) VALUES (83, 83, 83, 8388607, 16777215, 51279, '2021-05-17 12:48:24', '2011-02-02 23:32:08');
INSERT INTO `warehouse_product` (`id`, `product_id`, `warehouse_id`, `inventory`, `total_import`, `total_export`, `start_date`, `expired_date`) VALUES (84, 84, 84, 543, 88598, 9, '1999-02-10 16:11:52', '2020-02-24 19:38:26');
INSERT INTO `warehouse_product` (`id`, `product_id`, `warehouse_id`, `inventory`, `total_import`, `total_export`, `start_date`, `expired_date`) VALUES (85, 85, 85, 0, 4765367, 51597, '1983-04-12 11:33:01', '2015-09-18 16:55:49');
INSERT INTO `warehouse_product` (`id`, `product_id`, `warehouse_id`, `inventory`, `total_import`, `total_export`, `start_date`, `expired_date`) VALUES (86, 86, 86, 75, 49, 606373, '2004-01-02 20:31:01', '1976-02-09 11:32:04');
INSERT INTO `warehouse_product` (`id`, `product_id`, `warehouse_id`, `inventory`, `total_import`, `total_export`, `start_date`, `expired_date`) VALUES (87, 87, 87, 4418226, 998, 0, '1994-06-06 15:55:46', '1980-10-08 14:19:02');
INSERT INTO `warehouse_product` (`id`, `product_id`, `warehouse_id`, `inventory`, `total_import`, `total_export`, `start_date`, `expired_date`) VALUES (88, 88, 88, 961905, 16777215, 0, '1973-11-07 14:39:03', '1995-07-22 17:54:38');
INSERT INTO `warehouse_product` (`id`, `product_id`, `warehouse_id`, `inventory`, `total_import`, `total_export`, `start_date`, `expired_date`) VALUES (89, 89, 89, 2694644, 8390449, 754919, '2012-09-20 17:11:52', '2019-09-15 15:11:19');
INSERT INTO `warehouse_product` (`id`, `product_id`, `warehouse_id`, `inventory`, `total_import`, `total_export`, `start_date`, `expired_date`) VALUES (90, 90, 90, 13333, 9322, 54, '2003-12-11 08:51:44', '2003-09-17 17:59:05');
INSERT INTO `warehouse_product` (`id`, `product_id`, `warehouse_id`, `inventory`, `total_import`, `total_export`, `start_date`, `expired_date`) VALUES (91, 91, 91, 832, 2634, 2598, '1999-05-19 14:44:36', '1982-08-29 03:16:19');
INSERT INTO `warehouse_product` (`id`, `product_id`, `warehouse_id`, `inventory`, `total_import`, `total_export`, `start_date`, `expired_date`) VALUES (92, 92, 92, 86, 819, 11, '1981-01-30 07:36:59', '1998-12-01 07:48:55');
INSERT INTO `warehouse_product` (`id`, `product_id`, `warehouse_id`, `inventory`, `total_import`, `total_export`, `start_date`, `expired_date`) VALUES (93, 93, 93, 21867, 16777215, 711736, '1997-12-26 11:40:45', '1999-04-04 05:39:17');
INSERT INTO `warehouse_product` (`id`, `product_id`, `warehouse_id`, `inventory`, `total_import`, `total_export`, `start_date`, `expired_date`) VALUES (94, 94, 94, 0, 7775, 296, '2015-02-14 20:25:17', '2021-08-12 11:50:40');
INSERT INTO `warehouse_product` (`id`, `product_id`, `warehouse_id`, `inventory`, `total_import`, `total_export`, `start_date`, `expired_date`) VALUES (95, 95, 95, 9, 2353778, 686, '1994-01-23 22:52:59', '1977-07-09 17:41:50');
INSERT INTO `warehouse_product` (`id`, `product_id`, `warehouse_id`, `inventory`, `total_import`, `total_export`, `start_date`, `expired_date`) VALUES (96, 96, 96, 0, 16777215, 16777215, '2021-10-08 23:13:42', '2021-12-30 13:12:17');
INSERT INTO `warehouse_product` (`id`, `product_id`, `warehouse_id`, `inventory`, `total_import`, `total_export`, `start_date`, `expired_date`) VALUES (97, 97, 97, 9, 16777215, 0, '1979-08-26 21:12:53', '2014-01-22 03:15:16');
INSERT INTO `warehouse_product` (`id`, `product_id`, `warehouse_id`, `inventory`, `total_import`, `total_export`, `start_date`, `expired_date`) VALUES (98, 98, 98, 10153, 0, 0, '2017-03-22 08:49:13', '2016-01-10 12:51:59');
INSERT INTO `warehouse_product` (`id`, `product_id`, `warehouse_id`, `inventory`, `total_import`, `total_export`, `start_date`, `expired_date`) VALUES (99, 99, 99, 760, 901, 121, '2006-06-12 13:55:25', '1999-08-27 11:34:05');
INSERT INTO `warehouse_product` (`id`, `product_id`, `warehouse_id`, `inventory`, `total_import`, `total_export`, `start_date`, `expired_date`) VALUES (100, 100, 100, 8388607, 13610927, 16777215, '1973-05-23 06:02:33', '1995-11-19 08:14:22');
INSERT INTO `warehouse_product` (`id`, `product_id`, `warehouse_id`, `inventory`, `total_import`, `total_export`, `start_date`, `expired_date`) VALUES (101, 101, 1, 0, 1, 798, '1990-07-12 08:01:05', '1979-04-06 10:56:48');
INSERT INTO `warehouse_product` (`id`, `product_id`, `warehouse_id`, `inventory`, `total_import`, `total_export`, `start_date`, `expired_date`) VALUES (102, 102, 2, 45347, 6, 0, '2017-08-03 14:03:12', '1999-12-30 10:09:52');
INSERT INTO `warehouse_product` (`id`, `product_id`, `warehouse_id`, `inventory`, `total_import`, `total_export`, `start_date`, `expired_date`) VALUES (103, 103, 3, 5388954, 9848323, 9, '1999-12-31 19:19:22', '2018-06-19 12:19:50');
INSERT INTO `warehouse_product` (`id`, `product_id`, `warehouse_id`, `inventory`, `total_import`, `total_export`, `start_date`, `expired_date`) VALUES (104, 104, 4, 7781, 0, 133641, '2004-12-13 10:33:32', '1984-10-06 11:52:11');
INSERT INTO `warehouse_product` (`id`, `product_id`, `warehouse_id`, `inventory`, `total_import`, `total_export`, `start_date`, `expired_date`) VALUES (105, 105, 5, 94, 9367402, 14597019, '1994-12-15 00:07:48', '2003-01-19 00:15:49');
INSERT INTO `warehouse_product` (`id`, `product_id`, `warehouse_id`, `inventory`, `total_import`, `total_export`, `start_date`, `expired_date`) VALUES (106, 106, 6, 0, 255952, 4475, '2005-03-15 22:14:29', '2003-12-24 02:17:28');
INSERT INTO `warehouse_product` (`id`, `product_id`, `warehouse_id`, `inventory`, `total_import`, `total_export`, `start_date`, `expired_date`) VALUES (107, 107, 7, 30, 0, 4, '2000-01-29 03:48:03', '1985-08-28 07:08:19');
INSERT INTO `warehouse_product` (`id`, `product_id`, `warehouse_id`, `inventory`, `total_import`, `total_export`, `start_date`, `expired_date`) VALUES (108, 108, 8, 21, 46, 861, '1972-05-31 10:06:29', '1997-11-15 02:53:14');
INSERT INTO `warehouse_product` (`id`, `product_id`, `warehouse_id`, `inventory`, `total_import`, `total_export`, `start_date`, `expired_date`) VALUES (109, 109, 9, 8388607, 2436, 15, '1974-07-04 03:00:09', '2008-12-22 23:27:05');
INSERT INTO `warehouse_product` (`id`, `product_id`, `warehouse_id`, `inventory`, `total_import`, `total_export`, `start_date`, `expired_date`) VALUES (110, 110, 10, 455407, 135, 745595, '1989-05-12 16:16:05', '1986-12-18 06:41:04');
INSERT INTO `warehouse_product` (`id`, `product_id`, `warehouse_id`, `inventory`, `total_import`, `total_export`, `start_date`, `expired_date`) VALUES (111, 111, 11, 490270, 16777215, 0, '2002-12-10 16:41:40', '1998-01-28 16:26:41');
INSERT INTO `warehouse_product` (`id`, `product_id`, `warehouse_id`, `inventory`, `total_import`, `total_export`, `start_date`, `expired_date`) VALUES (112, 112, 12, 737, 16777215, 4651927, '2007-04-08 12:34:37', '2007-10-21 21:51:24');
INSERT INTO `warehouse_product` (`id`, `product_id`, `warehouse_id`, `inventory`, `total_import`, `total_export`, `start_date`, `expired_date`) VALUES (113, 113, 13, 8388607, 16777215, 124, '1970-02-07 08:33:47', '2003-06-30 05:00:14');
INSERT INTO `warehouse_product` (`id`, `product_id`, `warehouse_id`, `inventory`, `total_import`, `total_export`, `start_date`, `expired_date`) VALUES (114, 114, 14, 55, 6, 525, '1994-04-06 04:14:31', '2018-05-10 10:26:47');
INSERT INTO `warehouse_product` (`id`, `product_id`, `warehouse_id`, `inventory`, `total_import`, `total_export`, `start_date`, `expired_date`) VALUES (115, 115, 15, 0, 4456, 8, '1990-05-29 21:20:50', '2011-06-19 19:09:54');
INSERT INTO `warehouse_product` (`id`, `product_id`, `warehouse_id`, `inventory`, `total_import`, `total_export`, `start_date`, `expired_date`) VALUES (116, 116, 16, 2179, 0, 8540672, '2020-01-19 05:00:57', '2008-03-23 05:39:54');
INSERT INTO `warehouse_product` (`id`, `product_id`, `warehouse_id`, `inventory`, `total_import`, `total_export`, `start_date`, `expired_date`) VALUES (117, 117, 17, 298914, 4332486, 3, '2013-11-06 04:20:50', '1978-08-12 12:36:52');
INSERT INTO `warehouse_product` (`id`, `product_id`, `warehouse_id`, `inventory`, `total_import`, `total_export`, `start_date`, `expired_date`) VALUES (118, 118, 18, 8388607, 83050, 1, '1973-06-10 20:04:30', '2016-06-21 13:04:49');
INSERT INTO `warehouse_product` (`id`, `product_id`, `warehouse_id`, `inventory`, `total_import`, `total_export`, `start_date`, `expired_date`) VALUES (119, 119, 19, 8388607, 16777215, 22, '1976-11-05 16:58:03', '1991-09-04 09:16:41');
INSERT INTO `warehouse_product` (`id`, `product_id`, `warehouse_id`, `inventory`, `total_import`, `total_export`, `start_date`, `expired_date`) VALUES (120, 120, 20, 1, 16777215, 852, '2017-11-26 20:27:20', '1990-11-12 04:40:33');
INSERT INTO `warehouse_product` (`id`, `product_id`, `warehouse_id`, `inventory`, `total_import`, `total_export`, `start_date`, `expired_date`) VALUES (121, 121, 21, 0, 1514650, 446, '2003-12-03 21:02:40', '1975-08-30 09:18:56');
INSERT INTO `warehouse_product` (`id`, `product_id`, `warehouse_id`, `inventory`, `total_import`, `total_export`, `start_date`, `expired_date`) VALUES (122, 122, 22, 0, 16777215, 25, '2005-09-09 15:03:56', '1977-09-28 08:27:11');
INSERT INTO `warehouse_product` (`id`, `product_id`, `warehouse_id`, `inventory`, `total_import`, `total_export`, `start_date`, `expired_date`) VALUES (123, 123, 23, 0, 60, 6053532, '1977-10-27 05:46:53', '1984-03-24 05:50:41');
INSERT INTO `warehouse_product` (`id`, `product_id`, `warehouse_id`, `inventory`, `total_import`, `total_export`, `start_date`, `expired_date`) VALUES (124, 124, 24, 8388607, 94761, 18, '2016-11-21 21:50:17', '1970-08-18 06:33:07');
INSERT INTO `warehouse_product` (`id`, `product_id`, `warehouse_id`, `inventory`, `total_import`, `total_export`, `start_date`, `expired_date`) VALUES (125, 125, 25, 1, 81, 92501, '1973-08-26 16:42:30', '1982-04-09 23:12:08');
INSERT INTO `warehouse_product` (`id`, `product_id`, `warehouse_id`, `inventory`, `total_import`, `total_export`, `start_date`, `expired_date`) VALUES (126, 126, 26, 17538, 16777215, 84278, '1993-07-02 12:52:05', '1997-04-12 09:00:12');
INSERT INTO `warehouse_product` (`id`, `product_id`, `warehouse_id`, `inventory`, `total_import`, `total_export`, `start_date`, `expired_date`) VALUES (127, 127, 27, 36036, 46912, 0, '2004-01-17 04:23:33', '2012-08-15 07:13:27');
INSERT INTO `warehouse_product` (`id`, `product_id`, `warehouse_id`, `inventory`, `total_import`, `total_export`, `start_date`, `expired_date`) VALUES (128, 128, 28, 460290, 98, 0, '1982-10-16 19:43:12', '1975-09-19 09:42:47');
INSERT INTO `warehouse_product` (`id`, `product_id`, `warehouse_id`, `inventory`, `total_import`, `total_export`, `start_date`, `expired_date`) VALUES (129, 129, 29, 0, 308, 980870, '1994-05-29 12:35:54', '1990-04-03 19:45:14');
INSERT INTO `warehouse_product` (`id`, `product_id`, `warehouse_id`, `inventory`, `total_import`, `total_export`, `start_date`, `expired_date`) VALUES (130, 130, 30, 54, 16777215, 0, '2010-08-07 14:05:19', '2002-06-28 09:28:28');
INSERT INTO `warehouse_product` (`id`, `product_id`, `warehouse_id`, `inventory`, `total_import`, `total_export`, `start_date`, `expired_date`) VALUES (131, 131, 31, 86503, 25993, 4, '2013-11-10 14:21:19', '1999-12-12 08:13:02');
INSERT INTO `warehouse_product` (`id`, `product_id`, `warehouse_id`, `inventory`, `total_import`, `total_export`, `start_date`, `expired_date`) VALUES (132, 132, 32, 11, 0, 3, '2000-06-08 00:33:26', '1983-02-04 13:22:25');
INSERT INTO `warehouse_product` (`id`, `product_id`, `warehouse_id`, `inventory`, `total_import`, `total_export`, `start_date`, `expired_date`) VALUES (133, 133, 33, 8388607, 68843, 66, '1979-02-07 21:27:29', '2012-05-23 23:46:51');
INSERT INTO `warehouse_product` (`id`, `product_id`, `warehouse_id`, `inventory`, `total_import`, `total_export`, `start_date`, `expired_date`) VALUES (134, 134, 34, 0, 216936, 289, '2007-03-12 02:18:16', '1988-07-19 04:29:53');
INSERT INTO `warehouse_product` (`id`, `product_id`, `warehouse_id`, `inventory`, `total_import`, `total_export`, `start_date`, `expired_date`) VALUES (135, 135, 35, 8388607, 93033, 7543684, '1991-01-02 06:38:21', '2015-06-10 20:49:08');
INSERT INTO `warehouse_product` (`id`, `product_id`, `warehouse_id`, `inventory`, `total_import`, `total_export`, `start_date`, `expired_date`) VALUES (136, 136, 36, 0, 30, 16777215, '2013-11-03 07:24:24', '1981-12-07 05:51:40');
INSERT INTO `warehouse_product` (`id`, `product_id`, `warehouse_id`, `inventory`, `total_import`, `total_export`, `start_date`, `expired_date`) VALUES (137, 137, 37, 1593, 48, 28, '1979-09-20 22:58:38', '1970-12-09 13:54:52');
INSERT INTO `warehouse_product` (`id`, `product_id`, `warehouse_id`, `inventory`, `total_import`, `total_export`, `start_date`, `expired_date`) VALUES (138, 138, 38, 89, 933, 16777215, '1988-04-09 15:50:07', '1997-04-16 02:39:31');
INSERT INTO `warehouse_product` (`id`, `product_id`, `warehouse_id`, `inventory`, `total_import`, `total_export`, `start_date`, `expired_date`) VALUES (139, 139, 39, 8388607, 1793012, 16777215, '2014-12-22 18:39:47', '1978-06-15 20:49:35');
INSERT INTO `warehouse_product` (`id`, `product_id`, `warehouse_id`, `inventory`, `total_import`, `total_export`, `start_date`, `expired_date`) VALUES (140, 140, 40, 7359, 16777215, 324783, '2018-02-06 03:54:21', '1977-02-20 10:20:47');
INSERT INTO `warehouse_product` (`id`, `product_id`, `warehouse_id`, `inventory`, `total_import`, `total_export`, `start_date`, `expired_date`) VALUES (141, 141, 41, 785077, 16777215, 6818301, '2015-02-28 16:28:36', '2017-05-28 21:14:20');
INSERT INTO `warehouse_product` (`id`, `product_id`, `warehouse_id`, `inventory`, `total_import`, `total_export`, `start_date`, `expired_date`) VALUES (142, 142, 42, 303, 847, 6, '1998-03-26 01:35:04', '2009-04-11 16:41:00');
INSERT INTO `warehouse_product` (`id`, `product_id`, `warehouse_id`, `inventory`, `total_import`, `total_export`, `start_date`, `expired_date`) VALUES (143, 143, 43, 237955, 650762, 0, '1989-05-29 20:40:41', '1987-12-30 20:42:35');
INSERT INTO `warehouse_product` (`id`, `product_id`, `warehouse_id`, `inventory`, `total_import`, `total_export`, `start_date`, `expired_date`) VALUES (144, 144, 44, 636, 3, 68863, '1981-12-13 11:00:15', '1998-06-25 21:16:27');
INSERT INTO `warehouse_product` (`id`, `product_id`, `warehouse_id`, `inventory`, `total_import`, `total_export`, `start_date`, `expired_date`) VALUES (145, 145, 45, 43, 363, 1813996, '1971-07-14 11:23:28', '2005-08-26 06:59:38');
INSERT INTO `warehouse_product` (`id`, `product_id`, `warehouse_id`, `inventory`, `total_import`, `total_export`, `start_date`, `expired_date`) VALUES (146, 146, 46, 8388607, 547, 0, '1977-09-15 00:37:32', '2020-01-28 06:13:45');
INSERT INTO `warehouse_product` (`id`, `product_id`, `warehouse_id`, `inventory`, `total_import`, `total_export`, `start_date`, `expired_date`) VALUES (147, 147, 47, 8388607, 915801, 4778076, '1975-01-29 11:52:16', '2000-08-04 04:53:20');
INSERT INTO `warehouse_product` (`id`, `product_id`, `warehouse_id`, `inventory`, `total_import`, `total_export`, `start_date`, `expired_date`) VALUES (148, 148, 48, 8388607, 0, 7, '1978-01-28 12:18:43', '1985-03-29 16:48:01');
INSERT INTO `warehouse_product` (`id`, `product_id`, `warehouse_id`, `inventory`, `total_import`, `total_export`, `start_date`, `expired_date`) VALUES (149, 149, 49, 8388607, 272451, 16777215, '2001-01-31 02:27:09', '1981-11-30 08:27:25');
INSERT INTO `warehouse_product` (`id`, `product_id`, `warehouse_id`, `inventory`, `total_import`, `total_export`, `start_date`, `expired_date`) VALUES (150, 150, 50, 727, 7492492, 9349, '2012-01-14 15:51:31', '1998-06-26 18:11:03');
INSERT INTO `warehouse_product` (`id`, `product_id`, `warehouse_id`, `inventory`, `total_import`, `total_export`, `start_date`, `expired_date`) VALUES (151, 151, 51, 978, 16, 3, '2002-02-01 20:35:00', '1987-02-10 01:46:22');
INSERT INTO `warehouse_product` (`id`, `product_id`, `warehouse_id`, `inventory`, `total_import`, `total_export`, `start_date`, `expired_date`) VALUES (152, 152, 52, 26, 930089, 51, '1976-01-01 02:32:12', '2019-08-21 16:41:45');
INSERT INTO `warehouse_product` (`id`, `product_id`, `warehouse_id`, `inventory`, `total_import`, `total_export`, `start_date`, `expired_date`) VALUES (153, 153, 53, 8388607, 0, 260878, '2004-10-26 13:50:23', '2016-01-17 20:46:57');
INSERT INTO `warehouse_product` (`id`, `product_id`, `warehouse_id`, `inventory`, `total_import`, `total_export`, `start_date`, `expired_date`) VALUES (154, 154, 54, 0, 16777215, 0, '2015-10-21 17:42:52', '2014-12-21 16:27:56');
INSERT INTO `warehouse_product` (`id`, `product_id`, `warehouse_id`, `inventory`, `total_import`, `total_export`, `start_date`, `expired_date`) VALUES (155, 155, 55, 8553, 9, 16777215, '2010-11-07 20:25:25', '2016-05-24 10:44:41');
INSERT INTO `warehouse_product` (`id`, `product_id`, `warehouse_id`, `inventory`, `total_import`, `total_export`, `start_date`, `expired_date`) VALUES (156, 156, 56, 6871494, 12, 26, '2017-01-21 17:23:41', '2004-08-19 01:04:57');
INSERT INTO `warehouse_product` (`id`, `product_id`, `warehouse_id`, `inventory`, `total_import`, `total_export`, `start_date`, `expired_date`) VALUES (157, 157, 57, 888, 16777215, 976782, '1981-07-12 01:33:50', '1971-07-22 16:26:06');
INSERT INTO `warehouse_product` (`id`, `product_id`, `warehouse_id`, `inventory`, `total_import`, `total_export`, `start_date`, `expired_date`) VALUES (158, 158, 58, 92, 44460, 996528, '2004-08-06 03:43:41', '2017-04-24 06:49:50');
INSERT INTO `warehouse_product` (`id`, `product_id`, `warehouse_id`, `inventory`, `total_import`, `total_export`, `start_date`, `expired_date`) VALUES (159, 159, 59, 8388607, 16777215, 58475, '1987-08-31 19:38:57', '1989-02-23 18:51:51');
INSERT INTO `warehouse_product` (`id`, `product_id`, `warehouse_id`, `inventory`, `total_import`, `total_export`, `start_date`, `expired_date`) VALUES (160, 160, 60, 8388607, 892854, 53675, '2016-06-10 12:48:46', '1985-12-08 09:27:57');
INSERT INTO `warehouse_product` (`id`, `product_id`, `warehouse_id`, `inventory`, `total_import`, `total_export`, `start_date`, `expired_date`) VALUES (161, 161, 61, 8388607, 13025, 32, '1994-01-23 12:11:02', '1985-09-08 12:43:12');
INSERT INTO `warehouse_product` (`id`, `product_id`, `warehouse_id`, `inventory`, `total_import`, `total_export`, `start_date`, `expired_date`) VALUES (162, 162, 62, 1740863, 462074, 636, '1990-05-09 13:48:39', '2000-11-29 09:43:37');
INSERT INTO `warehouse_product` (`id`, `product_id`, `warehouse_id`, `inventory`, `total_import`, `total_export`, `start_date`, `expired_date`) VALUES (163, 163, 63, 4858, 4627, 30949, '1978-10-31 23:15:28', '2011-07-23 10:46:03');
INSERT INTO `warehouse_product` (`id`, `product_id`, `warehouse_id`, `inventory`, `total_import`, `total_export`, `start_date`, `expired_date`) VALUES (164, 164, 64, 8388607, 397947, 16777215, '1982-09-11 05:59:47', '2005-06-03 01:17:11');
INSERT INTO `warehouse_product` (`id`, `product_id`, `warehouse_id`, `inventory`, `total_import`, `total_export`, `start_date`, `expired_date`) VALUES (165, 165, 65, 902, 6, 927, '1980-05-30 14:33:19', '1971-11-23 03:41:12');
INSERT INTO `warehouse_product` (`id`, `product_id`, `warehouse_id`, `inventory`, `total_import`, `total_export`, `start_date`, `expired_date`) VALUES (166, 166, 66, 4666, 4834960, 230, '2006-06-09 08:33:34', '1980-11-13 06:47:34');
INSERT INTO `warehouse_product` (`id`, `product_id`, `warehouse_id`, `inventory`, `total_import`, `total_export`, `start_date`, `expired_date`) VALUES (167, 167, 67, 218548, 7, 16777215, '1974-04-25 11:03:45', '1989-09-03 10:31:19');
INSERT INTO `warehouse_product` (`id`, `product_id`, `warehouse_id`, `inventory`, `total_import`, `total_export`, `start_date`, `expired_date`) VALUES (168, 168, 68, 0, 60876, 16777215, '2019-10-29 06:01:35', '2000-03-18 10:49:46');
INSERT INTO `warehouse_product` (`id`, `product_id`, `warehouse_id`, `inventory`, `total_import`, `total_export`, `start_date`, `expired_date`) VALUES (169, 169, 69, 59006, 5012947, 76947, '2001-09-04 14:48:21', '2000-08-29 16:06:54');
INSERT INTO `warehouse_product` (`id`, `product_id`, `warehouse_id`, `inventory`, `total_import`, `total_export`, `start_date`, `expired_date`) VALUES (170, 170, 70, 521, 4817061, 85, '1989-07-15 00:31:28', '1987-12-03 10:57:02');
INSERT INTO `warehouse_product` (`id`, `product_id`, `warehouse_id`, `inventory`, `total_import`, `total_export`, `start_date`, `expired_date`) VALUES (171, 171, 71, 8388607, 286039, 68078, '2014-06-28 16:37:48', '1981-06-13 10:27:02');
INSERT INTO `warehouse_product` (`id`, `product_id`, `warehouse_id`, `inventory`, `total_import`, `total_export`, `start_date`, `expired_date`) VALUES (172, 172, 72, 799, 16777215, 57, '2021-11-07 04:37:22', '1996-06-17 03:28:38');
INSERT INTO `warehouse_product` (`id`, `product_id`, `warehouse_id`, `inventory`, `total_import`, `total_export`, `start_date`, `expired_date`) VALUES (173, 173, 73, 672643, 16777215, 2429, '1992-08-09 05:13:19', '1987-12-12 23:13:24');
INSERT INTO `warehouse_product` (`id`, `product_id`, `warehouse_id`, `inventory`, `total_import`, `total_export`, `start_date`, `expired_date`) VALUES (174, 174, 74, 0, 1043, 0, '2008-01-19 16:41:56', '1979-09-08 22:13:42');
INSERT INTO `warehouse_product` (`id`, `product_id`, `warehouse_id`, `inventory`, `total_import`, `total_export`, `start_date`, `expired_date`) VALUES (175, 175, 75, 430, 2551, 6527, '2011-12-17 07:36:07', '1978-04-02 03:36:18');
INSERT INTO `warehouse_product` (`id`, `product_id`, `warehouse_id`, `inventory`, `total_import`, `total_export`, `start_date`, `expired_date`) VALUES (176, 176, 76, 0, 7475, 719, '1982-12-04 23:50:15', '1995-08-21 03:32:14');
INSERT INTO `warehouse_product` (`id`, `product_id`, `warehouse_id`, `inventory`, `total_import`, `total_export`, `start_date`, `expired_date`) VALUES (177, 177, 77, 56, 799119, 747, '1972-11-10 02:38:26', '1974-09-27 12:24:56');
INSERT INTO `warehouse_product` (`id`, `product_id`, `warehouse_id`, `inventory`, `total_import`, `total_export`, `start_date`, `expired_date`) VALUES (178, 178, 78, 4923357, 16777215, 62888, '2007-04-22 07:26:38', '2008-01-17 04:20:20');
INSERT INTO `warehouse_product` (`id`, `product_id`, `warehouse_id`, `inventory`, `total_import`, `total_export`, `start_date`, `expired_date`) VALUES (179, 179, 79, 8388607, 342086, 0, '1998-04-28 05:58:56', '2006-05-28 10:31:31');
INSERT INTO `warehouse_product` (`id`, `product_id`, `warehouse_id`, `inventory`, `total_import`, `total_export`, `start_date`, `expired_date`) VALUES (180, 180, 80, 0, 3, 47959, '1974-07-22 18:49:19', '1983-03-21 22:11:19');
INSERT INTO `warehouse_product` (`id`, `product_id`, `warehouse_id`, `inventory`, `total_import`, `total_export`, `start_date`, `expired_date`) VALUES (181, 181, 81, 44, 16777215, 5945728, '1996-09-03 18:05:31', '1995-01-25 19:55:37');
INSERT INTO `warehouse_product` (`id`, `product_id`, `warehouse_id`, `inventory`, `total_import`, `total_export`, `start_date`, `expired_date`) VALUES (182, 182, 82, 5622, 0, 0, '1977-10-14 09:50:44', '1971-12-15 20:24:49');
INSERT INTO `warehouse_product` (`id`, `product_id`, `warehouse_id`, `inventory`, `total_import`, `total_export`, `start_date`, `expired_date`) VALUES (183, 183, 83, 681, 3067851, 16777215, '2002-07-18 17:50:56', '2014-10-19 20:23:53');
INSERT INTO `warehouse_product` (`id`, `product_id`, `warehouse_id`, `inventory`, `total_import`, `total_export`, `start_date`, `expired_date`) VALUES (184, 184, 84, 136323, 16777215, 7899116, '1997-05-05 22:46:41', '2011-02-11 16:29:39');
INSERT INTO `warehouse_product` (`id`, `product_id`, `warehouse_id`, `inventory`, `total_import`, `total_export`, `start_date`, `expired_date`) VALUES (185, 185, 85, 8388607, 6526504, 54, '1977-04-18 06:18:19', '2016-02-20 07:41:11');
INSERT INTO `warehouse_product` (`id`, `product_id`, `warehouse_id`, `inventory`, `total_import`, `total_export`, `start_date`, `expired_date`) VALUES (186, 186, 86, 8388607, 50, 2, '1982-11-24 22:46:36', '2010-12-04 03:59:02');
INSERT INTO `warehouse_product` (`id`, `product_id`, `warehouse_id`, `inventory`, `total_import`, `total_export`, `start_date`, `expired_date`) VALUES (187, 187, 87, 8388607, 461539, 654087, '1988-06-19 20:34:14', '2018-09-04 16:31:42');
INSERT INTO `warehouse_product` (`id`, `product_id`, `warehouse_id`, `inventory`, `total_import`, `total_export`, `start_date`, `expired_date`) VALUES (188, 188, 88, 12536, 16777215, 16777215, '1974-03-09 20:00:55', '1989-02-09 08:09:46');
INSERT INTO `warehouse_product` (`id`, `product_id`, `warehouse_id`, `inventory`, `total_import`, `total_export`, `start_date`, `expired_date`) VALUES (189, 189, 89, 0, 16777215, 317777, '1979-09-26 21:39:09', '1981-04-15 01:31:56');
INSERT INTO `warehouse_product` (`id`, `product_id`, `warehouse_id`, `inventory`, `total_import`, `total_export`, `start_date`, `expired_date`) VALUES (190, 190, 90, 549, 5236, 572, '2004-06-02 17:25:25', '2012-09-02 14:13:32');
INSERT INTO `warehouse_product` (`id`, `product_id`, `warehouse_id`, `inventory`, `total_import`, `total_export`, `start_date`, `expired_date`) VALUES (191, 191, 91, 3, 1791025, 6529, '2008-11-29 03:42:43', '2006-02-17 12:01:40');
INSERT INTO `warehouse_product` (`id`, `product_id`, `warehouse_id`, `inventory`, `total_import`, `total_export`, `start_date`, `expired_date`) VALUES (192, 192, 92, 8388607, 9222323, 177240, '2011-06-09 07:36:02', '1999-08-15 22:34:27');
INSERT INTO `warehouse_product` (`id`, `product_id`, `warehouse_id`, `inventory`, `total_import`, `total_export`, `start_date`, `expired_date`) VALUES (193, 193, 93, 332, 1, 740545, '2020-07-09 05:17:17', '1991-02-18 03:00:03');
INSERT INTO `warehouse_product` (`id`, `product_id`, `warehouse_id`, `inventory`, `total_import`, `total_export`, `start_date`, `expired_date`) VALUES (194, 194, 94, 225, 16777215, 16777215, '1992-05-14 11:37:15', '2012-04-02 01:08:30');
INSERT INTO `warehouse_product` (`id`, `product_id`, `warehouse_id`, `inventory`, `total_import`, `total_export`, `start_date`, `expired_date`) VALUES (195, 195, 95, 8101, 0, 16777215, '2021-04-05 01:33:19', '2017-12-09 03:42:15');
INSERT INTO `warehouse_product` (`id`, `product_id`, `warehouse_id`, `inventory`, `total_import`, `total_export`, `start_date`, `expired_date`) VALUES (196, 196, 96, 0, 7196, 747, '1978-04-04 02:52:57', '1980-12-09 11:15:28');
INSERT INTO `warehouse_product` (`id`, `product_id`, `warehouse_id`, `inventory`, `total_import`, `total_export`, `start_date`, `expired_date`) VALUES (197, 197, 97, 0, 6380440, 16777215, '2009-02-06 06:31:31', '1993-11-15 09:21:03');
INSERT INTO `warehouse_product` (`id`, `product_id`, `warehouse_id`, `inventory`, `total_import`, `total_export`, `start_date`, `expired_date`) VALUES (198, 198, 98, 24629, 6058, 5, '1972-05-25 21:25:18', '2006-11-22 02:22:25');
INSERT INTO `warehouse_product` (`id`, `product_id`, `warehouse_id`, `inventory`, `total_import`, `total_export`, `start_date`, `expired_date`) VALUES (199, 199, 99, 2, 16777215, 98, '2012-04-09 00:06:22', '1987-05-24 12:44:34');
INSERT INTO `warehouse_product` (`id`, `product_id`, `warehouse_id`, `inventory`, `total_import`, `total_export`, `start_date`, `expired_date`) VALUES (200, 200, 100, 685462, 277414, 961157, '1972-03-13 01:02:22', '2008-11-05 01:24:46');

SET FOREIGN_KEY_CHECKS=1;